1526 50
a -0.330753 -0.681346 1.009870 1.529004 0.622596 1.164718 0.044326 -0.011439 -0.372006 -0.049103 1.156650 0.728983 -1.523384 1.040464 -0.265190 -0.695153 1.780799 -1.960639 0.114449 0.383996 1.397510 -0.786941 0.790850 1.233244 0.606365 -0.897174 -0.465208 -0.076506 0.879209 0.693436 0.229698 -0.254590 -0.353241 -0.232403 -1.329555 -0.569100 0.347700 0.978149 -1.506123 -1.005221 -0.084616 0.183197 0.674429 0.544728 0.878865 0.537040 -0.766189 -0.078869 -0.482125 -1.913082
aboard -0.497852 0.048228 0.338623 -0.034491 0.236272 -0.215479 0.176235 -0.154584 -0.434992 0.008527 0.122540 0.066538 0.368882 -0.251359 0.182675 0.149811 -0.397824 -0.049929 -0.164400 -0.099818 0.107784 -0.085699 0.090050 -0.278097 0.099271 -0.330453 -0.228618 -0.244971 -0.027587 0.218138 -0.215398 -0.049677 -0.202318 -0.057869 -0.410580 -0.050626 0.052792 0.088537 -0.532966 0.117860 0.240499 -0.289749 -0.234394 -0.196732 0.012532 -0.256928 0.025571 -0.065269 0.085568 -0.277895
about -0.669602 0.456099 0.823095 0.361250 -0.365132 -0.438887 -0.552987 -0.271681 -0.843668 0.102309 -0.280932 0.091784 0.000150 -0.335593 0.573131 0.124555 -0.358903 -0.275477 0.019799 0.075685 0.615322 0.207200 0.100019 0.272177 0.165691 -0.031943 -0.060633 -0.412441 -0.669006 0.526152 -0.606122 -0.511564 -0.236185 -0.365295 0.666359 -0.355228 0.753069 0.810565 0.090008 -0.287354 0.454474 0.055708 0.193924 -0.811051 0.344876 0.127413 -0.072654 -0.046155 0.031176 -0.178407
above -0.507502 -0.285699 0.588216 -0.507949 -0.036143 -0.329638 -0.359437 -0.006848 -0.344401 0.141277 -0.182920 0.292074 -0.007939 -0.268750 0.146992 0.321860 -0.137452 0.018870 0.304862 0.187201 0.131218 0.108944 0.016700 -0.185396 0.262699 -0.297942 0.054478 -0.246975 -0.099036 0.103365 -0.050824 0.230847 -0.228004 -0.112684 -0.279910 0.012221 0.115659 0.707142 0.109874 -0.069909 0.044084 -0.141427 -0.192413 -0.516650 -0.073501 -0.434979 0.206541 0.110616 0.102160 -0.310523
abruptly -0.034314 -0.150989 0.523184 -0.457728 0.218235 -0.307393 0.035695 -0.022402 -0.242379 0.066493 0.301362 0.186903 -0.003448 -0.294761 0.592417 0.155792 -0.256610 0.208676 0.405131 -0.186586 0.013577 0.041904 -0.212990 -0.482019 0.137964 0.020718 0.045852 0.230644 0.311745 0.343381 -0.103962 0.011754 -0.168061 -0.011007 -0.037523 -0.267913 0.359339 0.439713 -0.217283 0.132860 -0.219613 -0.351944 -0.017137 -0.008516 -0.165617 -0.354590 -0.090712 0.323983 -0.085707 -0.199790
access -0.228552 0.541012 0.282812 0.615070 0.093860 0.415567 0.711846 -0.540770 -0.415826 0.220470 0.589348 0.020069 -0.236734 -0.683549 0.233458 0.301359 -0.051567 0.172735 -0.188613 0.238515 -0.037443 -0.266683 -0.351007 -0.066882 0.257973 -0.756446 0.048688 -0.046122 -0.048018 0.578453 -0.209916 -0.529436 -0.025602 -0.328337 -0.015020 -0.351376 0.250758 0.141467 -0.436447 -0.320487 -0.369293 -0.494361 -0.500170 -0.011811 0.122339 0.180549 -0.145890 0.598196 0.028955 -0.167929
accident -0.187895 0.045438 0.323144 0.070145 0.133224 -0.021533 0.096924 -0.059705 -0.243387 -0.146511 0.116992 0.003969 -0.178219 -0.169366 0.145984 0.153448 -0.019559 0.162545 0.107051 0.151996 0.151259 -0.319333 -0.001577 -0.074172 0.268402 -0.203724 0.177749 -0.040471 0.012112 0.239941 -0.171450 0.129791 -0.144642 -0.112361 -0.001871 -0.147719 0.086854 0.143948 -0.306923 -0.020447 -0.029072 -0.141357 -0.129416 -0.178629 0.026783 -0.119765 -0.027275 0.122654 -0.013122 -0.122670
across -0.547717 -0.456830 0.730299 -0.794810 0.089543 -0.766616 -0.111646 -0.223423 -0.527173 0.085813 0.144997 0.633443 0.259948 -0.516017 0.455218 0.674298 -0.236569 0.136836 0.749423 0.115028 0.006887 0.081103 -0.090811 -0.238605 0.113178 -0.920438 -0.025589 -0.594180 0.140651 -0.173045 -0.153542 0.258881 -0.239879 -0.404653 -0.336579 0.468275 0.486961 0.801518 -0.207679 -0.056770 -0.330643 -0.614050 0.018339 -0.548254 0.200160 -0.516904 0.484477 0.138577 -0.014595 -0.418920
action -0.070408 0.200956 0.226109 0.229063 0.104253 0.289227 0.348156 -0.375868 -0.221205 0.101257 0.332009 -0.155563 -0.227490 -0.149607 0.035569 0.236274 0.007132 0.203491 0.017424 0.049482 -0.053084 -0.223520 -0.102459 -0.003195 0.217997 -0.341783 0.094360 0.001573 -0.019552 0.230813 0.130574 -0.228148 -0.184855 -0.173693 -0.146119 -0.181436 0.132996 -0.032056 -0.211080 -0.063394 -0.200416 -0.169024 -0.406419 0.017952 -0.022082 0.072817 -0.026912 0.372872 -0.039427 -0.097825
added -0.324721 -0.305126 0.478042 0.056251 0.249684 -0.361290 0.220335 -0.175105 -0.134108 0.024027 0.395425 -0.048045 0.272859 -0.197357 0.452869 -0.098033 -0.673645 -0.111002 -0.437108 -0.396470 -0.014478 0.051624 -0.161070 -0.535667 -0.226014 -0.093265 -0.344243 0.571771 0.235393 0.513122 -0.197055 -0.283272 0.124277 0.037530 -0.489642 -0.765700 0.243660 0.144118 -0.899048 0.080205 0.003045 -0.342642 -0.149563 0.114271 0.217113 -0.246748 -0.577209 0.025638 -0.107730 -0.546434
additional -0.186552 0.000579 0.305180 -0.052545 0.080202 -0.086227 0.058180 -0.016196 -0.131506 -0.044436 -0.103121 0.136214 -0.128461 -0.093028 0.144280 0.191173 -0.146682 0.037084 0.022650 0.319701 -0.082021 -0.094983 -0.094756 -0.074048 -0.013338 -0.159991 0.064675 0.025719 0.002937 0.111413 -0.075205 0.151763 -0.035793 -0.089825 0.032020 -0.203935 -0.012908 0.221011 -0.108054 -0.079018 0.003764 0.028810 -0.141810 -0.232460 0.069958 -0.065792 0.121533 -0.062202 0.025941 -0.153623
admiration -0.082481 0.034565 0.268415 0.162126 -0.010833 -0.023637 0.204466 -0.107624 -0.033594 -0.028905 0.487055 -0.021249 -0.210552 -0.070083 0.095067 0.135427 -0.113706 0.106274 -0.048074 -0.007716 -0.070533 -0.061101 0.076289 -0.137536 0.124142 -0.199495 0.156178 -0.000971 0.017723 0.046740 0.073719 0.125017 -0.086687 -0.171450 -0.049539 -0.057710 -0.006296 0.191970 -0.304405 -0.037767 -0.072280 -0.044391 -0.304489 -0.097349 0.167666 -0.140132 0.076625 0.112804 -0.033979 -0.044706
advantage 0.025758 0.126234 0.165800 0.341139 0.032863 0.150144 0.312170 -0.264133 -0.154098 0.014444 0.365036 0.010516 -0.051913 -0.224627 0.124224 0.132977 -0.056074 0.116656 -0.037088 -0.019987 0.067475 -0.145566 0.015427 -0.058559 0.130442 -0.359270 0.119826 -0.230402 0.075004 0.139025 -0.014652 -0.136954 -0.209110 -0.233561 0.018670 0.018649 0.245754 0.013858 -0.209015 0.039698 -0.070666 -0.145983 -0.195563 -0.027538 0.090466 0.014005 -0.016622 0.202786 0.022337 -0.094040
afraid -0.505883 0.311772 0.355988 0.806872 -0.022229 0.191447 0.309839 -0.361428 -0.307887 -0.403758 0.711208 -0.176642 -0.059154 -0.468522 -0.270941 -0.212425 -0.250501 0.442483 -0.678889 -0.089286 -0.060074 -0.589534 0.269073 0.064066 0.476266 -0.610837 0.389180 -0.200731 -0.800711 0.495290 -0.230639 -0.113850 -0.187822 -0.523987 -0.041129 -0.354484 0.169490 -0.070483 -1.188693 -0.016632 0.380833 -0.126554 -0.544054 -0.398333 0.155869 -0.203038 -0.357648 0.150578 0.164116 -0.308104
aft -0.337688 -0.178212 0.259222 0.127852 0.116123 -0.021577 -0.060122 -0.100229 -0.271959 0.066933 0.061534 -0.008593 0.285519 -0.175142 0.095214 0.137370 -0.245465 -0.113826 -0.097600 -0.120371 0.183027 -0.152691 0.078300 -0.160638 0.135904 -0.279063 -0.133360 -0.123335 0.062581 0.148428 -0.089064 -0.046236 -0.072918 -0.079436 -0.550467 -0.155102 0.130831 0.107091 -0.411396 0.172273 0.094164 -0.262553 -0.239998 -0.129530 0.005839 -0.229896 -0.135741 0.111110 0.130469 -0.294019
after -0.659931 -0.275279 0.193889 -0.821096 0.143878 -0.885802 -0.345124 -0.111349 -0.923259 -0.236548 -0.755351 0.589152 0.086708 -0.172216 0.056422 0.230353 -0.567818 -0.006006 0.526898 -0.059818 -0.390366 0.422764 0.064624 -0.145378 -0.008324 -0.600509 -0.189274 -0.182806 -0.302065 -0.375078 -0.074904 0.035765 -0.242279 -0.221839 -0.042242 0.254219 -0.013619 0.457382 -0.636919 -0.145874 -0.137869 -0.414187 0.212854 -0.932945 0.239589 -0.016633 0.050540 -0.208869 0.120131 -0.328661
afternoon -0.122170 -0.136870 0.929477 -0.241400 0.332305 -0.233330 0.197625 -0.205554 -0.318707 -0.187658 0.179323 0.006469 -0.394825 -0.283575 0.411955 0.375196 -0.097471 0.504275 0.274364 0.110237 -0.176392 -0.351949 -0.237379 -0.373711 0.207010 -0.183701 0.366603 0.247350 -0.085049 0.573358 0.100431 -0.013950 -0.364374 -0.149751 0.153663 -0.532425 0.325862 0.350177 -0.536257 -0.110699 -0.127013 -0.233863 -0.392186 -0.189756 -0.081352 -0.283321 -0.063975 0.342221 -0.164049 -0.373520
afterward -0.612653 0.132850 0.359015 -0.091413 0.319076 -0.304610 0.185685 -0.287657 -0.573472 -0.101638 -0.135819 0.162526 -0.147646 -0.060001 0.512170 0.223499 -0.478618 -0.172626 0.009499 0.076679 -0.009039 -0.329782 -0.161546 -0.100441 -0.107831 -0.172020 -0.309894 0.403318 0.084297 0.342006 -0.178893 -0.174965 -0.029333 -0.158083 -0.008224 -0.334733 0.143300 -0.025692 -0.709668 -0.121152 -0.155311 -0.298920 0.066628 -0.459327 0.269269 0.206051 -0.126476 -0.048121 -0.016717 -0.235669
again -0.273844 -0.040698 0.220721 -0.154760 0.232482 -0.149540 -0.441628 0.036314 -0.497021 0.370845 0.552327 -0.044887 0.278444 -0.204826 0.324854 -0.030053 -0.699632 0.093144 0.139174 -0.550512 -0.058331 0.377843 0.278880 -0.411286 0.323628 -0.021718 -0.360226 0.287269 0.246766 0.160653 -0.247010 -0.121672 -0.327996 -0.373951 -0.600880 -0.273196 0.481027 0.581703 -0.569596 0.189524 -0.115357 -0.830127 -0.232577 -0.345374 -0.032385 -0.248518 -0.527094 0.435436 0.274180 -0.059506
against -0.488945 0.145449 0.735822 -0.785332 -0.100913 -1.133482 -0.015855 -0.152688 -0.636375 -0.089069 0.197347 -0.092291 -0.158638 -0.000024 0.493210 0.303257 -0.475086 0.294870 0.334822 0.129890 -0.072144 0.403233 -0.044505 -0.124232 0.021011 -0.188750 -0.135314 0.033915 -0.232795 -0.107567 -0.517102 0.502443 -0.155941 -0.106302 0.441272 -0.109856 0.131698 0.617154 -0.237153 -0.235199 -0.017668 -0.217171 0.124619 -0.566428 0.457569 -0.442491 0.142748 -0.343144 -0.266863 -0.195729
ago -0.285828 -0.160965 0.254920 0.152260 0.118914 0.034760 0.013989 -0.216795 -0.299055 -0.193930 -0.004670 0.042907 -0.074147 -0.062800 0.126902 0.156158 -0.088515 -0.154993 0.054658 -0.023558 0.208165 -0.307187 0.041690 -0.001354 0.142653 -0.229841 -0.049654 0.044238 0.039292 0.262341 0.026084 -0.048505 -0.016021 -0.007798 -0.311418 -0.189402 0.050731 -0.020641 -0.440457 0.059154 -0.095286 -0.125161 -0.161842 -0.134850 0.073979 0.055325 -0.184132 0.194255 0.098310 -0.184384
agree -0.186019 0.388058 0.263940 0.275513 0.188216 0.148650 0.322461 -0.509566 -0.436220 0.372384 0.096929 -0.066480 -0.190747 -0.289130 0.389813 0.107214 -0.382464 0.042247 -0.133416 -0.079446 -0.146188 -0.023298 -0.290632 -0.092691 0.040014 -0.202663 -0.225524 0.384301 0.080906 0.364336 -0.120665 -0.560004 -0.035046 -0.175860 0.088744 -0.385241 0.314476 0.052932 -0.295783 -0.084398 -0.188929 -0.334128 -0.150221 -0.065492 0.095185 0.212966 -0.094903 0.274470 -0.043798 -0.309893
agreed -0.150806 0.148895 0.163526 0.205782 0.102319 0.074009 0.152758 -0.244999 -0.126774 0.093495 0.171986 0.025050 0.072021 -0.236880 0.230383 0.009726 -0.351098 -0.128761 -0.149801 -0.290147 0.070822 0.048734 -0.129010 -0.242760 -0.119739 -0.133934 -0.274467 0.223026 0.170407 0.267815 -0.008407 -0.425804 0.016045 -0.049179 -0.018514 -0.223348 0.212644 0.011006 -0.325918 0.108003 -0.047399 -0.238907 -0.064910 0.111605 0.112661 0.092101 -0.024930 0.132628 0.051291 -0.298736
agreement -0.432217 0.608862 0.677479 0.182433 0.067023 -0.018508 0.405306 -0.543232 -0.609888 0.104757 0.244445 -0.303309 -0.701164 -0.115857 0.650551 0.343625 -0.489890 0.306266 0.121380 0.404516 -0.318324 -0.225010 -0.067493 -0.044466 0.272023 -0.196481 0.204720 0.530359 -0.285655 0.397655 -0.037953 -0.089036 -0.147572 -0.422919 0.567858 -0.696130 0.402637 0.297037 -0.383164 -0.265915 -0.206171 -0.241451 -0.413707 -0.625274 0.239475 0.070908 0.093304 0.316384 -0.062771 -0.006081
ah -0.258612 0.026505 0.392621 -0.084520 0.079468 -0.241952 0.075712 -0.085896 -0.194315 0.034390 0.062035 0.193399 0.135423 -0.328078 0.183435 0.292636 -0.350353 0.043632 0.110713 0.108796 0.075544 -0.188567 -0.053201 -0.125393 0.128465 -0.226677 -0.015070 -0.180415 0.180514 0.011699 -0.353125 0.205279 -0.082073 -0.106165 -0.175513 0.048553 -0.100260 0.237614 -0.251899 -0.003935 -0.097346 -0.174154 -0.261368 -0.218596 0.039418 -0.211921 0.103361 0.022125 -0.091275 -0.110145
ahead -0.451846 0.150543 0.433806 -0.091066 -0.067619 -0.204099 -0.011152 -0.173518 -0.549974 -0.064324 0.231181 0.111123 -0.126151 -0.167787 0.159929 0.268655 -0.200120 0.057817 0.096921 0.101132 -0.175959 -0.105707 -0.018803 -0.029622 0.214968 -0.257155 0.005142 -0.090441 -0.310424 0.113365 -0.004111 0.132372 -0.124421 -0.276291 -0.053973 -0.024359 0.059854 0.299982 -0.398338 -0.078924 -0.003063 -0.221013 -0.252297 -0.470199 0.134000 -0.114247 -0.011481 0.134197 0.059113 0.005154
ain -1.239360 0.822954 0.274799 0.586364 0.218432 0.184727 0.153896 -0.299965 -0.508956 -0.276006 -0.165229 -0.121401 -0.032877 -0.352487 0.247192 -0.087273 -1.000185 -0.161106 -0.673838 0.388732 0.148508 -0.685902 0.150910 0.202088 0.120127 0.273266 -0.313891 0.677455 -0.309444 0.658641 -0.480822 -0.229925 -0.326236 -0.587450 0.339993 -0.657137 0.164374 -0.254037 -1.058520 0.073240 0.360510 -0.195281 -0.200126 -0.744323 0.079003 0.238938 -0.496043 -0.177496 0.186394 -0.187697
air -0.154507 -0.160059 1.277627 -0.305540 0.269172 -0.319938 0.585630 0.179033 0.048732 -0.301387 0.684199 0.139051 -0.486318 -0.723919 0.554229 0.130706 -0.068334 0.588367 0.369632 0.055880 0.186367 -0.373635 -0.436862 -0.568710 0.369387 0.049770 0.599949 0.140739 0.002344 0.795839 0.081546 0.281758 -0.174649 -0.034141 0.271628 -0.472808 0.304908 0.298597 -0.657547 -0.277063 0.243801 -0.349453 -0.607575 0.297622 -0.542285 -0.748437 0.125092 0.397382 -0.226754 -0.491007
alaska -0.088236 0.199883 0.125895 0.402243 0.214272 0.395195 0.247656 -0.180519 -0.196062 -0.027901 0.127281 -0.173285 -0.142039 -0.113703 0.102193 0.072799 -0.052684 0.116317 -0.027235 0.004055 0.053526 -0.364522 -0.016634 0.005410 0.236276 -0.097963 0.061606 0.067181 0.018022 0.299560 0.038397 -0.251914 -0.143252 -0.133206 -0.041841 -0.242743 0.146708 -0.207826 -0.216981 0.091140 0.038749 -0.175219 -0.338660 0.044313 -0.145118 0.143869 -0.060580 0.245756 0.114771 -0.087256
alive -0.147908 -0.043515 0.040421 0.386018 -0.085553 0.194733 -0.218358 -0.079102 -0.021899 0.027671 -0.059009 -0.248932 0.074688 0.004052 -0.164506 -0.037534 -0.236777 -0.046811 -0.250479 -0.136539 0.182151 -0.153405 0.173995 -0.020886 0.137586 -0.065975 -0.015731 0.108804 0.070409 0.094102 -0.153699 -0.007054 -0.149718 -0.136837 -0.296694 -0.302855 0.055753 -0.014875 -0.259302 0.218679 0.193867 0.062294 -0.209161 -0.020976 0.005380 -0.040064 -0.273941 0.067250 0.076341 -0.247188
all 0.090751 0.452211 0.651385 0.504362 0.455670 -0.108676 0.482974 -0.137451 -0.423378 0.181414 -0.131059 -0.358580 -0.024755 0.053493 0.350462 0.484538 -0.707801 0.776464 -1.121996 0.399845 -0.104459 0.517631 0.555610 -0.490886 -0.064875 -0.693201 0.494668 -0.135966 -0.463501 0.030052 -0.088156 -0.778371 -0.646091 -0.320164 0.317319 -0.803112 0.379362 0.551823 -0.244011 -0.149194 0.732740 0.429558 -1.499141 -0.879227 0.677325 -0.111754 0.776120 -0.158293 0.454366 -0.720688
almost -0.335385 -0.024527 0.391249 -0.118137 0.150427 -0.243318 -0.181936 -0.107757 -0.352348 -0.172833 -0.066221 -0.171115 0.028035 -0.084675 0.289081 0.005819 -0.299308 0.179882 0.065393 -0.135799 0.034524 -0.212716 0.048249 -0.107146 0.165181 0.052838 -0.036796 0.302704 -0.100458 0.337557 -0.092058 -0.031597 -0.176785 -0.127167 0.081614 -0.408989 0.387866 -0.081597 -0.603185 0.015015 0.322746 -0.312266 -0.004717 -0.212345 -0.135767 -0.171932 -0.238341 0.011879 0.039716 -0.276002
alone -0.587391 0.258930 0.364515 -0.191345 -0.069784 -0.163923 0.020848 -0.337557 -0.624325 0.106287 -0.210169 0.052175 -0.057838 -0.364813 0.126532 0.332227 -0.491509 -0.062898 0.201040 -0.176272 0.096917 0.138534 -0.227279 -0.209128 0.091654 -0.414954 -0.233404 0.101358 0.040356 0.006443 0.014044 -0.155489 -0.134433 -0.094053 -0.050048 -0.165480 0.087257 0.012695 -0.426057 0.054624 0.017450 -0.339316 -0.196921 -0.274301 0.016358 -0.005498 0.149577 0.239866 0.211310 -0.463774
along -0.480455 -0.335948 0.672718 -0.458349 0.437767 -0.339345 0.115731 0.182589 -0.248115 -0.088527 0.267918 0.346126 0.192321 -0.604796 0.511852 -0.045058 -0.401581 0.143702 0.275568 -0.183902 0.040069 0.079965 -0.135250 -0.553119 0.076485 -0.119820 -0.059898 -0.043571 -0.069764 0.404520 0.031825 -0.116977 0.097135 -0.043150 -0.263082 -0.186937 0.494534 0.537694 -0.312556 0.034629 0.097575 -0.728164 -0.296278 -0.061012 -0.263351 -0.601583 0.223439 0.140992 0.223692 -0.282429
alongside -0.101799 -0.205028 0.468372 -0.135080 0.131765 -0.191231 -0.097469 -0.056807 -0.327239 -0.072498 0.194279 0.106047 0.098485 -0.099236 0.195032 0.151804 0.096798 0.075776 0.195990 0.044999 0.159184 -0.066471 0.179856 0.025487 0.252517 -0.253727 0.005265 -0.278377 -0.234336 0.069492 -0.025247 0.017131 -0.036059 -0.049749 -0.122965 0.126095 0.219985 0.388658 -0.143460 -0.113597 0.054360 -0.211356 -0.128342 -0.270831 0.034405 -0.310440 0.096461 0.030315 0.071170 -0.171183
aloud -0.312570 -0.133144 0.259925 0.189957 0.190498 0.212126 0.015175 -0.121195 -0.077332 0.005630 0.124680 -0.041467 -0.185516 -0.225224 0.073189 0.270756 -0.212864 0.189230 -0.051677 0.003837 -0.060128 -0.440780 -0.002936 -0.238792 0.160479 -0.275208 0.166120 0.179475 0.151095 0.296705 0.074809 0.065210 -0.221446 -0.308015 -0.343852 -0.300613 0.104468 0.064386 -0.489280 0.145816 -0.105190 -0.240370 -0.478083 -0.174899 -0.064280 -0.068807 -0.123065 0.355839 0.139577 -0.199198
already -0.282613 0.038809 0.493991 -0.341473 0.202965 -0.369984 0.034218 -0.201672 -0.477375 -0.081747 -0.053910 0.115758 -0.036992 -0.153715 0.465854 0.282007 -0.147787 0.060232 0.302967 0.060425 0.110557 -0.056011 -0.151770 -0.064422 0.031306 -0.194524 -0.131498 0.089219 -0.044309 0.207862 -0.099368 -0.101481 -0.039365 -0.056385 0.171796 -0.129710 0.239540 0.205134 -0.256607 -0.132374 -0.134648 -0.280202 0.048058 -0.279857 0.117706 -0.054758 0.110625 0.030298 0.004680 -0.235781
also -0.168081 -0.223494 0.852895 0.021302 0.047368 -0.459946 0.231869 -0.020437 -0.377556 -0.404353 0.352164 -0.081791 0.234935 -0.391284 0.219008 0.088496 -0.100218 0.121619 -0.012326 -0.222000 0.395332 -0.332651 -0.107722 -0.442720 0.200135 -0.409733 0.150878 -0.156477 -0.162885 0.279850 -0.165134 0.147245 -0.001322 0.098658 -0.079417 -0.211453 0.178660 0.023615 -0.921748 0.024066 0.284374 -0.274477 -0.123666 0.130659 0.127188 -0.606014 -0.141221 -0.017944 -0.104600 -0.679178
always -0.287864 0.114971 0.320945 0.117691 0.219960 -0.128798 0.032092 -0.154819 -0.511417 -0.195783 0.088992 0.016358 0.264538 -0.402151 0.188773 -0.018851 -0.141810 0.053621 -0.219465 -0.193382 0.119056 -0.310251 -0.080383 -0.257895 0.138612 -0.269056 -0.192386 0.141921 -0.259587 0.433354 -0.264581 -0.260318 0.002703 -0.081240 0.045496 -0.238383 0.228209 0.037172 -0.802357 -0.035126 0.137028 -0.465325 0.039385 -0.156082 0.094892 -0.173547 -0.327086 0.061289 0.008597 -0.315019
am -0.752631 0.347254 0.539351 0.564631 0.211076 -0.556759 1.369714 -1.101727 -0.781483 -0.001874 0.618497 -0.795883 -0.269466 0.420002 0.623837 -0.100029 -1.041394 -0.125687 -0.719324 0.360158 -0.339994 -0.064398 -0.027386 0.160971 -0.212418 -0.494250 -0.669760 0.594298 0.046947 0.531611 -0.723301 -0.064841 -0.113309 -0.129818 -0.220429 -1.318960 0.237500 -0.489859 -1.244089 -0.571804 0.051052 -0.183336 -0.226017 0.030297 0.604752 0.245725 -1.036777 -0.480646 -0.758009 -0.414593
among -0.735642 0.230103 0.354316 -0.575022 0.128612 -0.299905 -0.244818 0.061613 -0.620421 0.164456 -0.367470 0.410889 0.226028 -0.430546 0.404395 0.473840 -0.128553 0.049939 0.344288 0.274390 0.180740 -0.274643 -0.244671 -0.258475 0.343726 -0.243800 -0.050000 -0.257877 0.005574 0.235918 -0.381122 0.310971 -0.193257 -0.169420 -0.119641 0.130314 0.060508 0.543172 0.136263 0.168065 0.005209 -0.252140 0.113486 -0.688557 -0.138948 -0.334078 0.364617 0.096713 0.216688 -0.024425
an -0.037999 0.222764 0.225286 0.645632 -0.391644 0.034855 0.440177 -0.770497 -1.069631 0.304401 0.371783 -0.992221 0.218711 0.466987 0.545941 0.106912 0.274599 -0.387299 -0.828853 0.463747 1.064468 -0.471642 0.261235 0.410005 0.577493 -0.554035 -0.198817 0.204208 -0.336450 -0.090507 -0.413383 0.155748 0.052439 -0.217149 -0.557817 -0.300213 0.394413 0.143504 0.360076 -0.310489 0.348072 0.611105 -0.096117 -0.517313 0.849789 -0.723230 -0.448828 -0.341490 -0.630096 -0.108283
anchor -0.230259 -0.065715 0.274842 0.041805 0.007053 -0.092939 0.010215 -0.000522 -0.184798 -0.271783 0.034861 -0.052650 0.025009 -0.205404 -0.038396 0.137747 -0.051338 0.285890 0.110688 0.067558 0.234409 -0.274392 0.110116 -0.050014 0.334193 -0.348206 0.328646 -0.360341 -0.063524 0.129023 -0.279651 0.313877 -0.254846 -0.159369 -0.031807 -0.069313 0.075605 0.184733 -0.259885 0.137203 0.232248 -0.052704 -0.251605 -0.126393 -0.089391 -0.284519 -0.017612 0.093379 0.021153 -0.126283
ancient -0.309617 0.025979 0.278539 0.063845 -0.025639 -0.159094 -0.128388 -0.238906 -0.211733 0.201559 0.117701 0.098463 -0.155699 -0.014381 0.189874 0.308158 -0.460477 -0.108038 -0.016712 -0.033496 -0.082683 0.004441 -0.023106 -0.227566 -0.034818 -0.182650 -0.059012 0.212511 0.355861 0.072957 -0.148076 0.120772 -0.195577 -0.299803 -0.195420 -0.241322 -0.024396 0.373307 -0.342087 0.150112 -0.342533 -0.003804 -0.072732 -0.361962 0.419985 0.040663 -0.107322 0.085654 -0.108380 -0.158828
and 1.137302 0.948490 0.086376 -0.665475 0.209997 -0.517845 0.361740 -0.643778 -1.754741 -1.001594 1.007985 -0.524941 0.439824 0.490561 0.965296 -0.038110 0.313316 0.491276 0.962095 -0.421711 0.341369 -0.448299 -0.063978 0.130161 1.125741 -0.511158 0.141125 -0.322991 -0.071707 -0.163858 -1.110357 0.291485 -0.784303 1.306164 -0.066696 0.098893 -0.480988 -0.833859 -0.128358 0.676444 -0.204848 0.586672 0.443843 -0.112630 0.090323 -0.114408 -0.545970 0.299314 0.228652 -0.084993
angry -0.230460 0.032151 0.414521 0.145380 0.101576 0.075126 -0.115070 -0.242078 -0.320082 0.145909 -0.035325 -0.134466 -0.019226 -0.156712 0.131578 0.360503 -0.214137 0.073942 0.167274 0.058147 0.194238 -0.325040 -0.001595 0.058224 0.333381 -0.219373 0.014719 0.064303 0.176437 0.138696 -0.142384 0.010986 -0.158649 -0.193453 -0.318099 -0.209409 0.051870 0.086433 -0.365356 0.036886 -0.167077 -0.152958 -0.350004 -0.226925 0.016874 -0.038629 -0.100312 0.232471 -0.000890 -0.240514
animal -0.226901 0.099419 0.763943 -0.125841 0.239887 -0.148823 0.244461 -0.174177 -0.356857 0.075428 0.351977 0.111930 -0.349386 -0.320837 0.443002 0.338442 -0.238186 0.211059 0.221957 0.121220 -0.143921 -0.264154 -0.231672 -0.348457 0.300675 -0.130829 0.215275 0.160851 0.038858 0.391543 0.011047 0.088470 -0.167910 -0.121250 -0.068828 -0.287910 0.026632 0.398317 -0.432062 -0.080005 -0.195355 -0.220188 -0.434302 -0.222377 -0.004278 -0.297074 0.117242 0.326036 -0.150012 -0.232785
another -0.152281 -0.446689 0.864375 0.532943 0.297084 0.317357 0.255475 -0.151855 -0.246176 -0.614361 0.115503 0.014128 -0.077395 -0.028801 -0.264012 0.220077 0.176402 0.023445 0.083399 0.128278 0.418419 -0.523608 0.313653 -0.009060 0.474686 -0.535988 0.314944 -0.491702 -0.087859 0.380503 0.184327 0.319060 -0.100719 -0.068954 -0.305937 -0.372877 -0.206052 0.071985 -0.729445 0.083827 0.322073 0.277623 -0.556296 0.036529 0.061155 -0.245284 0.069834 -0.202115 0.183543 -0.794899
answer -0.485804 0.314295 0.553599 -0.096748 0.080583 -0.128083 -0.376709 0.092717 -0.499960 -0.060161 -0.114087 0.223454 -0.319584 -0.378237 0.258500 0.006644 -0.229139 0.332004 0.401782 0.133185 0.046949 -0.298747 -0.089052 0.065296 0.434194 0.127573 0.151588 0.014669 -0.103752 0.455869 -0.326468 0.180125 -0.428531 -0.522512 0.472924 -0.180270 0.406932 0.420187 -0.278316 -0.006711 0.276609 -0.287771 0.054774 -0.538881 -0.269835 -0.079911 -0.058140 0.094228 0.091699 -0.054209
answered -0.648245 -0.462595 0.823107 -0.069041 -0.085679 -0.757545 -0.230961 -0.041003 -0.258869 -0.243213 0.080301 0.064903 -0.102232 -0.038536 0.424853 0.000493 -0.806674 -0.302019 -0.270672 -0.113987 -0.079059 -0.185471 -0.085497 -0.390707 -0.407456 0.132219 -0.285987 0.655455 0.067025 0.476733 -0.321343 0.201454 -0.082308 -0.165370 0.009948 -0.769023 0.324961 0.173358 -1.194930 -0.049615 0.337274 -0.161477 0.109604 -0.111513 0.243565 -0.391972 -0.574948 -0.259640 -0.472486 -0.559378
antonsen -0.276649 0.290448 0.195263 0.223191 0.097656 0.160028 0.300846 -0.323077 -0.486429 0.099212 0.226385 -0.210259 -0.121395 -0.195973 0.214883 0.247483 -0.037257 0.145693 0.219660 0.068674 0.149956 -0.286631 -0.062481 0.057415 0.432784 -0.407052 0.030543 -0.115332 0.059067 0.204998 -0.137366 -0.095857 -0.167205 -0.188179 -0.143876 -0.148212 0.296566 -0.043581 -0.171832 0.014476 -0.041260 -0.368049 -0.260625 -0.067004 -0.083830 -0.034871 -0.026125 0.316246 0.021748 -0.047030
any -0.096730 -0.258652 0.820683 0.854981 0.204122 0.773546 0.087126 -0.776792 -0.452800 -0.163958 -0.151226 -0.493258 0.104684 0.210288 -0.221540 0.633569 0.684167 -0.157074 -0.495611 0.813820 0.157683 -0.484676 0.373067 0.456448 0.120500 -1.174081 -0.240515 0.036547 -0.653864 0.511974 0.389443 -0.446323 0.235068 -0.045149 -0.365089 -1.040590 0.189245 0.168396 -0.648775 -0.594932 0.487770 0.363980 -0.621111 -0.196967 0.254036 0.168082 0.047044 -0.102260 0.627184 -1.383378
anything -0.424006 0.491066 0.499686 0.710541 -0.071455 0.521825 -0.124280 -0.491267 -0.689002 -0.078602 -0.041010 -0.791079 -0.571650 0.016560 -0.090417 0.404430 -0.050859 0.135165 -0.175797 0.216496 0.132166 -0.443575 0.254749 0.417363 0.543458 -0.271867 0.139900 0.458921 -0.616635 0.364248 0.199968 -0.408320 -0.136533 -0.219268 -0.035450 -0.742758 0.194954 -0.256957 -0.743686 -0.322956 0.185062 -0.225450 -0.850075 -0.422986 -0.007245 0.252857 -0.304984 0.600313 0.201958 -0.155063
anyway -0.450610 0.000179 0.413374 0.203741 0.221206 -0.189997 0.329260 -0.178065 -0.461814 -0.091890 0.195523 -0.081444 0.215933 -0.228824 0.239161 0.007998 -0.339840 -0.072240 -0.163070 -0.067971 0.143450 -0.203850 -0.030845 -0.165326 0.077868 -0.300765 -0.148583 -0.106330 -0.115346 0.390248 -0.205397 -0.155023 -0.059399 -0.025936 -0.217079 -0.333453 0.225245 -0.207674 -0.771809 -0.030983 0.301818 -0.371586 -0.132045 0.035181 0.009358 -0.228016 -0.218481 -0.090177 0.010365 -0.355936
apart -0.104014 0.094848 0.260620 0.077671 -0.004638 -0.036006 0.031638 -0.225884 -0.311456 0.302389 0.201967 -0.064930 0.006096 -0.161398 0.207075 0.272653 -0.218591 -0.054484 0.083237 -0.123715 0.129389 0.080894 -0.175373 -0.223627 0.091462 -0.254327 -0.063768 0.132158 0.334008 0.155918 -0.085828 -0.195185 -0.129042 -0.115873 -0.243316 -0.312896 0.124104 0.146415 -0.271338 0.030974 -0.327578 -0.175318 -0.117787 -0.001138 0.204146 -0.012726 -0.225154 0.289133 -0.064473 -0.275385
apex -0.259797 0.093611 0.641243 -0.168785 0.139964 -0.226354 0.109153 -0.139171 -0.334890 0.080783 0.218051 0.312383 -0.248629 -0.429016 0.567853 0.244008 -0.289083 0.159593 0.222909 0.164790 -0.050301 -0.083430 -0.206320 -0.279483 0.095151 -0.148455 0.089827 0.081439 0.046928 0.405258 -0.170545 -0.091397 -0.238096 -0.247128 0.244505 -0.201353 0.410231 0.530590 -0.217404 -0.119166 -0.109950 -0.279959 -0.106771 -0.329604 -0.005431 -0.187706 0.105141 0.249533 -0.082211 -0.169624
appeared -0.157843 -0.183991 0.498980 -0.202026 0.213058 -0.260457 0.004546 0.062062 -0.127905 -0.063116 0.165225 0.303507 -0.117999 -0.209242 0.265316 0.233892 -0.165172 0.109762 0.182930 0.036123 -0.093542 0.021677 -0.107539 -0.248062 0.051146 -0.065591 0.117343 0.032741 0.091952 0.245496 0.000033 0.053082 -0.010151 -0.080433 0.010845 -0.239120 0.090920 0.404063 -0.344071 -0.081592 -0.115523 -0.201918 -0.170073 -0.151809 0.013599 -0.228893 0.052560 0.082023 -0.068914 -0.152502
appetite -0.288267 0.183012 0.153851 0.124080 -0.010661 -0.058435 0.150543 -0.221638 -0.207500 -0.112376 0.160491 -0.077167 -0.078812 -0.082547 0.058185 -0.000028 -0.261415 0.059642 -0.135190 -0.099802 -0.051673 -0.057864 0.006391 -0.043614 0.003128 -0.211998 -0.076393 0.124519 -0.096635 0.117943 -0.121398 -0.061794 -0.085287 -0.167730 0.062776 -0.231736 0.093216 0.000194 -0.404935 0.020866 0.112525 -0.075558 -0.090614 -0.094343 0.130495 0.007118 -0.045173 -0.016562 -0.025542 -0.193684
archive -0.352303 0.020128 0.555000 0.122337 0.354770 0.045376 0.232268 -0.490439 -0.568676 -0.273165 -0.271137 -0.193797 0.464466 -0.201631 0.238877 0.381350 0.006158 0.013747 -0.226285 0.328450 0.212767 -0.432507 0.110412 0.114801 0.156188 -0.639387 -0.273065 -0.312207 -0.499584 0.279281 -0.297951 -0.349778 -0.138258 0.169906 -0.466055 -0.177169 0.105123 0.240016 -0.227243 -0.092948 0.336478 -0.150832 -0.449882 -0.204838 0.052418 -0.066093 0.129487 0.015829 0.185548 -0.506121
are -0.417158 0.782243 0.781518 -0.488080 0.858711 -0.319389 0.426518 -1.580088 -0.462681 0.230398 -0.110557 -0.738311 -0.412991 0.705911 0.667204 0.964117 -0.698019 0.192244 0.090751 -0.280835 -0.912432 -0.305280 -0.433341 0.111164 -0.445771 -0.041159 -0.808664 1.347623 -0.039106 0.355252 -0.099360 -0.995310 0.110683 0.148707 0.387100 -0.775226 -0.372334 -0.079783 0.042049 0.041427 -0.973826 -0.059208 -0.558189 -0.057751 1.036182 0.830661 0.629132 -0.253430 -0.879954 -0.489332
arm -0.607287 0.511066 0.585227 -0.087851 -0.150291 -0.328910 0.301643 -0.194329 -0.418055 -0.045155 0.496849 0.078230 -0.323583 -0.469292 0.521087 0.191168 -0.504690 0.176744 0.059266 -0.090242 0.091135 -0.046609 -0.135473 -0.464378 0.182740 -0.213731 0.144201 0.069351 0.063088 0.447801 -0.288063 0.136502 -0.400308 -0.324935 0.403236 -0.235061 0.330411 0.517270 -0.363956 0.139599 0.253532 -0.214256 -0.192263 -0.244759 0.057067 -0.369091 0.243490 0.229733 -0.149782 -0.109471
arms -0.531257 0.177457 0.579246 0.138212 -0.009731 0.037465 -0.025661 -0.064546 -0.163686 -0.054452 0.365129 0.111995 -0.158189 -0.292997 0.214320 0.371960 -0.503981 -0.054171 0.055441 -0.141054 0.208808 -0.225302 0.138994 -0.342235 0.358643 -0.092359 0.133843 -0.034587 0.226239 0.215830 -0.102088 0.279054 -0.217051 -0.203842 -0.258225 -0.120123 -0.185896 0.487369 -0.384194 0.383659 0.062104 0.002218 -0.579735 -0.292745 0.059030 -0.259010 0.314971 0.274043 0.065473 -0.151087
arose -0.230217 -0.073188 0.315756 -0.185248 0.034395 -0.237444 0.003306 -0.121245 -0.212491 -0.050798 0.045019 -0.043842 -0.109430 -0.088294 0.098266 0.225595 -0.214370 0.164397 0.080079 0.039642 -0.170158 -0.094934 -0.118570 -0.136747 0.032454 -0.196032 0.102881 0.124360 -0.002169 0.104495 -0.016035 0.097682 -0.180104 -0.114213 -0.127596 -0.240848 0.046244 0.075769 -0.397743 -0.055927 -0.119974 -0.130663 -0.166204 -0.162291 0.055360 -0.144423 -0.152375 0.142859 -0.102511 -0.150010
around -0.457933 -0.067618 0.667683 -0.593706 -0.024043 -0.502052 -0.311108 -0.224526 -0.486529 0.493749 -0.122470 0.071425 0.178594 -0.311511 0.599122 0.367867 -0.676723 -0.098443 0.273519 0.118304 0.055029 0.295065 -0.120432 -0.148353 0.119822 0.066097 -0.308404 0.196089 0.000037 0.164913 -0.245669 -0.115673 -0.140049 -0.035525 -0.335766 -0.252469 0.278995 0.484225 0.025197 -0.171155 -0.236621 -0.343985 -0.259704 -0.465434 -0.140928 -0.343841 -0.101428 0.249732 -0.128693 -0.131251
aroused -0.053740 -0.269806 0.521859 -0.090946 0.207514 -0.176003 0.098782 -0.051602 -0.182523 -0.106342 0.146366 0.182931 -0.190959 -0.215828 0.326165 0.074317 -0.174366 0.144943 0.093840 0.008542 -0.055316 -0.065327 -0.121159 -0.358217 0.035338 -0.126035 0.163160 0.124082 0.100615 0.347583 0.013529 0.019271 -0.123663 -0.042716 0.028974 -0.362287 0.289798 0.277352 -0.368302 -0.018448 0.016654 -0.176030 -0.131909 -0.085677 -0.059035 -0.275409 -0.098639 0.167700 -0.011891 -0.300595
arrived -0.036255 -0.461740 0.662549 -0.088510 0.466103 -0.198783 0.285193 -0.287378 -0.287274 -0.266573 0.071870 -0.250556 -0.174951 -0.017530 0.411975 0.014524 -0.354521 0.289868 0.229034 -0.215151 -0.048614 -0.254652 -0.105043 -0.406725 0.037145 -0.022765 0.102630 0.391489 0.203777 0.565653 0.152294 -0.184946 -0.377928 -0.054089 -0.171821 -0.720295 0.499608 -0.197195 -0.779162 0.073886 -0.011460 -0.374591 -0.224882 0.251564 -0.135981 -0.191279 -0.535936 0.241896 -0.218589 -0.492694
art -0.311160 0.400713 0.246430 0.223220 -0.067348 -0.126377 0.343300 -0.216898 -0.517625 -0.220983 0.202134 -0.309758 -0.331075 -0.070675 0.186979 0.197143 -0.159154 -0.008658 0.151015 0.133384 0.148598 -0.325098 -0.293108 0.069471 0.180647 -0.185603 -0.016272 0.306918 -0.010621 0.184275 -0.366421 0.075125 0.065486 -0.035310 0.184772 -0.433853 -0.007290 -0.187399 -0.540806 -0.144613 -0.211649 -0.290535 -0.056118 0.073717 0.219168 0.064313 -0.313646 0.128327 -0.215734 -0.064922
as -0.609685 -0.513065 -0.271807 -0.320503 0.469219 -0.684453 -0.256253 0.034303 0.063740 -0.527782 0.922472 -0.683854 0.073640 0.032099 0.814657 -0.198213 0.598929 0.576843 0.047840 -0.786846 1.554727 -1.925734 0.296440 -0.601771 0.191180 -0.639154 0.003461 0.922162 0.529606 0.859728 -0.562248 0.497881 0.644260 -0.057585 -0.474573 0.231592 0.552921 -0.156933 -1.107662 0.349614 -1.036274 -1.021639 1.407554 -0.511892 1.116356 -0.299080 -0.522487 0.162820 0.576467 -0.174255
ashore -0.264023 0.203164 0.443975 -0.114091 0.314137 -0.094529 0.332790 -0.232082 -0.481791 -0.005865 0.386427 0.125562 -0.213981 -0.433701 0.517482 0.063406 -0.410272 0.243387 0.211235 -0.182295 -0.032464 0.002866 -0.184346 -0.383392 0.258992 -0.126117 -0.188204 0.231723 0.147443 0.428918 -0.069403 -0.167031 -0.153178 -0.123904 -0.019133 -0.272045 0.366736 0.341907 -0.350287 0.071928 -0.073149 -0.573867 -0.271412 -0.149200 -0.145977 -0.149177 -0.025587 0.313744 0.051538 -0.149908
ask -0.254233 0.258288 0.037082 0.323102 0.164232 0.233964 0.228689 -0.267031 -0.376466 0.103284 0.055231 -0.037886 -0.000069 -0.182083 0.200849 0.013957 -0.200575 -0.084916 -0.021869 -0.004694 0.068370 -0.219230 -0.143263 0.119371 0.106620 -0.208250 -0.191401 0.003945 0.054285 0.267538 -0.194541 -0.333255 -0.082355 -0.164741 -0.074185 -0.145836 0.212919 -0.144885 -0.201632 0.040346 -0.010827 -0.251446 -0.101869 0.006775 -0.053070 0.221144 -0.147853 0.115941 0.075153 -0.097245
asked -0.080403 -0.592463 1.079296 -0.707560 0.060574 -1.040834 -0.052603 -0.441351 -0.344380 -0.279941 0.077694 -0.666606 0.218365 0.313930 0.460003 0.377162 -0.290038 0.123785 0.133207 -0.315942 0.043109 -0.051325 -0.367890 -0.342596 -0.380449 0.006518 -0.327389 0.871373 -0.078572 0.230689 -0.020103 0.078067 0.191484 0.313947 -0.035043 -0.826220 0.302123 -0.110878 -0.993395 -0.177245 -0.032307 -0.269243 0.033757 0.323303 0.341993 -0.521054 -0.553634 -0.173828 -0.630974 -0.835832
associated -0.042819 -0.088771 0.579839 0.224970 0.067667 0.208429 0.233516 -0.200278 -0.086966 -0.124882 0.136317 -0.154844 0.075669 -0.275510 0.061204 0.264635 0.214043 0.159022 -0.139851 0.276361 0.262161 -0.392253 0.043849 -0.061211 0.302056 -0.359167 0.147500 -0.106612 -0.231472 0.371343 0.038935 0.040471 0.038189 0.039250 -0.250052 -0.297080 0.028484 0.182795 -0.200203 -0.143433 0.257832 0.060672 -0.498187 -0.014543 -0.158277 -0.242044 0.092081 0.181925 0.136505 -0.427098
astern -0.479360 0.083669 0.245306 -0.062227 0.166821 -0.186852 0.012399 -0.127791 -0.377669 0.018094 0.033135 -0.030841 0.021150 0.027470 0.174046 0.236652 -0.257806 -0.096170 0.047884 0.020358 0.007109 -0.162353 -0.018992 -0.121275 0.103122 -0.222830 -0.154716 0.089097 0.115085 0.128154 -0.216824 0.128079 -0.099870 -0.075253 -0.297669 -0.239865 -0.039720 0.155694 -0.359196 0.050580 -0.056707 -0.204435 -0.069066 -0.226457 0.176122 -0.051073 -0.073245 -0.017105 -0.028957 -0.168286
at -0.499485 -1.027363 0.767753 -0.885949 -1.120867 -1.847001 -0.125284 -1.321838 0.158213 -0.871139 -1.141288 0.731442 0.638953 -0.953123 0.055240 0.250169 -0.901747 0.345391 1.091696 -0.566784 -0.641810 0.426743 0.138244 0.359890 0.021254 -0.825612 0.325798 -0.257124 -0.938114 -0.331117 -0.078732 -0.341360 0.055600 -1.084518 -0.769125 0.423624 0.860655 1.025976 -0.037571 -0.273909 -0.707609 -0.051849 -0.046374 -0.459224 0.863858 0.501698 -0.683067 0.481925 -0.731937 -0.117710
ate -0.255239 -0.025260 0.429860 -0.137899 0.347465 -0.327899 0.368650 -0.181494 -0.342979 -0.128461 0.193371 -0.012891 -0.063926 -0.097362 0.389966 0.072001 -0.386272 0.047013 0.135322 -0.080344 -0.149159 0.044651 -0.231593 -0.286377 -0.114514 -0.190543 -0.229744 0.346979 0.061403 0.270149 -0.030861 -0.154737 0.113982 0.005814 0.009213 -0.439253 0.221558 -0.008019 -0.588953 -0.125318 -0.118093 -0.451369 -0.005640 0.047644 0.184305 -0.090944 -0.092804 -0.088123 -0.067491 -0.385939
athenian -0.300221 0.143461 0.607966 -0.215214 -0.022699 -0.400423 0.090994 0.108124 -0.257549 -0.169340 0.161857 0.212069 -0.467113 -0.468868 0.352794 0.127141 -0.146514 0.520487 0.272650 0.385321 -0.141854 -0.122966 -0.245739 -0.190267 0.222744 -0.162627 0.494555 -0.016950 -0.190135 0.437426 -0.374584 0.211550 -0.320711 -0.352415 0.605400 -0.359691 0.441500 0.576302 -0.264006 -0.279807 0.025006 -0.252298 -0.059875 -0.360684 -0.066025 -0.322875 -0.043691 0.194080 -0.218588 -0.061462
attempt -0.096562 0.027840 0.286106 -0.082785 0.124101 -0.159385 0.225270 -0.224682 -0.198820 -0.149929 -0.013787 -0.113648 -0.199138 0.006248 0.146383 0.204484 -0.187240 0.110813 0.211708 0.079658 -0.019438 -0.094992 -0.020668 -0.082557 0.040711 -0.203611 0.027869 0.085868 0.127688 -0.000535 0.014280 0.093888 -0.146581 -0.064766 0.090127 -0.116735 0.049272 -0.062803 -0.276616 -0.056754 -0.079675 -0.130184 -0.169614 -0.050694 0.155750 0.020897 0.073241 0.031568 -0.099729 -0.168408
attention -0.170445 0.183674 0.124000 0.204323 -0.065429 0.069643 0.150305 -0.225561 -0.135447 0.072819 0.125442 -0.072461 -0.063400 -0.148286 0.128457 0.088036 -0.225568 0.011944 -0.029651 -0.101737 0.140530 -0.001974 -0.006293 -0.069367 0.078307 -0.166465 -0.023754 -0.039942 0.184943 0.131922 -0.079486 -0.068326 -0.234727 -0.211875 0.036246 -0.113051 0.186234 0.076973 -0.126230 0.123215 0.057189 -0.046117 -0.120120 -0.011424 0.041583 0.065315 -0.025957 0.145037 -0.017101 -0.117416
awake -0.373312 -0.258931 0.331436 0.190595 0.037185 -0.023914 -0.128190 0.064775 -0.232428 -0.218879 0.040462 0.124461 0.279818 -0.210724 -0.022935 0.109340 -0.020145 -0.066895 0.047142 0.012594 0.391959 -0.395417 0.210703 -0.023889 0.360660 -0.310923 0.147627 -0.444977 -0.080207 0.182939 -0.161771 0.222137 -0.045460 -0.107352 -0.407715 0.015172 0.028010 0.113478 -0.401177 0.183540 0.229351 -0.080839 -0.150504 -0.209373 -0.042663 -0.273723 -0.042892 -0.015373 0.207964 -0.209077
aware -0.241554 -0.256584 0.406014 0.648387 -0.055103 0.134335 0.179134 -0.440708 -0.193641 -0.135422 0.775646 -0.147673 0.162710 -0.284723 -0.391524 0.059135 -0.034142 0.418313 -0.428772 -0.197013 -0.150236 -0.538665 0.238929 -0.033597 0.381513 -0.949314 0.516219 -0.425229 -0.452893 0.206554 0.104547 0.002597 -0.269841 -0.603774 -0.561849 -0.182694 0.181024 -0.142350 -1.190428 0.042238 0.106790 -0.086245 -0.516911 -0.182939 0.238245 -0.404584 -0.378848 0.211184 0.021362 -0.515957
away -0.769159 0.148631 0.390087 -0.467184 0.105896 -0.324297 -0.035631 0.417038 -0.571252 0.312788 0.224175 0.364226 0.309346 -0.802810 0.460000 -0.165706 -0.619824 -0.278292 0.355705 -0.360606 0.527907 0.027964 -0.148490 -0.420492 0.517734 0.123220 -0.268561 -0.087026 0.284870 0.171611 -0.181195 0.150807 -0.002000 0.039041 -0.682807 0.269412 0.060968 0.101876 -0.400684 0.243709 0.257401 -0.911761 -0.276411 -0.075996 -0.675169 -0.591329 -0.019893 0.481419 0.408113 -0.025551
awful -0.096804 -0.008562 0.204333 0.106343 0.117893 0.109994 -0.006827 -0.095071 -0.147897 0.082169 -0.025797 -0.021618 -0.148838 -0.162007 -0.006721 0.134731 -0.113957 0.199010 -0.026479 0.124628 -0.109893 -0.189195 -0.004931 -0.090797 0.146826 -0.246561 0.161824 0.052347 -0.016449 0.111298 -0.020450 -0.007543 -0.272802 -0.221968 -0.123484 -0.163129 0.115812 0.121539 -0.333937 -0.065374 0.007605 -0.101859 -0.295861 -0.201590 -0.071944 -0.109841 -0.091212 0.198344 0.011719 -0.207585
awoke -0.309419 -0.158995 0.406418 -0.143633 0.100600 -0.249393 0.140321 -0.101355 -0.156469 0.080345 0.164104 0.130475 -0.149032 -0.155636 0.318114 0.145997 -0.398424 -0.069999 0.066721 -0.042231 -0.171734 0.078752 -0.287048 -0.341489 -0.171487 -0.171693 -0.097600 0.402586 0.246292 0.246562 0.048065 -0.084556 0.039557 -0.090387 -0.149955 -0.545934 0.225200 0.185856 -0.470626 -0.042140 -0.205166 -0.273159 -0.073297 0.029985 0.127384 -0.124772 -0.186691 0.147398 -0.116857 -0.363082
ay -0.167558 -0.112083 0.513515 -0.041812 0.273463 -0.044188 0.060818 -0.193822 -0.453788 -0.122770 0.047443 -0.172944 0.185233 -0.131356 0.287528 0.307705 -0.084958 0.005614 0.118194 -0.135521 0.332125 -0.216804 0.012906 -0.207059 0.253080 -0.241477 -0.130907 0.046953 -0.020060 0.253521 -0.009942 -0.182825 -0.031088 0.168636 -0.327007 -0.237246 0.106439 0.059581 -0.352924 0.113575 0.020159 -0.232171 -0.295008 -0.055323 -0.012527 -0.218113 -0.009783 0.171810 0.136993 -0.445422
back -0.679137 0.139528 0.425067 -0.366710 0.315531 -0.079874 -0.272168 -0.249636 -0.752311 0.085525 0.388488 -0.077764 0.000018 -0.772010 0.266260 -0.490089 -0.770981 0.424225 0.433865 -1.228441 0.319690 0.159086 -0.048774 -0.872307 0.690737 0.081618 -0.333233 0.361856 -0.007003 0.482758 0.049983 -0.015221 -0.230597 -0.682799 -0.336601 -0.375959 0.977246 0.679842 -0.477364 0.622278 0.611177 -1.062774 -0.333185 -0.262484 -0.564594 -0.793460 -0.227375 0.486272 0.535614 -0.330713
bad -0.321103 0.069273 0.181521 -0.101758 0.165825 -0.038988 0.200961 -0.256032 -0.071455 0.085303 0.021037 -0.181981 -0.107101 0.018012 0.100855 0.391873 -0.051022 0.332703 -0.096885 0.220891 0.040768 -0.214392 0.031212 -0.014359 0.018720 -0.530056 0.223939 0.043141 0.046860 0.133735 -0.106992 0.014604 -0.313488 -0.129446 -0.158775 -0.272646 -0.003190 0.141741 -0.240979 -0.045197 -0.171537 0.064756 -0.363612 -0.269458 0.145715 -0.139489 0.136835 0.089946 -0.038423 -0.238165
bag -0.484395 0.102731 0.444342 0.002452 0.092728 -0.102723 0.285737 -0.103025 -0.332517 0.178722 0.252357 0.249489 -0.257187 -0.328350 0.334304 0.350178 -0.284998 -0.032256 0.143075 0.205443 -0.024820 -0.223658 -0.266270 -0.325866 0.186265 -0.281545 0.168104 0.002387 0.275066 0.358832 -0.130537 0.180567 -0.178542 -0.157893 -0.303160 -0.299493 -0.055912 0.267093 -0.404645 -0.005964 -0.261870 -0.212692 -0.314087 -0.204800 0.029838 -0.168337 -0.060823 0.350563 -0.081383 -0.059247
bank -0.251406 0.208511 0.673416 -0.190403 0.471818 0.168046 0.579821 -0.394886 -0.427235 0.134656 0.368038 0.198146 -0.464811 -0.468559 0.575917 0.563503 -0.058000 0.338719 0.392133 0.178506 -0.133184 -0.127156 -0.422832 -0.365610 0.281825 -0.430440 0.135026 0.115684 0.171658 0.614845 0.135930 -0.342855 -0.217317 -0.093160 -0.021648 -0.440055 0.298002 0.561810 -0.095576 -0.129751 -0.469375 -0.451818 -0.638870 -0.097343 -0.172086 -0.086705 0.222634 0.649034 -0.040288 -0.131985
banks -0.290332 -0.068751 0.541224 -0.163552 0.186604 -0.309752 0.185750 -0.120263 -0.309242 -0.159988 0.147844 0.128186 0.024936 -0.212211 0.285512 0.232345 -0.148457 0.170411 0.054914 0.157919 0.095994 -0.236350 0.003625 -0.118881 0.188101 -0.261350 0.080023 -0.221220 -0.109212 0.230166 -0.195868 0.162815 -0.132368 -0.055471 -0.065472 -0.076061 0.115126 0.248262 -0.364730 -0.070723 0.078570 -0.126850 -0.201479 -0.305204 -0.002711 -0.289101 0.081488 -0.003824 -0.037446 -0.181048
barely -0.391875 0.062424 0.218849 -0.036620 0.056998 -0.095276 -0.157858 -0.158227 -0.360937 -0.081325 -0.152591 -0.001595 0.078981 -0.051242 0.136245 0.114633 -0.179766 -0.039234 0.051226 0.022866 0.134837 -0.186565 0.153277 0.035590 0.117908 -0.159606 -0.112089 -0.059380 -0.136731 0.147251 -0.073644 -0.024348 -0.156305 -0.132898 -0.028269 -0.049636 0.189340 0.015989 -0.294625 0.026487 0.220045 -0.121065 -0.006771 -0.349985 -0.020518 -0.024949 0.048050 -0.010908 0.156913 -0.136922
barked -0.275763 -0.361905 0.509306 -0.095105 0.043313 -0.352202 -0.142820 -0.078259 -0.228784 -0.175149 0.085661 -0.013319 0.198771 -0.124582 0.185972 0.111756 -0.283271 0.004167 0.065900 -0.245381 0.114633 -0.128218 -0.050248 -0.272510 -0.009634 -0.193847 0.063786 0.142796 0.049858 0.257969 0.006949 0.020042 -0.065663 -0.116964 -0.208281 -0.421661 0.259095 -0.040475 -0.749536 0.110106 0.091049 -0.195092 0.006197 -0.018209 0.099636 -0.290184 -0.289350 0.035955 -0.002427 -0.478464
bask -0.061470 0.325044 0.384273 0.155034 0.070052 0.006585 0.255266 -0.453440 -0.789056 0.191647 0.029239 -0.259773 0.437293 0.035601 0.149966 0.486097 0.417243 -0.217371 0.186737 0.034314 0.544688 -0.163818 0.030479 0.218701 0.410787 -0.555703 -0.421250 -0.496462 -0.145127 -0.152334 -0.290481 -0.001425 0.107383 0.207087 -0.373425 0.288391 -0.081691 0.242871 0.006141 -0.003157 -0.113220 -0.089410 -0.046426 -0.094990 0.262915 0.002027 0.070376 -0.027841 0.039003 -0.243796
bawn -0.230419 -0.003341 0.308565 -0.010843 0.157005 0.014502 0.001844 -0.190793 -0.272953 0.149999 0.078399 0.127180 0.010068 -0.140919 0.194966 0.233412 -0.286397 -0.017941 0.165340 -0.008126 0.015311 -0.037506 0.033491 -0.093030 0.213294 -0.207496 -0.068660 -0.035650 0.180891 0.088927 -0.072066 0.020404 -0.117410 -0.135248 -0.305133 -0.107265 0.028891 0.273562 -0.179016 0.094870 -0.129878 -0.176648 -0.262279 -0.241296 -0.021814 -0.034363 0.073870 0.175168 0.081968 -0.153743
be -0.843475 1.265071 -0.331576 1.414183 -0.319585 0.961741 0.180994 -0.710137 -0.491147 -0.563466 -0.154221 -0.649315 -1.170003 0.150246 0.221618 0.536056 -0.968961 0.121677 0.753583 0.387466 0.706027 -1.205783 -0.071038 0.578237 0.473293 -0.298670 0.189350 1.025356 0.652703 0.551224 -0.656549 -0.321084 0.251843 -0.740245 1.148820 -1.616036 0.281676 -0.832875 -0.405222 0.374378 -1.245657 0.003647 -0.060969 -0.379434 0.717852 1.440021 -0.467574 0.336687 0.137649 0.404211
beach -0.082477 0.174346 0.792891 -0.038924 0.569249 0.223790 0.630278 -0.367194 -0.306998 0.065933 0.666682 0.035397 -0.898449 -0.474675 0.575187 0.139308 -0.225553 0.748146 0.238365 0.075230 -0.417397 -0.310273 -0.221477 -0.523523 0.576259 -0.126594 0.488912 0.454853 0.073039 0.868142 0.171793 -0.058015 -0.453475 -0.292123 0.066983 -0.628697 0.373688 0.608717 -0.491243 -0.125546 -0.281595 -0.467006 -0.820078 -0.248323 -0.403342 -0.282338 -0.110311 0.808526 -0.078992 -0.027049
bear -0.514797 0.111754 0.743525 -0.252456 0.117836 -0.381470 -0.090026 0.257542 -0.569022 -0.546155 0.125399 0.431899 -0.600327 -0.541860 0.511921 0.136237 -0.328513 0.368837 0.842506 0.185181 0.152940 -0.459435 -0.230999 -0.227030 0.537412 -0.073737 0.353868 0.069737 0.083847 0.393106 -0.473671 0.527120 -0.128683 -0.336544 0.421632 -0.310299 0.412237 0.609475 -0.429242 0.040060 -0.040735 -0.600142 0.004126 -0.477469 -0.168913 -0.306944 0.026940 0.308346 0.077579 -0.018025
bearing -0.212628 0.060021 0.289885 -0.068786 0.053107 -0.143873 0.036388 -0.046983 -0.320864 -0.019432 -0.040735 -0.001941 -0.073327 -0.055236 0.235802 0.286818 -0.180411 0.038298 0.240583 0.152056 0.136109 -0.056072 -0.050417 -0.066104 0.134091 -0.148627 0.085039 -0.048036 0.163565 0.077073 -0.116060 0.085874 -0.106016 -0.054615 0.050637 -0.224453 0.087690 0.031918 -0.202817 -0.000547 -0.014553 -0.112991 -0.091757 -0.144197 0.014973 -0.113232 0.045393 0.078783 -0.011026 -0.104489
beautiful -0.190768 -0.074002 0.531847 0.117515 0.222199 -0.086510 0.153259 -0.091943 -0.205039 -0.344046 0.235166 0.014906 -0.051355 -0.228315 0.124887 0.086529 -0.006397 0.303044 -0.064465 -0.028197 0.071364 -0.451722 -0.008288 -0.147175 0.239291 -0.226512 0.259796 -0.122488 -0.250715 0.450614 -0.126596 0.041699 -0.202306 -0.144263 -0.016501 -0.187197 0.109511 0.193095 -0.489863 0.083242 0.133645 -0.091862 -0.265842 -0.153677 0.049663 -0.245341 -0.099777 0.064802 -0.047101 -0.236433
became -0.574687 0.063083 0.588615 -0.145934 -0.141251 -0.908469 0.436233 -0.354251 -0.401884 -0.100189 0.835643 -0.257641 -0.527413 0.151445 0.257896 0.271561 -0.763693 0.225319 0.106233 0.058429 -0.605077 0.106275 -0.118455 -0.242746 -0.170624 -0.408268 0.164390 0.363503 -0.048241 -0.054161 -0.039098 0.319420 -0.148794 -0.470302 0.181617 -0.521006 0.184702 -0.102548 -1.138116 -0.377446 -0.327705 -0.395889 -0.149827 -0.222543 0.733147 -0.279194 -0.303834 -0.085755 -0.567523 -0.113831
because 0.185554 -0.472099 0.822666 0.423823 0.277225 -0.427256 0.004570 -0.435952 -0.494307 -0.595740 0.756482 -0.417750 0.173398 0.049505 0.099373 -0.130954 -0.080849 0.476415 -0.421765 -0.482627 0.244123 -0.322866 0.747502 -0.107431 0.372422 -0.489127 0.093171 -0.146443 -0.670544 0.227101 -0.109247 -0.107689 -0.184327 -0.214423 -0.017269 -0.119930 0.463696 0.168835 -1.262374 -0.045985 0.265141 -0.293937 -0.261318 -0.423391 0.581018 -0.513732 -0.442708 -0.163896 0.001481 -0.605903
become -0.374112 0.080632 0.306059 0.253471 0.134072 0.158683 -0.261111 0.035868 -0.391096 -0.284757 -0.155757 0.002222 -0.244708 -0.038147 0.076075 0.369156 -0.079099 0.057992 0.387358 0.171392 0.219103 -0.277409 0.162539 0.275022 0.303453 -0.120945 0.101741 0.015480 0.000197 0.154814 -0.113535 -0.056233 0.004051 -0.268127 0.253702 -0.439364 0.244174 -0.026618 -0.443023 -0.051204 0.075044 -0.282425 -0.206554 -0.254024 -0.131862 0.120349 -0.010694 0.137564 0.179166 -0.056740
bed -0.132251 0.037233 0.274848 0.359593 0.142368 0.340725 0.309621 -0.255709 -0.225774 -0.035674 0.324763 0.094834 -0.103393 -0.409543 0.273613 0.078985 -0.114012 -0.020688 -0.057741 -0.107378 0.065010 -0.333553 -0.235514 -0.224554 0.118227 -0.284646 0.057437 0.065019 0.101206 0.569932 0.061042 -0.424761 -0.155933 -0.178132 -0.158455 -0.344775 0.363076 -0.005357 -0.357455 0.128974 -0.122025 -0.228039 -0.230202 0.134408 -0.097829 0.052444 -0.222901 0.452100 0.113283 -0.230380
been -0.316172 -0.343264 0.388849 0.293095 1.237290 0.530891 -0.243328 0.376883 -1.115446 -0.926903 -0.465565 -0.009796 -0.625056 0.516388 0.566219 0.860869 0.133570 0.114180 1.455939 -0.243483 0.620187 -0.174688 0.820190 0.018627 0.827287 0.151767 0.408047 0.254216 0.745608 0.286613 0.982304 -0.447429 0.347175 -0.074630 0.746728 -1.414066 0.437698 -1.090878 -1.739873 0.018420 0.356847 -0.874393 -0.169711 0.114895 -0.896320 0.384527 0.331886 0.328634 0.914758 -0.281795
bees -0.136461 0.005111 0.304992 -0.047314 0.114212 -0.037258 -0.034839 -0.059964 -0.188319 0.060389 0.111053 0.119574 -0.184358 -0.123024 0.180571 0.179867 -0.142503 0.138667 0.090037 0.079769 -0.070573 -0.107161 -0.021647 -0.147203 0.131633 -0.121517 0.072552 0.054801 0.062828 0.163033 -0.035771 0.024556 -0.215512 -0.160828 -0.040880 -0.127511 0.097674 0.338936 -0.171301 0.009026 -0.125886 -0.078739 -0.155451 -0.271182 0.050948 -0.081275 0.031805 0.127786 0.006840 -0.115570
before -0.458921 -0.740804 0.550456 -0.466106 -0.042704 -1.001563 -0.447579 -0.240404 -1.205632 0.165984 -0.026615 0.432660 0.360200 0.124491 0.609950 0.019780 -0.253460 -0.469889 0.198119 0.016619 -0.085990 0.265575 0.213498 -0.027831 0.210569 -0.383035 -0.365825 -0.485474 -0.509785 -0.096508 -0.118219 0.155475 -0.192934 -0.080462 -0.648467 0.441751 0.330545 0.494097 -0.174741 -0.238680 0.013761 -0.354439 0.321924 -1.050875 0.447542 -0.353892 -0.515510 -0.161354 0.177542 -0.131713
began -0.236350 0.193975 0.446042 0.073453 0.229606 0.095351 0.533045 -0.498108 -0.353096 0.432293 0.426641 -0.069844 -0.062522 -0.652441 0.639226 0.259978 -0.505540 0.083470 -0.122832 -0.207055 0.011004 0.183688 -0.594130 -0.540427 -0.134500 -0.528682 -0.300149 0.611007 0.337055 0.669744 -0.114543 -0.921375 0.005319 0.012557 -0.199508 -0.892174 0.621112 0.252846 -0.464353 -0.054507 -0.491548 -0.721296 -0.347799 0.312034 0.084290 -0.039862 -0.269161 0.644053 -0.081021 -0.697871
beginning -0.073046 0.046337 0.269358 0.404455 0.122633 0.269326 0.204657 -0.175498 -0.231291 -0.113678 0.223964 0.111170 0.101927 -0.591909 0.101702 0.134411 -0.122134 0.244177 -0.089872 -0.043567 0.341399 -0.427949 0.013528 -0.141585 0.343992 -0.516753 0.148938 -0.290703 0.025845 0.301989 -0.235100 -0.176114 -0.134206 -0.192158 -0.111293 0.018732 0.276521 0.058336 -0.406256 0.142238 0.034375 -0.331275 -0.419143 -0.126867 -0.143704 -0.113280 -0.026297 0.397644 0.226892 -0.273373
begun -0.230003 -0.081984 0.172974 0.175222 0.269133 0.131307 0.137779 -0.053389 -0.263464 -0.076335 0.015825 0.050495 0.158364 -0.233085 0.199331 0.093876 -0.118936 -0.040694 0.019302 -0.102675 0.219571 -0.161347 -0.002620 -0.106354 0.110099 -0.174716 -0.081212 -0.042225 0.095071 0.318229 0.024128 -0.241136 0.000640 -0.031163 -0.217155 -0.247394 0.220187 -0.212573 -0.479927 0.073676 0.151719 -0.338743 -0.157635 0.073193 -0.228249 -0.020916 -0.129554 0.168175 0.233241 -0.238093
behind -0.384744 -0.017522 0.629328 -0.557642 -0.292433 -0.700190 -0.657338 -0.110537 -0.869423 0.081299 -0.364844 -0.234025 0.223167 0.047982 0.223905 0.415808 -0.163005 0.017496 0.511244 0.107149 0.401062 0.144560 0.174090 0.134458 0.415427 -0.234648 -0.059484 -0.287657 -0.390260 -0.257256 -0.304052 0.200327 -0.246471 -0.051779 0.057718 0.119622 0.292771 0.297437 0.034047 -0.148449 0.176826 -0.203085 0.075889 -0.688226 0.218881 -0.408200 0.062642 -0.039901 0.084090 -0.270105
being -0.322632 -0.057512 0.706483 0.210480 -0.122715 -0.119676 -0.051022 -0.319734 -0.214895 -0.342903 0.247993 0.112012 -0.298738 -0.180667 -0.000817 0.228983 -0.317002 0.056814 0.140627 -0.201669 0.322568 -0.312347 0.150708 -0.281168 0.190530 -0.450984 0.205572 -0.154967 0.258046 0.164598 0.056106 0.331956 -0.358766 -0.310621 0.199900 -0.089785 0.136830 0.189395 -0.717507 0.325606 0.307801 0.165650 -0.137780 -0.243841 0.236418 -0.183653 0.290082 -0.025256 0.044612 -0.692991
believe -0.292039 0.355309 0.555209 0.065479 0.056335 -0.145889 0.189423 -0.549807 -0.598564 0.110599 0.124197 -0.332761 -0.208283 -0.181083 0.456323 0.210669 -0.315198 0.071015 -0.062526 -0.061036 0.034786 -0.193159 -0.206861 -0.072496 0.085294 -0.176444 -0.132090 0.438404 -0.137617 0.421192 -0.070449 -0.425090 -0.219253 -0.155269 0.163317 -0.428710 0.432801 -0.027408 -0.507009 -0.132212 -0.042391 -0.308825 -0.181438 -0.153364 0.177897 0.025516 -0.208176 0.329041 -0.188086 -0.335526
believed -0.374884 -0.033451 0.491863 -0.118733 0.140912 -0.197685 0.096288 -0.398407 -0.422365 -0.029822 0.058486 -0.311987 -0.138276 0.087649 0.227622 0.341288 -0.374587 -0.065822 0.100952 -0.160599 -0.016640 -0.039916 -0.055099 -0.141459 -0.023800 -0.252898 -0.157121 0.387751 0.077294 0.150113 0.177353 -0.208336 -0.119369 -0.010740 -0.243706 -0.453428 0.081573 -0.104076 -0.631071 -0.022674 -0.163181 -0.221016 -0.287262 -0.047776 0.249288 0.023609 -0.139100 0.165314 -0.086948 -0.427042
below -0.261919 -0.073865 0.546325 -0.260095 0.200059 -0.212718 -0.083919 -0.078824 -0.331035 -0.038654 -0.121517 0.263620 0.140261 -0.262412 0.354061 0.342024 0.041179 0.072497 0.176359 0.267985 0.169052 -0.168435 0.032166 0.002583 0.142434 -0.243055 -0.024147 -0.245763 -0.191318 0.225216 -0.179812 -0.020442 -0.089587 -0.061915 0.004646 0.039696 0.218980 0.520951 -0.026703 -0.119839 0.070949 -0.151905 -0.103148 -0.399068 -0.051647 -0.221487 0.276225 0.038873 0.064913 -0.185510
beneath -0.245808 -0.331685 0.750909 -0.561842 0.067695 -0.505847 -0.276613 0.140226 -0.298533 -0.068838 -0.055065 0.373544 0.121674 -0.348752 0.365415 0.211769 -0.111366 0.115048 0.379563 0.126426 0.110312 0.011677 -0.134881 -0.217819 0.111242 -0.082031 0.073853 -0.201416 -0.166540 0.215330 -0.102918 0.174179 -0.080631 -0.041269 0.036276 0.004679 0.258708 0.594821 -0.070578 -0.080191 0.113940 -0.186290 -0.001004 -0.352796 -0.113159 -0.494296 0.195691 0.019727 0.071379 -0.307744
bennett -0.071749 -0.083996 0.255971 0.115284 0.153384 0.002033 0.258745 -0.224188 -0.145800 0.040097 0.199853 0.010800 0.036380 -0.005191 0.112110 0.256378 0.039910 -0.074919 -0.011195 0.031078 0.084585 -0.182518 -0.009250 0.015404 0.056715 -0.247366 -0.026563 -0.106159 0.086026 0.077488 0.092519 -0.044954 0.041253 0.031265 -0.287951 0.003379 -0.085029 -0.036658 -0.268393 -0.052043 -0.177062 -0.057336 -0.197917 0.017313 0.149269 -0.004686 0.031054 0.084324 -0.041939 -0.127006
besides -0.134438 -0.090405 0.077553 0.008112 0.111909 -0.076805 0.155891 -0.108219 -0.143124 -0.209674 0.059955 -0.148588 0.115146 0.008876 0.192860 -0.195828 -0.186556 0.010521 -0.092588 -0.179927 0.084872 -0.122595 0.040625 -0.151105 0.046416 -0.024170 -0.090170 0.202121 -0.027365 0.230953 -0.072287 -0.060062 -0.002063 0.096103 -0.131363 -0.296200 0.209954 -0.144877 -0.303469 0.122681 0.211880 -0.128553 0.021723 0.101367 -0.092634 -0.106495 -0.235953 0.009780 0.006259 -0.143604
best -0.008821 -0.107855 0.872581 -0.218406 0.318911 -0.270363 0.035715 0.050282 -0.231518 -0.072597 0.167988 0.141748 -0.588566 -0.257180 0.497570 0.185249 -0.192949 0.454497 0.069139 0.204099 -0.235922 -0.153003 -0.088830 -0.423911 0.090460 0.073289 0.358981 0.384234 -0.089569 0.506060 0.100470 -0.020320 -0.346108 -0.103284 0.362342 -0.464153 0.336547 0.472398 -0.539509 -0.306450 -0.022081 -0.231778 -0.375010 -0.425484 -0.062994 -0.264446 -0.007729 0.283040 -0.106935 -0.266162
better -0.455498 0.041217 0.503841 0.530579 0.310354 0.115115 0.265820 -0.249691 -0.410406 -0.398109 0.270724 -0.304694 -0.207257 0.067550 0.065191 0.057370 -0.149771 0.072232 -0.244804 0.124541 0.167954 -0.471354 0.313337 0.276657 0.323102 -0.225976 -0.028271 0.040161 -0.315741 0.398725 -0.104919 0.004589 0.065934 -0.138932 -0.173351 -0.548604 0.048071 -0.109004 -0.937246 -0.213837 0.333569 -0.185722 -0.544689 -0.190411 0.031840 -0.026063 -0.237879 -0.062549 0.040179 -0.228980
between -0.539103 0.035776 0.922822 -0.733098 0.097763 -0.737076 -0.697791 0.148526 -0.641508 0.425019 0.124177 0.694287 0.088655 -0.431678 0.670905 0.514839 -0.553521 -0.089895 0.417745 -0.183549 -0.163392 0.192907 -0.001145 -0.553949 0.302131 0.176681 -0.149668 -0.026457 -0.067054 -0.049363 -0.036525 0.392610 -0.075352 -0.303016 -0.177268 0.514141 -0.175191 1.137445 -0.096424 0.076305 -0.152160 -0.386661 -0.180797 -1.168572 0.220790 -0.454485 0.537953 0.145224 0.227123 0.003357
beyond -0.283828 0.134996 0.434795 -0.226653 0.024372 -0.366285 -0.444697 -0.131626 -0.573248 0.029772 -0.187352 -0.207427 -0.019377 0.007925 0.281232 0.343783 -0.344071 0.232152 0.045482 0.160157 -0.075159 -0.023456 0.073530 0.006971 0.194355 -0.106754 -0.041015 0.105911 -0.250810 0.030828 -0.388666 0.016703 -0.343567 -0.183869 0.012027 -0.318007 0.211584 0.485722 -0.114953 -0.029689 0.019451 -0.132821 -0.236926 -0.632898 0.227019 -0.244322 -0.128538 0.021979 -0.078480 -0.105346
bidarka -0.514925 0.522338 0.425235 -0.204700 -0.032040 -0.309974 0.187695 0.277206 -0.354976 -0.112609 0.469745 0.076905 -0.543769 -0.481519 0.465711 0.261536 -0.326115 0.386547 0.205689 0.198205 0.116526 -0.250628 -0.249143 -0.415661 0.331701 -0.102386 0.369151 0.204397 0.019671 0.320098 -0.381559 0.319614 -0.033519 -0.198046 0.351526 -0.269471 0.060436 0.465288 -0.372793 -0.104146 -0.189562 -0.444937 -0.288089 -0.449958 0.068290 -0.332537 0.151131 0.401987 0.062173 0.220808
big -0.833438 0.059737 0.194302 0.146199 -0.058550 -0.205618 0.347189 -0.008427 -0.329576 -0.632981 0.409433 0.121547 -0.273749 -0.277964 -0.157028 0.219542 -0.103098 0.109727 -0.175574 0.111765 0.040537 -0.414160 -0.200552 -0.319139 0.143308 -0.844878 0.158544 -0.067364 -0.154015 0.369154 -0.481597 0.451974 0.172684 -0.267730 -0.286168 -0.528220 -0.036511 0.443360 -0.659981 0.132014 -0.049544 -0.266788 -0.102261 -0.232364 0.494962 -0.278719 -0.128788 0.001304 0.018596 -0.317958
bill -0.621454 0.288398 0.329089 0.415878 -0.242450 0.050826 -0.337777 -0.184834 -0.503739 0.150954 -0.182189 -0.434071 0.210098 0.050904 -0.101751 0.253585 -0.254172 -0.184465 -0.317193 0.233570 0.303786 -0.202272 0.276876 0.278476 0.227211 -0.311631 -0.093462 -0.176168 -0.534089 0.080306 -0.324709 -0.085768 -0.049323 -0.320088 -0.221322 -0.310630 0.121063 0.152416 -0.254738 -0.077902 0.341620 -0.000538 -0.397212 -0.490189 0.317196 -0.105685 -0.024699 -0.073920 0.167329 -0.199085
bim -0.193098 0.037073 0.365496 0.055703 0.153920 -0.020110 -0.025019 -0.045344 -0.354432 0.012818 0.173343 -0.010706 -0.062716 -0.151135 0.235676 0.196584 -0.183064 0.094522 0.085666 -0.014902 0.134868 -0.060348 0.096404 -0.144639 0.323791 -0.140465 0.066462 -0.045409 0.035514 0.154874 -0.154302 0.043457 -0.112522 -0.056842 -0.218840 -0.203548 0.068925 0.322179 -0.264350 0.094127 0.007610 -0.204494 -0.339532 -0.243744 -0.025314 -0.208419 -0.025511 0.216746 0.108723 -0.112909
bit -0.703143 0.260059 0.230747 -0.158732 0.020149 -0.388941 0.287486 0.211490 -0.354327 -0.069490 0.705066 0.132831 -0.343324 -0.249774 0.175181 0.286380 -0.274055 0.125011 0.070637 0.064971 -0.250000 -0.138298 -0.339897 -0.494164 0.116194 -0.477955 0.250570 0.221087 0.124399 0.186228 -0.212138 0.364830 0.128712 -0.246984 -0.223108 -0.447273 -0.133704 0.388041 -0.763851 -0.032915 -0.417078 -0.462700 -0.172822 -0.164880 0.413536 -0.394869 -0.124698 0.251679 -0.112999 0.047854
bite -0.092660 0.014951 0.367606 0.173835 0.200158 0.138323 0.091547 -0.206059 -0.171111 0.002576 0.239195 -0.092654 -0.172479 -0.089898 0.151822 0.199585 -0.128532 0.198333 -0.089608 0.036173 -0.097978 -0.188292 0.077719 -0.073683 0.131684 -0.142363 0.092679 0.091006 -0.106716 0.256483 0.108780 -0.176004 -0.206175 -0.205929 -0.088523 -0.258597 0.185179 0.211918 -0.299928 -0.014607 -0.028197 -0.113420 -0.431034 -0.182227 0.018907 -0.049962 -0.027533 0.228655 0.001876 -0.093711
black 0.000564 -0.119761 0.503557 0.313474 0.272149 0.320247 0.535590 -0.152590 -0.190790 -0.153658 0.508679 0.057808 -0.175156 -0.267047 0.100217 0.294669 0.295597 0.175702 0.193278 0.061629 0.273092 -0.377235 0.031089 -0.162288 0.438656 -0.539846 0.257289 -0.290340 0.136804 0.234174 0.225388 0.032919 -0.025589 -0.011032 -0.302371 -0.105133 0.071893 0.127768 -0.435474 -0.008098 -0.025274 -0.142114 -0.436346 0.171357 -0.132886 -0.231435 0.228680 0.286603 0.115220 -0.347062
blankets -0.126677 0.148984 0.304077 0.163130 0.140929 0.224840 0.206578 -0.213677 -0.203647 -0.011641 0.229170 0.108123 -0.246703 -0.312683 0.224418 0.234810 -0.115011 0.124076 0.119180 0.008877 0.010319 -0.242925 -0.062716 -0.142688 0.211682 -0.241786 0.120579 0.002280 0.097288 0.288960 0.084235 -0.160714 -0.225246 -0.170992 -0.041028 -0.104981 0.192025 0.155316 -0.194853 0.064159 -0.102183 -0.172783 -0.350951 -0.117152 -0.097526 0.008920 0.104870 0.372822 0.064375 -0.099802
blew -0.256000 0.033660 0.362369 -0.231622 0.187065 -0.136959 0.302589 -0.192703 -0.342460 0.103412 0.095042 -0.109262 -0.087199 -0.023904 0.199210 0.405037 -0.092391 0.096665 0.334243 0.137708 0.000465 0.079782 -0.135142 -0.117724 0.134777 -0.424679 -0.011329 -0.033545 0.215441 0.017498 -0.041513 0.060004 -0.181685 0.037691 -0.243033 -0.272915 0.073767 0.213855 -0.199696 -0.059748 -0.185882 -0.201078 -0.241814 0.042999 0.027636 -0.195598 0.106314 0.139240 -0.087860 -0.280711
block -0.347037 0.139838 0.504539 -0.185166 0.155327 -0.380637 0.259321 -0.040928 -0.323160 -0.010190 0.314573 0.178361 -0.371642 -0.278770 0.487674 0.236373 -0.379723 0.184297 0.216845 0.288761 -0.196987 -0.013321 -0.235456 -0.196285 0.060752 -0.137658 0.079577 0.220384 0.053096 0.318810 -0.300028 0.082292 -0.012540 -0.148104 0.205966 -0.403094 0.211611 0.421388 -0.366468 -0.259073 -0.285274 -0.362822 -0.157780 -0.279915 0.132945 -0.190901 -0.068228 0.162803 -0.221394 0.031598
blood -0.114203 -0.015094 0.766039 -0.029167 0.139675 -0.139999 0.080194 -0.061890 -0.276792 0.044907 0.459494 0.110145 -0.513550 -0.321355 0.621417 0.134393 -0.402754 0.347335 0.283474 -0.033855 0.042757 -0.139680 0.026649 -0.375473 0.371922 0.064664 0.331336 0.225170 0.251332 0.403604 -0.044598 0.076116 -0.450581 -0.297406 0.216704 -0.375867 0.492499 0.482008 -0.448695 0.023091 0.054012 -0.263895 -0.304396 -0.303275 -0.246653 -0.338869 -0.015661 0.452553 -0.096279 -0.161301
blow -0.274798 0.247203 0.229256 -0.142162 0.051106 -0.286633 0.253942 -0.018756 -0.344309 -0.094616 0.116927 -0.080550 -0.378011 -0.087303 0.348003 0.157050 -0.186457 0.125317 0.231762 0.204054 -0.050686 -0.046477 -0.239392 -0.114949 0.035767 -0.087052 0.044028 0.242521 0.038965 0.166227 -0.173754 0.105167 0.008170 -0.102530 0.272169 -0.303104 0.196552 0.095057 -0.201253 -0.205988 -0.150758 -0.345399 0.010557 -0.137538 0.157438 -0.073668 -0.063599 0.083787 -0.115650 0.054378
blowing -0.328016 -0.089633 0.170705 0.216045 0.097399 0.205635 -0.012197 0.198425 -0.046536 -0.200274 0.005282 0.149339 0.082759 -0.359524 -0.072551 -0.006960 0.062472 0.139542 0.007397 0.103115 0.287201 -0.473102 -0.000735 -0.085508 0.348549 -0.186306 0.307310 -0.347729 -0.067096 0.305352 -0.143484 0.188311 -0.117544 -0.146680 -0.214749 -0.075722 0.058442 0.114367 -0.197691 0.178103 0.239529 -0.050725 -0.165940 -0.104057 -0.243006 -0.255497 -0.000464 0.065936 0.263158 -0.149980
blown -0.168537 -0.030973 0.081476 0.297640 0.083364 0.265106 -0.153125 0.054497 -0.114416 -0.241556 -0.110290 0.041593 0.015560 -0.140561 -0.144860 0.182530 -0.034736 0.046596 0.077762 0.023073 0.324339 -0.412971 0.203445 0.095166 0.351692 -0.190340 0.182571 -0.263781 0.008279 0.082057 -0.092875 0.029665 -0.104275 -0.085220 -0.226524 -0.000975 -0.029178 -0.056153 -0.237742 0.244216 0.040823 -0.046176 -0.279578 -0.177682 -0.093976 0.005415 0.028699 0.157917 0.229708 -0.041855
blows -0.209209 -0.158874 0.479795 -0.050315 0.205193 -0.142992 0.183682 -0.180400 -0.263581 -0.049472 0.098706 0.025159 -0.045487 -0.137439 0.220842 0.378335 -0.109229 0.210041 0.137988 0.206321 -0.056729 -0.156098 -0.075830 -0.079278 0.073557 -0.367567 0.084620 -0.141820 0.013837 0.191458 -0.057721 -0.017526 -0.169145 -0.117096 -0.097146 -0.244917 0.223462 0.173930 -0.290095 -0.089356 -0.089210 -0.201510 -0.281642 -0.136481 0.023154 -0.197399 0.020031 0.066365 -0.086348 -0.247895
blue -0.237013 0.161081 0.264455 0.141494 0.199345 -0.014927 0.143675 -0.321288 -0.358905 -0.046086 0.161432 -0.063026 0.041121 -0.342982 0.175484 0.262318 -0.217908 0.172740 -0.041806 -0.229450 0.305325 -0.411249 0.030004 -0.133814 0.268540 -0.427340 -0.058554 0.010355 0.102251 0.182320 -0.168420 -0.167413 -0.126259 -0.115737 -0.223656 0.070718 0.072176 -0.047266 -0.615634 0.135518 -0.150271 -0.386869 -0.330739 -0.232056 0.107226 -0.040136 -0.008103 0.326069 0.082872 -0.250431
blundered -0.151254 -0.110620 0.342314 0.013965 0.162113 -0.028859 -0.038229 -0.041268 -0.202850 0.126721 0.162469 0.091445 0.022884 -0.220459 0.286091 0.116879 -0.259961 -0.020549 0.016250 -0.104480 0.058771 -0.024264 -0.054313 -0.284517 0.084399 -0.104042 -0.057363 0.140002 0.169980 0.231666 -0.016564 -0.089041 -0.051923 -0.089149 -0.260482 -0.254623 0.195997 0.237602 -0.283484 0.098200 -0.046079 -0.225989 -0.198405 -0.117546 -0.006460 -0.189316 -0.085313 0.211961 0.101450 -0.220015
board -0.388773 0.150227 0.042874 0.147789 0.265839 0.412351 0.403412 -0.145950 -0.185100 -0.163413 0.231394 0.130219 -0.406811 -0.435175 -0.041472 0.195127 -0.010367 0.173080 -0.041352 -0.084500 -0.023038 -0.337157 -0.215620 -0.467030 0.335542 -0.316686 0.154780 -0.028387 0.135703 0.489771 0.166006 0.075494 -0.192344 0.040532 -0.381444 -0.289314 -0.047992 0.023650 -0.233031 0.248713 0.145725 -0.323630 -0.721144 0.040244 -0.440873 -0.228930 0.031594 0.530187 0.229700 0.034117
boat -0.596214 0.252956 0.578507 -0.169703 0.102607 -0.141327 -0.005591 0.322847 -0.320261 -0.443943 0.188508 0.358232 -0.551718 -0.504598 0.279980 0.345593 -0.046503 0.486536 0.484110 0.157364 0.286917 -0.434770 0.002177 -0.200510 0.611976 -0.037695 0.597945 -0.235139 0.018732 0.502280 -0.197678 0.498315 -0.298983 -0.297160 0.337814 -0.129721 0.035256 0.508489 -0.376900 0.065859 0.150265 -0.258849 -0.355498 -0.494509 -0.326710 -0.245005 0.236848 0.419549 0.186028 0.263171
bodies -0.128181 0.152545 0.359923 0.024235 0.090650 -0.072339 0.066551 -0.236000 -0.254992 0.079841 0.097759 -0.076099 0.026690 -0.103230 0.184611 0.231897 -0.155660 0.025002 0.003343 0.021180 0.065885 -0.052208 -0.002353 -0.006820 0.079861 -0.198380 -0.108096 0.044283 -0.059320 0.102346 -0.070006 -0.103840 -0.021049 -0.064295 -0.001861 -0.110386 0.100755 0.156812 -0.214668 -0.079888 -0.061332 -0.128713 -0.195561 -0.188441 0.139311 -0.019814 0.103122 0.054834 0.016180 -0.201640
body -0.534409 0.482434 0.437579 0.301160 -0.020778 -0.050592 0.659326 -0.082194 -0.288465 -0.441895 0.716211 0.490726 -0.468402 -0.924840 0.445484 0.169608 -0.601892 0.352893 0.181208 -0.184660 0.371404 -0.520037 -0.222438 -0.745952 0.338337 -0.563075 0.592687 -0.368310 0.522092 0.592780 -0.452336 0.325847 -0.622204 -0.489397 0.378915 -0.015042 0.296873 0.287019 -0.624429 0.597965 0.056894 -0.282937 -0.204570 -0.203699 -0.006058 -0.338957 0.242136 0.484715 0.069920 -0.107255
bok 0.341552 -0.444707 0.188852 1.184517 -0.466510 -0.162083 -0.516550 -0.224929 -1.126128 0.064184 -0.509074 -1.165534 -0.338328 -0.990305 -0.609254 0.246444 -0.303719 1.200499 -0.483757 -0.336630 0.306294 -1.028629 -0.184138 -0.327859 0.766332 -0.502283 -0.022424 0.256137 -0.154537 0.237336 -1.415167 1.289454 -0.629206 -1.426805 0.478309 -0.004508 0.619314 0.022632 -0.961489 1.137862 0.595255 -0.254937 0.194598 -0.037332 -0.064802 -1.137360 -1.665568 0.071865 -0.570049 -1.023801
bondell -0.536562 0.143385 0.211014 0.670000 -0.243543 0.324715 0.083454 -0.100365 -0.245594 -0.369130 0.052934 -0.326195 0.280284 -0.449770 -0.237372 0.189447 -0.025186 0.357990 -0.122479 -0.033548 0.734591 -0.638391 0.394066 0.199588 0.745323 -0.636379 0.480926 -0.903810 0.004974 0.224127 -0.674912 0.408096 -0.640373 -0.413252 -0.290734 -0.032506 0.152906 0.174924 -0.190218 0.540512 0.729279 0.123314 -0.561866 -0.031105 -0.345717 -0.398533 -0.084457 0.258665 0.046041 -0.195502
bone -0.261307 0.086685 0.296249 0.184106 0.194938 0.190762 0.145730 -0.037922 -0.150910 0.064157 0.362558 0.190731 -0.355534 -0.302294 0.149844 0.247645 -0.258363 0.169894 -0.088905 0.002217 -0.186315 -0.221987 -0.051536 -0.361085 0.250321 -0.207102 0.252603 0.131600 0.157999 0.333014 0.011941 0.037059 -0.235388 -0.204018 -0.322421 -0.286200 -0.106033 0.380457 -0.434797 0.137970 -0.224770 -0.142238 -0.543260 -0.281059 -0.018545 -0.103347 -0.062697 0.465080 0.062019 0.000103
bones -0.317065 0.201543 0.275818 0.116748 0.023797 0.083850 0.031362 0.016500 -0.200486 -0.014121 0.113566 0.224039 -0.138038 -0.448294 0.178225 0.250130 -0.216178 0.103243 0.088993 0.059684 0.192934 -0.216658 -0.108899 -0.145008 0.224198 -0.221119 0.107284 -0.117808 0.062698 0.207466 -0.178645 -0.052795 -0.056526 -0.140418 0.012784 -0.065210 0.091537 0.285086 -0.172521 0.104719 -0.055050 -0.220876 -0.345074 -0.234035 -0.084543 -0.062259 0.211116 0.303305 0.158485 -0.060671
bora -0.034617 -0.172451 0.712932 -0.084551 0.354394 -0.014879 0.151813 -0.346639 -0.202669 -0.188217 -0.060522 0.217257 -0.092029 -0.209912 0.256526 0.513684 -0.030614 0.078872 0.075568 0.171978 0.091717 -0.369542 0.001701 -0.020461 0.086597 -0.294708 -0.086658 0.006352 -0.171962 0.073896 0.245032 -0.165057 0.057834 0.028006 0.013077 0.146976 0.058384 0.074449 -0.236629 -0.101342 -0.103182 -0.082949 -0.487245 -0.428770 0.037516 0.012738 0.527470 0.089109 0.094771 -0.380635
bore -0.248297 -0.041071 0.444989 -0.315872 0.013810 -0.686887 0.050140 -0.076241 -0.476765 -0.081768 0.194200 -0.000280 -0.032805 -0.081460 0.326491 0.021067 -0.355596 0.103565 -0.032216 -0.038933 -0.231921 0.121368 -0.144372 -0.216305 -0.072292 -0.134899 -0.073129 0.236815 -0.262933 0.089611 -0.200684 0.042110 0.011885 -0.020396 0.096973 -0.250779 0.154738 0.115962 -0.628190 -0.250685 -0.027069 -0.300994 0.073489 -0.288542 0.269963 -0.293321 -0.295304 -0.082601 -0.214470 -0.211081
both -0.032587 -0.106036 0.410991 0.195102 0.254673 0.306692 0.236195 -0.243072 -0.309468 -0.085371 0.187255 0.116055 0.537510 -0.634949 0.169426 0.235069 -0.094297 -0.122171 -0.122142 -0.429099 0.892024 -0.484244 0.057668 -0.156256 0.500184 -0.249686 -0.224364 -0.340697 0.018734 0.248189 0.017083 -0.510353 0.246967 0.450727 -0.763442 0.388514 -0.056312 -0.313979 -0.374738 0.362577 0.039928 -0.418429 -0.759744 0.083689 -0.432634 -0.189096 0.147215 0.645831 0.344531 -0.200981
bottom -0.122070 0.133963 1.106133 0.141108 0.483557 0.024210 0.799853 -0.392304 -0.560665 -0.210932 0.854941 -0.047523 -0.630822 -0.555680 0.663520 0.355979 -0.009164 0.646123 0.280538 0.137100 -0.023983 -0.602030 -0.167941 -0.313125 0.617326 -0.450115 0.498249 0.012825 -0.134721 0.773864 0.125754 -0.058668 -0.374481 -0.208198 0.104940 -0.406632 0.453242 0.239006 -0.875330 -0.258582 -0.062747 -0.584720 -0.837849 -0.131333 -0.307797 -0.382023 -0.021888 0.699600 -0.104434 -0.247262
bought -0.101278 -0.023122 0.269940 0.043058 0.166048 0.003940 0.143370 -0.029244 -0.171264 -0.111799 0.204278 -0.088502 -0.023593 -0.154827 0.214650 0.043194 -0.194934 0.124832 0.057324 -0.028581 0.022311 -0.123527 0.011119 -0.210964 0.174370 -0.108782 0.154818 0.074926 -0.022069 0.263664 -0.051051 -0.041004 -0.087382 -0.016748 -0.074420 -0.282623 0.118456 0.027465 -0.347125 0.051724 0.038362 -0.167716 -0.265457 0.018090 -0.063582 -0.190002 -0.082760 0.180939 0.036347 -0.144287
bound -0.307403 0.116894 0.434614 -0.012789 0.015865 -0.122545 0.054606 -0.299031 -0.339858 0.116779 0.009187 -0.080691 -0.162671 -0.133601 0.100372 0.492549 -0.371352 -0.010092 0.041985 -0.061194 0.020870 -0.034140 -0.087721 -0.273596 0.041763 -0.316379 0.011343 0.121211 0.207984 0.103569 0.057590 -0.115204 -0.263576 -0.091815 -0.145279 -0.233604 -0.079551 0.081742 -0.538826 0.069907 -0.175524 -0.084534 -0.318315 -0.137976 0.248199 -0.060444 0.060703 0.189340 -0.093334 -0.423972
bow -0.255623 0.155101 0.355057 0.091058 0.153089 0.124444 0.051248 -0.211611 -0.310459 -0.121608 0.099109 -0.046334 -0.128616 -0.240765 0.186262 0.248094 -0.119324 0.212436 0.088131 -0.043307 0.156855 -0.314351 0.077970 -0.088883 0.354175 -0.209383 0.178715 -0.106978 -0.062339 0.309964 -0.097683 -0.071962 -0.332606 -0.120645 -0.049365 -0.132495 0.152769 0.208805 -0.248471 0.178994 0.129356 -0.140286 -0.403532 -0.202791 -0.122343 -0.106951 0.084970 0.327697 0.039642 -0.106201
box -0.282259 0.082391 0.299330 -0.023335 0.183884 -0.067580 0.040055 0.036257 -0.278279 -0.088427 0.075627 0.121925 -0.172628 -0.210756 0.201443 0.146940 -0.142102 0.137936 0.155843 0.098898 -0.028549 -0.143992 -0.069496 -0.126069 0.183372 -0.066532 0.095031 0.039218 -0.064424 0.250363 -0.084102 0.032603 -0.039226 -0.113441 0.085463 -0.236129 0.133152 0.176667 -0.301189 -0.045343 0.026340 -0.262930 -0.165263 -0.196011 -0.085236 -0.147266 0.022437 0.096482 0.029477 -0.029182
boy -0.468857 0.104788 0.349875 -0.051228 -0.066400 -0.221023 0.201319 0.234970 -0.180218 -0.283846 0.242961 0.163740 -0.584065 -0.349621 0.036198 0.198484 -0.142512 0.394912 0.316843 0.334918 -0.254148 -0.277910 -0.274197 -0.176919 0.196879 -0.253153 0.602803 0.038338 -0.053842 0.255089 -0.143688 0.372495 -0.121987 -0.341393 0.301339 -0.419561 0.079848 0.168638 -0.605506 -0.210681 -0.149599 -0.288935 -0.177109 -0.143807 -0.050750 -0.260961 -0.104933 0.237519 -0.179924 0.070552
boys -0.282227 0.068364 0.372688 0.256368 0.007628 0.107501 -0.150981 0.000438 -0.190305 -0.244837 -0.087200 0.080732 -0.375206 -0.110978 -0.023104 0.129608 -0.156727 0.048203 0.012878 0.224380 0.000220 -0.377153 0.103282 0.024744 0.201049 -0.112775 0.122379 0.076673 -0.097938 0.107275 -0.067484 0.208323 -0.176528 -0.268726 0.182487 -0.150017 0.040149 0.188575 -0.416243 -0.050841 0.137066 -0.010783 -0.203548 -0.403449 0.070235 0.008425 0.050905 0.017995 0.047305 -0.177688
brain -0.153614 0.016537 0.444896 0.019512 0.027736 -0.108609 0.087184 0.033327 0.040011 -0.007032 0.434478 0.213359 -0.188990 -0.264595 0.201643 0.020669 -0.241943 0.138341 -0.018596 -0.155710 -0.025345 -0.097823 0.018907 -0.426369 0.107811 -0.018094 0.247757 -0.066396 0.157234 0.259732 -0.014270 0.232645 -0.316810 -0.197338 0.024232 0.014168 0.006911 0.437328 -0.304859 0.174615 0.115346 0.037686 -0.205620 -0.111417 0.015961 -0.296864 0.162156 0.121600 -0.067114 -0.137383
breach -0.112053 0.059106 0.321627 0.149712 0.111511 0.094267 0.273454 -0.131599 -0.168072 -0.114356 0.328169 -0.049473 -0.255965 -0.148836 0.053807 0.181820 0.033751 0.273872 0.028305 0.161956 -0.067214 -0.234889 0.001948 0.000421 0.254900 -0.261822 0.228681 -0.052308 -0.119823 0.177990 0.057715 0.076755 -0.110081 -0.170199 -0.038933 -0.172747 0.028509 0.119109 -0.390869 -0.148692 -0.093706 -0.133656 -0.384162 -0.151905 -0.036952 -0.103878 -0.060849 0.219592 -0.014673 -0.017831
break -0.213418 0.309446 0.192314 -0.009544 0.051605 0.133675 0.083643 -0.098340 -0.209185 0.084354 0.055286 -0.038008 -0.187843 -0.234148 0.196218 0.172766 -0.045516 0.031859 0.168767 0.105162 0.049128 -0.097920 -0.209541 0.007848 0.124136 -0.097160 -0.021132 0.195512 -0.033580 0.268703 -0.042113 -0.262105 0.012062 -0.086680 0.078737 -0.230493 0.184260 0.099351 -0.052219 -0.127386 -0.148374 -0.262813 -0.171408 -0.041076 -0.087066 0.101692 0.036424 0.311900 0.048345 -0.005345
breakfast -0.473436 0.147457 0.352324 -0.223884 0.055038 -0.370643 -0.028761 0.059629 -0.353143 -0.234776 0.176799 0.172052 -0.104309 -0.187673 0.200717 0.259341 -0.263397 0.048161 0.269986 0.006221 0.025696 -0.164715 -0.017552 -0.189237 0.219262 -0.155386 0.045973 -0.049072 -0.057764 0.108909 -0.221001 0.293602 -0.052803 -0.140810 -0.008315 -0.020481 -0.095579 0.279888 -0.375268 0.058015 -0.087508 -0.244122 -0.077217 -0.346594 0.163790 -0.189604 0.098568 0.043701 0.005004 0.055224
breath -0.287586 0.196205 0.540539 -0.092332 0.192301 -0.247671 0.481386 -0.218873 -0.397850 -0.132389 0.530174 0.021938 -0.121848 -0.347220 0.476553 0.029614 -0.336064 0.153975 0.059334 -0.238529 0.004074 -0.064036 -0.191315 -0.431903 0.098235 -0.239517 -0.033497 0.197092 -0.030099 0.354420 0.003343 -0.100932 0.013235 -0.044858 0.177613 -0.280843 0.335905 0.048577 -0.616304 -0.016057 0.111551 -0.426617 -0.136852 0.031499 -0.008088 -0.272626 0.067823 0.158064 0.007902 -0.307934
breathing -0.176932 -0.032412 0.282623 0.212590 0.024534 0.104294 0.071825 -0.142415 -0.103105 -0.072926 0.364861 0.008224 -0.099873 -0.111765 -0.004452 0.140231 -0.153134 0.034419 -0.058169 -0.144584 0.014696 -0.105102 0.166164 -0.144168 0.144456 -0.277678 0.094401 -0.111485 -0.021144 0.089346 0.141511 0.001501 -0.161285 -0.170286 -0.219052 -0.024985 0.002110 0.149198 -0.337309 0.134418 0.020901 -0.037588 -0.374420 -0.138735 0.118359 -0.083780 0.079469 0.181774 0.135210 -0.181906
bridge -0.137872 -0.069516 0.414098 -0.180145 0.199052 -0.044008 -0.098632 -0.044864 -0.227655 0.121148 -0.000441 0.198233 -0.230076 -0.252094 0.298526 0.196571 -0.137165 0.217607 0.239636 0.052634 -0.055523 -0.141837 -0.096682 -0.226410 0.232700 -0.051629 0.132256 0.072136 0.159859 0.234522 0.011673 0.062225 -0.304187 -0.181454 -0.077348 -0.089710 0.223310 0.371451 -0.147682 0.005429 -0.072063 -0.211101 -0.222626 -0.295715 -0.212054 -0.176786 0.024532 0.319083 0.029432 -0.120204
bring -0.189706 0.346347 0.225615 0.347645 0.123988 0.057495 0.406368 -0.379974 -0.671955 0.357660 0.254196 -0.291035 -0.059388 -0.207215 0.632507 0.325076 -0.336964 -0.083348 0.224475 -0.023447 0.349101 -0.056259 -0.246130 -0.132405 0.217558 -0.312036 -0.112997 0.032228 0.489917 0.346147 -0.231798 -0.526664 -0.199078 -0.044553 -0.078559 -0.411861 0.538196 -0.245437 -0.145358 0.039669 -0.289835 -0.509897 -0.110969 0.119817 0.110250 0.094814 -0.260155 0.439082 -0.019153 -0.161311
broke -0.288354 -0.056150 0.458385 -0.112882 0.194374 -0.228249 0.197593 -0.123856 -0.221357 0.223320 0.272769 -0.120276 -0.105728 -0.148094 0.276462 0.296375 -0.436720 0.041898 -0.007863 -0.254934 -0.039533 -0.029836 -0.199818 -0.575862 -0.028362 -0.089105 0.066962 0.338048 0.434547 0.285658 0.115778 -0.079337 -0.245650 0.015017 -0.404194 -0.456291 0.020610 -0.042240 -0.743087 0.063319 -0.166248 -0.319259 -0.314539 0.145103 0.054089 -0.278079 -0.242053 0.331925 -0.181359 -0.340856
broken -0.392083 0.230912 0.346288 0.117140 0.096406 -0.171529 0.091467 0.177471 -0.382519 -0.111229 0.258763 0.095289 -0.210019 -0.225590 0.221200 0.156085 -0.217604 0.058974 0.120483 0.139465 0.152553 -0.130499 -0.013639 -0.227528 0.287940 -0.132435 0.207223 0.059176 0.054186 0.243640 -0.186998 0.205654 0.084209 -0.156780 0.126999 -0.393692 0.052078 0.060922 -0.647920 -0.113590 0.005796 -0.318545 -0.134078 -0.269521 0.099609 -0.213036 -0.069193 0.104296 0.133620 -0.060949
brother -0.463847 0.021750 0.217496 0.046614 -0.138043 -0.191461 -0.112124 0.245895 -0.074785 -0.048634 0.068757 0.196901 -0.060451 -0.294157 -0.127103 0.211117 -0.089802 0.090327 0.002993 0.215927 0.023504 -0.281052 -0.047622 -0.102697 0.215724 -0.189668 0.367417 -0.254215 -0.026250 0.092361 -0.257384 0.454973 -0.105386 -0.228040 -0.149344 -0.063335 -0.218663 0.203695 -0.423474 -0.018473 0.082032 -0.045406 -0.186998 -0.241345 -0.017519 -0.308440 -0.054370 0.068427 -0.043754 0.025097
brothers -0.221507 0.142794 0.280143 0.060168 0.270769 -0.205229 0.206179 -0.168450 -0.385408 -0.276596 0.158689 -0.166030 -0.008912 -0.024495 0.286065 -0.080474 -0.086393 0.220138 -0.079422 -0.078314 0.008973 -0.356764 0.070687 0.045700 0.165670 -0.058370 -0.086711 0.044330 -0.295208 0.268786 -0.278818 0.022572 -0.102266 -0.127417 0.178220 -0.041039 0.202266 -0.023463 -0.397354 0.004164 0.255605 -0.235559 -0.025807 -0.172383 0.065491 -0.083204 -0.080876 -0.157568 -0.100198 -0.045739
brought -0.250983 0.149390 0.369247 0.213295 0.289812 0.228685 0.251335 -0.154530 -0.621574 0.016388 -0.005376 0.004617 -0.051979 -0.264748 0.477676 0.384350 -0.135070 -0.062321 0.206672 0.127978 0.239707 -0.254754 -0.150292 -0.114392 0.331030 -0.213191 0.057654 0.001442 0.196120 0.422063 -0.202534 -0.323520 -0.141723 0.029728 -0.032005 -0.424393 0.197421 0.015478 -0.363628 0.057683 -0.043144 -0.293881 -0.245535 0.043201 -0.242902 -0.101377 -0.061342 0.361208 0.042810 -0.202044
brown -0.256660 -0.299013 0.651940 0.059638 -0.064877 -0.209972 0.021105 -0.072586 -0.110082 0.064082 0.416335 0.332504 -0.051781 -0.314911 0.065364 0.444549 -0.049387 -0.025127 -0.007023 0.258218 -0.121446 -0.302039 -0.208048 -0.210480 0.055836 -0.478615 0.302030 -0.174004 0.129473 0.188803 -0.079721 0.348203 -0.154045 -0.197108 -0.506673 -0.122642 -0.178785 0.505852 -0.606669 -0.123648 -0.268442 0.036559 -0.307857 -0.170089 0.255718 -0.329054 -0.183105 0.227085 -0.208768 -0.348638
brush -0.266845 -0.086340 0.453685 -0.053327 0.109139 -0.111692 0.073800 -0.029962 -0.198541 -0.038889 0.140810 0.132343 -0.043701 -0.284008 0.274178 0.197936 -0.184567 0.127073 0.108597 0.014846 0.059269 -0.172088 -0.145701 -0.240104 0.134079 -0.156502 0.144849 0.007544 0.074334 0.351353 -0.090657 0.002343 -0.167749 -0.121927 -0.092474 -0.277358 0.207227 0.249014 -0.302879 0.074499 0.017662 -0.141045 -0.192970 -0.088110 -0.105021 -0.243631 -0.039297 0.222277 -0.035801 -0.229106
brute -0.125867 0.061688 0.456537 -0.015141 0.137163 -0.075864 0.181048 -0.136023 -0.150542 -0.025235 0.274146 0.055947 -0.215434 -0.212191 0.186292 0.299509 -0.073119 0.208178 0.153884 0.051342 -0.003497 -0.258245 -0.069121 -0.157522 0.215700 -0.179617 0.215761 -0.006882 0.075803 0.196747 -0.030410 0.097636 -0.168126 -0.121561 -0.052638 -0.073282 -0.035290 0.229494 -0.320960 -0.049565 -0.204852 -0.138577 -0.344093 -0.128776 0.044388 -0.134500 0.061332 0.253934 -0.104816 -0.096044
buck -0.278706 0.153054 0.577019 -0.241880 0.114920 -0.382015 0.084853 -0.193432 -0.373807 -0.216436 -0.025266 0.075218 -0.330277 -0.184348 0.348569 0.267883 -0.201714 0.280014 0.260394 0.230551 -0.042640 -0.274220 -0.111863 -0.037620 0.184591 -0.080302 0.157136 0.106315 -0.068260 0.258863 -0.279310 0.197092 -0.266796 -0.177206 0.372436 -0.182405 0.108244 0.274470 -0.365676 -0.143480 -0.081642 -0.144153 -0.093350 -0.374623 0.055337 -0.110486 -0.000188 0.079782 -0.271657 -0.057674
built -0.368836 0.123811 0.321385 -0.024559 -0.072618 -0.145122 0.007259 0.031628 -0.215303 -0.048502 0.158471 0.123741 -0.231356 -0.236585 0.084910 0.293074 -0.106948 0.119823 0.213972 0.255164 -0.007958 -0.138412 -0.204959 -0.051830 0.167025 -0.238744 0.267011 -0.081228 0.005501 0.227089 -0.237810 0.203299 -0.101283 -0.185458 0.012204 -0.279318 0.001697 0.338336 -0.173948 -0.084242 -0.170827 -0.075403 -0.188308 -0.173436 0.077389 -0.173699 -0.012959 0.169298 -0.103513 0.018315
burst -0.337841 0.076807 0.334392 -0.071706 0.065837 -0.097150 0.085512 -0.085467 -0.292421 -0.027087 0.050686 0.031812 0.000004 -0.169405 0.180941 0.266432 -0.083190 0.034899 0.131628 0.103021 0.127046 -0.172874 -0.064777 -0.105629 0.188587 -0.203987 0.039848 -0.097868 0.006537 0.186129 -0.107977 0.082605 -0.081988 -0.041857 -0.128442 -0.139254 0.077045 0.156884 -0.196116 0.030744 0.061074 -0.145554 -0.212872 -0.147708 -0.057954 -0.188851 0.090496 0.122664 0.009123 -0.132191
bursting -0.145343 0.022579 0.343691 0.072628 0.035028 0.040332 0.229004 -0.168442 -0.188419 0.043836 0.280589 0.025127 -0.191651 -0.257956 0.195376 0.217545 -0.012472 0.161669 0.165437 0.100315 0.094215 -0.207601 -0.116723 -0.085439 0.237454 -0.241935 0.237538 -0.083325 0.079377 0.264328 0.015933 -0.010694 -0.181486 -0.136455 -0.062495 -0.155297 0.193038 0.132281 -0.220359 -0.054596 -0.149943 -0.160894 -0.260145 -0.030806 -0.094499 -0.143647 -0.031492 0.333467 -0.066267 -0.079554
business -0.541645 0.010678 0.464292 0.378147 -0.061971 -0.035259 -0.134366 -0.025802 -0.196805 -0.492406 0.045288 0.077405 0.140376 -0.344062 -0.129416 0.116855 -0.130510 0.186582 -0.296052 0.098451 0.256452 -0.522529 0.246541 0.040829 0.291963 -0.373470 0.260702 -0.466692 -0.452503 0.375956 -0.419919 0.213454 -0.249443 -0.311696 -0.034903 -0.109332 0.022546 0.345160 -0.539778 0.207310 0.524633 0.090199 -0.401533 -0.349870 0.016465 -0.276795 -0.001960 -0.058001 0.036051 -0.218583
busy -0.187380 0.028624 0.253694 0.269347 0.085399 0.093177 0.049113 0.025106 -0.164016 -0.087075 0.120119 0.063624 0.018936 -0.308985 0.126470 -0.008671 -0.135502 0.120440 -0.064578 0.064779 0.273533 -0.233773 0.039151 -0.115531 0.269917 -0.174444 0.164346 -0.220031 -0.021289 0.361794 -0.293295 -0.017133 -0.129900 -0.089883 -0.040772 -0.216770 0.189178 0.172118 -0.210835 0.101414 0.172067 -0.115120 -0.245603 -0.129931 -0.094832 -0.179093 -0.076584 0.143683 0.131737 -0.102877
but -0.363002 -0.315778 0.490012 -0.021551 -0.198406 -0.446292 0.258285 -0.438717 -0.606072 -0.914047 -0.108338 -0.374969 -0.097329 0.238972 0.045450 0.224889 0.048099 0.411132 0.188382 -0.102812 0.678393 -0.348227 -0.054213 0.430764 -0.037965 -0.773794 0.251620 -0.433536 0.032362 0.136871 -0.404062 -0.104386 0.089882 0.207614 0.482947 -0.864738 0.692945 -0.174513 -0.329209 0.051868 0.334414 0.016156 0.221828 -0.045098 -0.063751 -0.348074 -0.340268 -0.026435 -0.449382 -0.304828
buy -0.489309 0.576415 0.196509 0.080703 0.167817 0.081553 0.166073 -0.259027 -0.667230 0.050029 -0.106470 -0.120820 -0.263496 -0.204226 0.314986 0.302488 -0.386443 -0.087147 0.186432 0.117278 -0.011565 -0.108331 -0.238326 0.031535 0.139581 -0.178348 -0.228664 0.334153 -0.061807 0.190699 -0.133436 -0.438817 -0.056788 -0.094361 0.131634 -0.315052 0.084782 -0.070578 -0.333379 -0.133315 -0.279854 -0.432728 -0.220735 -0.240089 0.130568 0.283678 -0.010893 0.257411 0.037410 -0.036732
by -0.479817 -0.046080 1.076170 -0.605890 -0.505078 -0.710833 -0.387069 -0.340085 -0.258797 0.600176 0.122788 0.425557 0.312333 -0.643310 -0.235376 0.386487 -0.030505 0.050111 0.447339 0.345006 0.013326 0.694820 -0.462674 0.131594 -0.092758 -0.838196 -0.156309 -0.267385 -0.519407 0.161072 -0.045347 0.030307 0.274543 -0.583298 0.034196 0.147941 0.111694 1.074063 -0.045109 -0.710867 -0.364476 0.006552 0.010515 -0.322441 0.461417 -0.123159 0.382451 -0.101488 0.132008 -0.840604
bye -0.271797 -0.036221 0.451952 0.036735 0.041773 -0.176948 -0.161143 -0.361377 -0.498934 -0.095134 -0.101599 -0.440047 -0.056609 0.358398 0.159710 0.219347 -0.037511 -0.085926 0.058501 0.080728 0.199608 -0.163445 0.157676 0.217710 0.098902 -0.186019 -0.154282 0.194453 -0.129341 0.165483 -0.131274 -0.033632 -0.170974 -0.009424 -0.097188 -0.494747 0.174475 0.049103 -0.426532 -0.110056 0.053905 0.014412 -0.041644 -0.162616 0.288837 0.018808 -0.294878 -0.115750 -0.119108 -0.366322
cabin -0.104178 -0.099197 0.812297 -0.332661 0.486624 -0.025831 0.290238 -0.151522 -0.286240 0.051982 0.336861 0.246584 -0.164073 -0.400168 0.600962 0.428021 -0.261925 0.255187 0.329448 -0.072766 -0.030418 -0.098587 -0.184239 -0.474715 0.243786 -0.153598 0.041580 0.213224 0.250385 0.435675 0.155755 -0.180996 -0.227687 -0.004495 -0.276646 -0.279303 0.221633 0.555689 -0.285976 0.096129 -0.269331 -0.382231 -0.591685 -0.123925 -0.202450 -0.229214 0.209494 0.544659 0.052453 -0.291202
california -0.328495 -0.002107 0.172923 0.339458 0.092537 0.351135 0.184886 -0.309029 -0.113129 -0.152020 0.063733 -0.274555 -0.095879 -0.055272 -0.068433 0.221152 -0.225359 0.018542 0.109804 -0.177990 0.217141 -0.325812 0.016509 -0.032249 0.188927 -0.334693 0.075639 0.128580 0.228929 0.244362 0.146402 -0.174661 -0.100061 -0.133522 -0.362779 -0.469228 0.113041 -0.308597 -0.469153 0.228855 -0.052956 -0.083655 -0.373581 0.206776 -0.057114 0.145443 -0.121312 0.288265 0.131432 -0.338951
call -0.405477 0.258366 0.580301 -0.176886 0.093594 -0.168262 -0.009546 -0.323266 -0.619258 -0.108442 -0.060139 0.043250 -0.404502 -0.294815 0.495840 0.316606 -0.343541 0.217645 0.463588 0.202179 -0.085613 -0.138004 -0.215308 0.099175 0.216357 -0.109449 0.064482 0.241128 -0.213674 0.366834 -0.144253 -0.284294 -0.159971 -0.280797 0.464049 -0.341938 0.476038 0.263720 -0.208641 -0.205440 -0.238282 -0.399753 -0.155333 -0.435169 -0.018360 0.065294 0.013252 0.320140 -0.044511 -0.032871
called 0.036801 -0.414206 0.839081 -0.465030 0.434700 -0.540737 0.287268 -0.338449 -0.435832 -0.109234 0.127957 -0.177535 0.141820 -0.206955 0.748390 0.180632 -0.272768 0.151276 0.307830 -0.225943 0.109437 -0.031961 -0.534542 -0.391222 -0.278543 -0.132105 -0.163352 0.612728 0.155493 0.616889 -0.023843 -0.587050 0.045178 0.172425 0.008018 -0.791830 0.742940 -0.049004 -0.683556 -0.205349 -0.327242 -0.569718 0.101011 0.356921 0.093618 -0.290825 -0.521153 0.208327 -0.338470 -0.681002
calm 0.027908 -0.036091 0.232593 0.333500 0.144545 0.222666 0.157329 -0.219777 -0.073004 -0.097135 0.457918 -0.063306 -0.217352 -0.216334 -0.011943 0.174652 -0.036082 0.462306 -0.018833 0.032340 -0.160575 -0.376087 0.163880 -0.056878 0.340651 -0.381768 0.397946 -0.145238 -0.117407 0.203859 0.055420 0.003950 -0.316545 -0.374151 -0.105878 -0.063644 0.171295 0.146631 -0.387548 0.039973 -0.177523 -0.107610 -0.478413 -0.250849 0.016635 -0.114678 -0.104642 0.344319 0.040887 -0.017392
came -0.431923 0.101771 -0.186776 -0.805113 0.165020 -0.618107 0.967196 -0.801049 -0.704503 0.403781 0.263821 -0.423892 -0.505694 -0.161748 0.547819 0.361147 -0.709399 0.498209 0.757369 -0.210047 -0.312364 0.314406 -0.776119 -0.339616 -0.147822 -0.638888 -0.096059 0.459948 0.703881 0.271289 0.021545 -0.546278 -0.500470 0.007459 -0.385976 -0.586728 0.560114 -0.673493 -0.351142 -0.102450 -1.265058 -0.841458 0.069491 0.279654 0.003206 -0.072377 -0.757046 0.785434 -0.507585 -0.017860
camp -0.336382 0.191257 0.317508 -0.042034 0.041055 -0.154670 0.397962 -0.141078 -0.330454 -0.068174 0.403461 0.196799 -0.167117 -0.446509 0.388049 0.142242 -0.328144 0.036100 0.194418 -0.079350 0.013214 -0.115123 -0.339529 -0.381213 0.048835 -0.306975 0.050327 0.104231 0.250041 0.340046 -0.105435 -0.041856 -0.110180 -0.168002 0.034010 -0.258936 0.270079 0.075463 -0.468750 0.036788 -0.134470 -0.383658 -0.068960 0.052734 -0.007347 -0.138427 -0.068574 0.355188 -0.082727 -0.127166
can -0.655566 0.500908 1.019663 -0.170219 0.553905 -0.383249 -0.279321 -0.264049 -0.986423 0.200348 0.013905 -0.722065 0.007796 0.513578 0.614372 -0.010058 -0.557008 -0.134603 -0.531291 0.288639 -0.422196 -0.082205 0.374596 0.313042 0.282814 0.461195 -0.710605 0.911197 -1.199896 0.295513 -0.113316 -0.384110 0.208981 0.142049 -0.109100 -0.803859 0.078364 0.246981 -0.708852 -0.614322 0.734546 -0.266919 -0.638169 -0.876338 0.233120 -0.299234 0.000334 -0.409807 0.114575 -0.419877
cannot -0.386872 0.076892 0.693413 -0.117007 0.145508 -0.417274 -0.555529 -0.302974 -0.656408 0.329824 -0.213730 -0.679058 0.144967 0.148144 0.347693 0.208343 -0.724759 -0.142829 -0.269186 -0.456856 0.141408 0.118550 0.125353 -0.407403 0.062246 0.145552 -0.621750 1.001750 -0.159343 0.175764 -0.019478 -0.299321 0.072870 0.088213 -0.260094 -0.717779 0.206822 0.125895 -0.834801 0.122683 0.173437 -0.405425 -0.131137 -0.398157 0.440483 -0.312840 -0.218068 -0.041011 0.026949 -0.821439
canoe -0.521443 0.325917 0.417796 -0.216680 0.335644 -0.371054 0.486975 -0.100330 -0.556529 -0.295184 0.595192 0.161663 -0.797919 -0.286666 0.570265 0.256711 -0.445180 0.344376 0.382891 0.228839 -0.179212 -0.268171 -0.283257 -0.353835 0.235044 -0.364581 0.096406 0.443431 0.331502 0.435624 -0.466089 0.219025 -0.171945 -0.246236 0.130340 -0.630270 0.341950 0.485148 -0.684628 -0.157282 -0.554616 -0.720210 -0.141858 -0.392089 0.272658 -0.172066 -0.267559 0.378967 -0.245243 0.080316
canvas -0.297835 0.134504 0.463620 -0.195500 0.060690 -0.235215 0.057088 -0.141738 -0.447140 -0.031248 -0.026929 0.015244 -0.102533 -0.114100 0.247829 0.352585 -0.047734 0.121019 0.276172 0.222676 0.041693 -0.167099 -0.097440 0.047505 0.172921 -0.222497 0.071904 -0.086177 -0.144593 0.098056 -0.088028 0.072426 -0.136275 -0.127646 0.122671 -0.064981 0.090494 0.156430 -0.236988 -0.154942 -0.061141 -0.144561 -0.076604 -0.295091 0.044149 -0.112796 0.133256 0.048721 -0.035053 -0.112254
canyon -0.212769 0.104172 0.800771 -0.351183 0.099857 -0.407656 0.316767 -0.460749 -0.410343 0.171779 0.176764 -0.171190 -0.231555 -0.259522 0.568878 0.600133 -0.480449 0.444997 0.459327 0.322004 -0.238670 0.035765 -0.252934 -0.199084 0.040312 -0.455466 0.349347 0.075963 0.086933 0.233862 -0.030135 -0.184282 -0.601211 -0.360910 0.252486 -0.467050 0.581794 0.276495 -0.355168 -0.236260 -0.311354 -0.296351 -0.367341 -0.209509 0.143450 -0.304601 0.100047 0.325820 -0.383039 -0.305596
cape 0.000543 0.049020 0.233412 0.256703 0.195874 0.300429 0.417420 -0.270566 -0.218953 -0.101089 0.132785 -0.031318 -0.164163 -0.089459 0.109986 0.254856 0.205556 0.064903 0.192820 0.165531 0.219166 -0.276295 -0.004580 0.095879 0.231405 -0.407172 0.055835 -0.183120 0.118293 0.120147 0.081532 -0.103462 -0.074601 -0.042521 -0.121285 -0.044062 0.131751 0.004316 -0.154041 -0.075161 -0.121154 -0.113033 -0.238382 0.074820 -0.027575 0.084634 0.104197 0.177086 0.036501 -0.189853
captain 0.115137 -0.721993 0.712666 0.124131 0.189959 -0.586421 0.519793 -0.173710 0.055700 -1.086396 0.178386 0.221261 -0.002575 -0.234286 -0.131988 0.167082 -0.425913 0.659293 0.205667 0.086996 -0.191440 -0.391756 0.227625 -0.141208 0.140597 -0.287917 0.259789 -0.425538 0.189658 -0.142634 -0.684265 1.164314 -0.128304 -0.529922 0.231814 0.115554 0.038059 -0.194484 -0.894788 0.035753 0.186322 -0.346237 -0.093479 -0.066413 0.067005 -0.181743 -0.226692 -0.221796 -0.311373 -0.579915
care -0.321707 0.186422 0.259422 0.308554 0.117380 0.165231 0.221649 -0.253185 -0.424788 -0.056796 0.172411 -0.114939 0.010624 -0.219139 0.061061 0.087257 -0.171585 0.056750 0.017868 -0.122274 0.211200 -0.232903 0.040525 0.014179 0.285945 -0.368798 -0.060814 -0.156640 -0.081247 0.176215 0.012309 -0.141834 -0.052704 -0.188105 -0.084406 -0.092837 0.178314 -0.210137 -0.458373 0.067005 0.199043 -0.272310 -0.227293 -0.103924 -0.055476 -0.014582 0.068512 0.068414 0.237202 -0.331973
carefully -0.220987 -0.294744 0.448181 -0.205299 0.051084 -0.374389 -0.142438 -0.062601 -0.331572 0.020941 0.084192 0.097864 -0.022002 -0.069248 0.374248 0.133064 -0.316560 -0.090262 0.226782 -0.079909 0.110550 0.120359 0.002547 -0.254094 0.060909 -0.127647 -0.028825 0.119716 0.177204 0.112209 -0.042870 0.039368 -0.067387 -0.006252 -0.201552 -0.269238 0.235358 0.286319 -0.326315 0.055481 -0.133800 -0.242106 0.031792 -0.206978 0.170727 -0.230749 -0.138322 0.092497 0.002693 -0.283301
carelessly -0.228212 0.019234 0.287703 -0.080847 0.037865 -0.192605 0.159772 0.001988 -0.157967 0.039992 0.296512 0.095455 -0.111348 -0.271508 0.235388 0.086338 -0.225636 0.118420 0.086580 -0.004632 -0.049236 -0.003828 -0.200148 -0.299226 0.046040 -0.198712 0.116281 0.085717 0.093448 0.229377 -0.108522 0.026121 -0.044226 -0.123494 -0.042321 -0.237811 0.178181 0.219483 -0.327075 -0.026996 -0.112883 -0.277751 -0.123900 -0.015596 0.047652 -0.217526 -0.082096 0.199066 -0.040783 -0.112883
caressing -0.111043 0.080164 0.254399 0.048786 0.097584 0.085878 0.224358 -0.066825 -0.153822 0.027437 0.038223 0.109457 -0.139263 -0.308509 0.124261 0.188420 0.023717 0.179096 0.109722 0.168516 0.034291 -0.217424 -0.165810 -0.103886 0.216473 -0.144636 0.215066 -0.168418 0.066584 0.238971 -0.062332 0.023172 -0.158796 -0.053138 -0.001939 -0.073412 0.045890 0.094163 -0.074386 -0.025964 -0.016059 -0.108286 -0.244448 -0.022262 -0.207541 -0.128306 0.055424 0.227990 -0.042912 -0.029435
carried -0.282728 0.100628 0.414656 -0.163129 -0.009360 -0.287913 -0.009720 -0.310033 -0.564803 0.283539 0.379814 -0.095102 -0.043225 -0.180105 0.354731 0.319563 -0.402738 0.089186 0.326910 -0.324479 0.015251 0.250079 -0.056915 -0.326414 0.154793 -0.426113 0.060990 0.119680 0.264268 0.065308 0.086617 -0.326675 -0.332680 -0.262162 -0.126135 -0.292963 0.437183 0.079286 -0.664718 -0.037396 -0.215740 -0.491213 -0.113846 -0.088854 0.121591 -0.194808 -0.171188 0.462705 -0.029604 -0.351669
carry -0.233601 0.454218 0.205982 0.136217 0.047499 0.104613 0.270629 -0.281236 -0.533200 0.047040 0.172242 -0.091363 -0.072256 -0.361107 0.303211 0.328893 -0.059312 0.091015 0.232619 0.071382 0.209917 -0.200098 -0.177993 0.005761 0.300223 -0.374623 0.025531 -0.124228 0.017660 0.243306 -0.140619 -0.264575 -0.149079 -0.118099 0.073450 -0.049556 0.246961 -0.059075 -0.159356 -0.045252 -0.154664 -0.373262 -0.237816 -0.094150 -0.013685 0.047351 0.042673 0.379610 0.109304 -0.026321
cast -0.175354 -0.207229 0.369448 0.061205 0.253791 -0.001808 0.044253 -0.065666 -0.248888 0.034204 0.213121 0.048204 0.056764 -0.248267 0.294112 0.114301 -0.247622 0.128482 0.038083 -0.159932 0.063185 -0.116628 0.005021 -0.291201 0.184156 -0.131413 0.039658 -0.009980 0.153409 0.350955 -0.022599 -0.117197 -0.202462 -0.092675 -0.287404 -0.275085 0.317713 0.152381 -0.380623 0.169374 0.058075 -0.329095 -0.268301 -0.043305 -0.150914 -0.229819 -0.198652 0.281622 0.085001 -0.228703
catch -0.264182 0.322883 0.196799 -0.020258 0.030137 -0.013711 -0.049799 -0.217838 -0.331097 0.146789 -0.090912 -0.060142 -0.145883 -0.194907 0.193720 0.161452 -0.236164 0.120267 0.109719 0.052132 -0.060192 -0.055862 -0.116170 0.029639 0.127798 -0.061600 -0.092708 0.172372 -0.021583 0.167859 -0.185028 -0.195541 -0.200002 -0.184040 0.131660 -0.183172 0.256901 0.141507 -0.092933 -0.050017 -0.050084 -0.252907 -0.134614 -0.222075 -0.080098 0.077819 -0.044429 0.228543 -0.046577 -0.022714
caught -0.460968 -0.131557 0.573584 -0.134869 0.245244 -0.240259 0.139152 -0.181255 -0.617288 -0.450350 0.419821 -0.159207 0.010464 0.003656 0.233537 0.189518 -0.234851 -0.073125 0.260617 -0.378370 0.212178 -0.142396 0.280221 -0.251687 0.320293 -0.329583 -0.201897 0.081640 -0.274174 0.125991 0.263412 0.019166 0.107592 0.038876 -0.313484 -0.125039 0.075793 -0.026095 -0.833538 0.082472 0.108692 -0.439185 -0.243045 -0.202668 0.212922 -0.256837 0.105103 0.009821 0.335521 -0.426154
cause -0.375957 0.289061 0.298127 0.265413 0.024888 0.016024 0.151245 -0.026766 -0.372683 -0.002317 0.162621 0.086695 -0.177565 -0.423907 0.170802 0.210504 -0.098027 0.182161 0.053404 0.297407 0.051238 -0.194891 -0.114000 0.013730 0.280136 -0.356679 0.249828 -0.211144 -0.183468 0.275682 -0.264960 -0.032275 -0.040080 -0.345741 0.219367 -0.236106 0.279644 0.176505 -0.319096 -0.196545 0.032995 -0.368273 -0.229822 -0.266242 0.006538 -0.093303 -0.006188 0.192186 0.084989 -0.019651
ceased -0.469467 -0.282942 0.424156 -0.134225 0.207707 -0.134682 -0.130631 -0.110255 -0.190783 0.363650 0.109412 0.476535 0.124094 -0.495232 0.290678 0.256867 -0.558493 -0.027329 0.066229 -0.180306 -0.158301 0.115825 -0.141578 -0.485275 -0.004467 -0.326428 -0.114517 0.060545 0.379302 0.282719 0.010240 -0.087543 -0.267524 -0.350014 -0.513727 -0.271316 0.322666 0.501517 -0.502819 0.172302 -0.080742 -0.418782 -0.232397 -0.229323 -0.126911 -0.246420 -0.047236 0.290002 0.113944 -0.450747
centre -0.170041 -0.037706 0.453361 -0.076868 0.176585 -0.137778 0.025602 -0.172659 -0.327565 0.001802 -0.018883 0.073278 -0.090675 -0.247424 0.268756 0.290898 -0.117068 0.291488 0.147833 0.124042 0.036473 -0.250022 -0.064168 -0.154322 0.209489 -0.281918 0.204077 -0.100820 0.004033 0.257982 -0.138059 0.020183 -0.351743 -0.188148 -0.004367 -0.124734 0.240308 0.238976 -0.313393 -0.005892 -0.058852 -0.144554 -0.199909 -0.303783 -0.042226 -0.201792 -0.031183 0.202527 -0.058670 -0.209579
cents -0.222050 0.134374 0.416638 -0.101664 0.060300 -0.242587 -0.073679 -0.069925 -0.339487 -0.139587 -0.053628 0.089348 -0.050029 -0.122558 0.203423 0.291783 -0.212951 -0.015291 0.115147 0.145327 0.191359 -0.212480 -0.013075 -0.015534 0.164988 -0.118297 -0.104852 0.039000 -0.032648 -0.017912 -0.305661 0.173575 0.059339 -0.014870 0.073112 -0.006173 -0.084271 0.261795 -0.251832 -0.031702 -0.112878 -0.086887 -0.144302 -0.423803 0.213052 -0.048017 0.104068 0.001612 0.007841 -0.126236
certain -0.295075 -0.010811 0.617936 0.133685 0.016751 -0.232664 0.201340 -0.321701 -0.287109 0.007704 0.442627 -0.069285 -0.294718 -0.098505 0.073224 0.309479 -0.186654 0.286639 -0.117703 0.254985 -0.195565 -0.177104 0.076501 -0.003258 0.187282 -0.484096 0.194097 0.015533 -0.219527 0.130593 -0.108161 0.161296 -0.174105 -0.373448 -0.051285 -0.294991 0.094675 0.303299 -0.634004 -0.320875 -0.141698 -0.115861 -0.369850 -0.400011 0.310401 -0.253373 -0.078289 0.045929 -0.219630 -0.309745
chance -0.602349 0.342027 0.585808 -0.470152 0.034833 -0.469340 0.165664 0.261047 -0.373767 -0.315294 0.236934 0.318334 -0.655537 -0.462822 0.330116 0.174348 -0.213094 0.500473 0.328362 0.379575 -0.226185 -0.170749 -0.240360 -0.315994 0.312354 -0.172159 0.591095 0.055919 -0.219858 0.414223 -0.270011 0.491120 -0.258053 -0.285702 0.468618 -0.353839 0.044577 0.683450 -0.489496 -0.251634 -0.013732 -0.257313 -0.205265 -0.536504 -0.066354 -0.376450 0.070226 0.291891 -0.111170 0.191586
chang -0.451922 0.033989 0.489975 0.210511 -0.112384 0.147100 -0.439962 -0.303949 -0.388314 -0.231498 -0.398719 -0.355861 0.011129 0.072931 0.090981 0.374193 -0.062983 -0.299291 0.110093 -0.086307 0.477446 -0.674460 0.001966 0.274488 0.216542 0.118113 -0.107782 0.190908 -0.222678 0.263255 -0.094064 -0.008423 -0.088743 -0.054021 -0.148085 -0.221763 -0.028531 -0.068184 -0.354102 0.253203 0.266897 0.042303 -0.313256 -0.118591 -0.090853 0.080428 -0.120670 0.127952 -0.155967 -0.251070
change -0.111968 0.172464 0.310735 0.042018 0.076897 0.015700 0.304238 -0.253099 -0.207285 0.020809 0.168764 -0.054682 -0.167181 -0.195701 0.309070 0.152806 -0.225307 0.091853 0.167479 0.028621 0.078173 -0.085878 -0.140395 -0.107609 0.062470 -0.188739 0.035491 0.070172 0.140539 0.191829 -0.028744 -0.116035 -0.130859 -0.117656 0.150390 -0.172884 0.224975 0.017517 -0.175960 -0.036615 -0.098450 -0.164014 -0.173386 0.013515 0.012869 0.018469 0.057478 0.192767 -0.036888 -0.129200
changing -0.057407 0.083132 0.222698 0.054547 -0.028971 0.000500 0.006015 -0.021771 -0.047014 0.109488 0.158758 0.032864 -0.025937 -0.135829 0.176464 0.138774 -0.116936 -0.043032 0.079917 -0.009631 0.152568 0.007760 0.012556 -0.126925 0.078297 -0.045616 0.041576 -0.075696 0.141869 0.098238 -0.033571 -0.017075 -0.080470 -0.047224 0.015829 -0.017599 0.082269 0.167385 -0.014713 0.055630 -0.016497 -0.021147 -0.124391 -0.046183 0.025335 -0.085420 0.121813 0.145427 0.025231 -0.064059
charge -0.381294 0.269127 0.363057 0.363174 0.161104 0.196825 0.373177 -0.351794 -0.504649 0.064623 0.235423 -0.263809 -0.215124 -0.061680 0.240079 0.160889 -0.170464 -0.048211 0.040183 0.037107 0.173753 -0.252504 0.008179 0.087625 0.360241 -0.320864 -0.071494 0.098237 -0.019695 0.230114 -0.051128 -0.151723 0.054183 -0.115367 -0.170575 -0.367684 0.195773 -0.052001 -0.407270 -0.053175 0.031328 -0.310907 -0.356088 -0.055974 0.064100 0.012977 0.004587 0.180270 0.038997 -0.189794
charley -0.457015 0.231175 0.042621 0.699290 0.044879 0.332726 -0.020229 -0.182159 -0.225571 -0.193463 0.171500 -0.310606 -0.224164 -0.267975 -0.148365 -0.020929 -0.397747 0.555607 -0.193635 -0.231398 0.167708 -0.606881 0.347281 0.074564 0.737572 -0.276016 0.354249 -0.279441 0.144299 0.254728 -0.651171 0.324306 -0.629244 -0.567169 -0.244295 -0.233784 0.161672 0.144580 -0.435546 0.501744 0.486229 -0.215733 -0.773649 -0.250658 -0.270082 -0.120100 -0.373608 0.361553 -0.022560 0.018675
check -0.203040 0.148992 0.450333 -0.222278 0.152150 -0.267808 0.196050 -0.154050 -0.325486 -0.010985 0.094226 0.108513 -0.146487 -0.236547 0.372332 0.191012 -0.157589 0.162719 0.201836 0.129701 -0.055242 -0.001175 -0.173931 -0.111999 0.045169 -0.170996 -0.030385 0.061028 -0.091285 0.208050 -0.137887 -0.081272 -0.065185 -0.099248 0.278121 -0.118604 0.251376 0.268915 -0.178828 -0.190775 -0.061228 -0.285253 -0.067964 -0.177879 0.048738 -0.098341 0.135907 0.066325 -0.067619 -0.126431
chest -0.358769 0.087848 0.274684 -0.144956 0.143537 -0.112204 0.018105 -0.046836 -0.276647 0.034723 0.208931 0.229671 -0.122371 -0.255283 0.290762 0.178873 -0.285411 0.087561 0.176351 -0.021009 -0.001593 -0.105506 -0.014565 -0.232122 0.216234 -0.097445 0.024806 -0.026108 0.126463 0.221952 -0.124934 0.094196 -0.208333 -0.165811 -0.131494 -0.039696 0.097910 0.362920 -0.198342 0.129975 -0.087334 -0.254083 -0.212223 -0.299493 -0.065626 -0.146737 0.084025 0.229163 0.057963 0.069206
chief -0.120554 -0.092055 0.341852 0.122663 0.140075 0.042724 0.130641 -0.196824 -0.270308 -0.066510 -0.061678 -0.039376 -0.124934 -0.047987 0.054026 0.222555 0.013563 0.067997 0.062242 0.124845 0.092660 -0.239683 0.005336 0.030321 0.173604 -0.286062 0.064512 -0.054405 0.006063 0.106486 -0.018550 0.017816 -0.141573 -0.048855 -0.098162 -0.168574 0.028270 0.070758 -0.336981 -0.069162 -0.029984 -0.033728 -0.198080 -0.105684 0.022457 -0.035137 -0.044069 0.076777 -0.042819 -0.313727
chilcoot -0.095186 -0.128793 0.405063 0.046907 0.264955 0.117310 0.096006 -0.055247 -0.166501 -0.087207 0.220697 0.245785 -0.169668 -0.333324 0.276289 0.143402 -0.079237 0.210114 0.115677 -0.001226 0.024180 -0.268702 -0.063690 -0.266764 0.272423 -0.138122 0.223176 -0.046319 0.085418 0.448700 -0.023282 -0.055140 -0.215618 -0.098132 -0.129379 -0.229925 0.224636 0.354327 -0.218390 0.134453 -0.050985 -0.151689 -0.320248 -0.149362 -0.216625 -0.194701 -0.018475 0.359388 0.042297 -0.110856
child -0.478387 0.279598 0.465039 -0.007946 -0.098200 -0.281941 0.347495 -0.026823 -0.267483 -0.105163 0.473385 0.112277 -0.289615 -0.425565 0.142777 0.264989 -0.227623 0.341164 0.085739 0.123566 -0.056860 -0.179059 -0.149436 -0.250101 0.348010 -0.375231 0.388165 -0.172569 0.063937 0.207445 -0.344194 0.475715 -0.279263 -0.304492 0.065574 -0.143330 -0.098512 0.400454 -0.531132 -0.018078 0.045379 -0.175184 -0.362918 -0.177728 0.020767 -0.366429 0.014338 0.270694 -0.256390 -0.009944
children -0.270142 0.229403 0.465979 -0.052004 0.073024 -0.070550 -0.012201 -0.049695 -0.322392 0.022513 0.380479 0.287044 -0.180673 -0.430584 0.384617 0.221283 -0.437143 0.241678 0.230143 -0.258442 0.221468 0.126075 0.055403 -0.421346 0.375931 -0.321561 0.124437 -0.074091 0.376003 0.193179 -0.315386 0.144548 -0.377188 -0.273124 0.050815 -0.129962 0.243316 0.786067 -0.136069 0.407632 0.021381 -0.176037 -0.257499 -0.378803 0.007018 -0.248852 0.274621 0.376597 0.176892 -0.265927
chin -1.414361 0.805346 0.331694 0.442902 -0.102823 0.159934 -0.752690 -0.199747 -1.044242 -0.338625 -0.101211 0.085815 0.727388 -0.804628 0.516413 0.013690 -0.531503 -0.573000 -0.002920 -0.969057 0.790539 -1.459212 0.186480 -0.239412 1.092184 0.237009 -0.948391 0.297817 -0.119296 0.586601 -1.002411 0.380872 -0.315244 -0.822892 -0.662578 0.635327 -0.052696 -0.406376 -1.408067 0.777616 0.664589 -0.875904 -0.607551 -0.656326 -0.785597 0.069536 -0.676690 0.704385 -0.046841 0.196068
chinese -0.301623 0.087895 0.597458 -0.171935 0.360922 -0.090665 0.075342 -0.040368 -0.371263 -0.311341 0.058108 0.106792 -0.469464 -0.151692 0.389423 0.313811 -0.212383 0.285158 0.468652 0.188625 0.018639 -0.215228 0.083936 -0.018235 0.334324 -0.025397 0.188678 0.154475 -0.053291 0.341071 0.000806 -0.016290 -0.163815 -0.143656 0.323352 -0.353488 0.230095 0.331814 -0.412558 -0.129074 -0.106374 -0.304609 -0.313531 -0.372189 -0.126473 -0.034080 0.197002 0.199270 0.014404 0.017966
choon -0.209150 -0.111280 0.254667 0.178077 0.098755 0.071521 0.108490 -0.048918 -0.174702 0.019539 0.099302 0.210192 0.109276 -0.322807 0.060226 0.251619 -0.149669 0.040004 -0.003206 0.046651 0.173189 -0.205400 -0.021795 -0.152361 0.208613 -0.381929 0.070546 -0.296241 0.200057 0.127717 -0.178374 0.036193 -0.080651 -0.078364 -0.379118 -0.007187 0.010025 0.215499 -0.247992 0.132115 -0.061951 -0.139292 -0.327545 -0.112743 -0.016046 -0.176948 0.019837 0.177485 0.067660 -0.227833
chung -0.539229 0.236436 0.189565 0.442040 -0.146035 0.198981 -0.490157 -0.397437 -0.409707 -0.050299 -0.527370 -0.487222 0.200392 0.030009 -0.230436 0.431180 -0.094696 -0.189525 -0.135060 0.023954 0.389283 -0.822473 0.222368 0.551066 0.370633 -0.093218 -0.252798 0.004029 -0.254550 -0.026725 -0.403585 0.135139 -0.216277 -0.306772 -0.344320 0.044519 -0.174837 -0.266228 -0.478338 0.121758 0.277449 -0.140489 -0.444384 -0.374119 -0.038636 0.165845 -0.314938 0.103626 -0.142931 -0.141160
chunk -0.216016 0.166774 0.248630 0.036429 0.038232 -0.136556 0.340370 -0.186211 -0.287999 -0.149244 0.528576 -0.107668 -0.225061 -0.085505 -0.022897 0.335471 0.031684 0.342666 0.105309 0.170666 -0.202470 -0.182394 -0.007526 0.017096 0.232677 -0.526005 0.269764 -0.184951 -0.209089 -0.016970 -0.041381 0.158165 -0.114547 -0.254033 -0.064020 -0.071553 -0.017254 0.115111 -0.438360 -0.195519 -0.268543 -0.232479 -0.370046 -0.170900 0.257482 -0.132471 -0.020760 0.178297 -0.099217 0.045713
churchill -0.634301 0.418971 -0.015906 0.618219 -0.167397 0.468575 -0.137588 -0.035259 -0.225468 -0.008012 0.178489 0.118021 -0.462040 -0.483992 -0.307013 0.085347 -0.486878 0.160354 -0.031303 -0.175605 -0.045724 -0.358005 0.114531 -0.074041 0.554492 -0.292084 0.359484 -0.209351 0.182678 0.138561 -0.144107 0.341545 -0.629596 -0.752981 -0.274042 0.018670 -0.153622 0.201233 -0.456656 0.401924 0.169987 -0.181636 -0.751806 -0.415278 -0.150203 0.154119 -0.152516 0.578457 0.265771 0.113926
cigar -0.484317 0.226056 0.228698 -0.312549 -0.058118 -0.368421 0.052433 -0.051401 -0.252752 -0.100546 0.201076 0.194936 -0.261178 -0.210645 0.230279 0.290919 -0.369872 0.124740 0.273395 0.081317 -0.153481 -0.076386 -0.166259 -0.208028 0.081419 -0.216347 0.078641 0.081211 0.167373 0.037156 -0.261353 0.387811 -0.187159 -0.263830 0.059546 -0.050436 -0.067537 0.359883 -0.261687 0.037577 -0.207613 -0.184204 -0.079662 -0.335776 0.175146 -0.128890 0.105053 0.132903 -0.136667 0.044975
city -0.317461 0.335524 0.245193 -0.051716 -0.048109 -0.184596 0.281391 -0.205857 -0.350442 -0.065416 0.287627 0.031018 -0.218310 -0.318812 0.211545 0.271742 -0.141653 0.269795 0.209514 0.120760 -0.082870 -0.031142 -0.185491 -0.089045 0.128742 -0.434935 0.153549 -0.082040 -0.081692 0.152558 -0.164382 0.002650 -0.138005 -0.303673 0.262959 -0.123547 0.231548 0.178933 -0.296206 -0.119795 -0.156786 -0.320242 -0.146179 -0.225121 0.119786 -0.047957 0.039158 0.215350 -0.016623 -0.038638
clam -0.191576 -0.010373 0.313537 0.102191 0.146407 -0.037810 0.159866 -0.189130 -0.251942 -0.131141 0.265292 -0.082335 -0.124635 -0.080784 0.199942 0.170321 -0.004956 0.143050 -0.004278 0.021111 0.062057 -0.322304 0.069534 -0.064750 0.189292 -0.299592 0.084414 0.053583 -0.077149 0.188152 0.000176 0.073824 -0.059985 -0.159484 -0.110074 -0.124979 0.138672 0.101822 -0.448834 -0.032678 -0.048727 -0.205762 -0.210102 -0.219214 0.108146 -0.120224 -0.058331 0.167719 0.025491 -0.122260
clean -0.147795 -0.001638 0.348479 -0.137960 0.146816 -0.170505 -0.046789 0.000001 -0.229703 -0.094726 0.023683 0.300441 0.171767 -0.293333 0.222697 0.076188 -0.134031 0.005878 -0.020764 0.079485 0.057144 -0.196827 -0.030118 -0.151326 0.144242 -0.052212 -0.043399 -0.082839 -0.151601 0.232272 -0.190825 -0.016949 -0.037093 0.034203 -0.072501 0.011031 -0.012111 0.240118 -0.200473 0.017668 0.026457 -0.073164 -0.077285 -0.304413 -0.030433 -0.173173 0.062201 0.023866 0.045664 -0.079708
clear -0.194346 0.065498 0.511602 0.237292 0.169106 0.171565 0.083047 -0.200066 -0.314547 0.192934 0.346226 0.062530 -0.160951 -0.394801 0.282329 0.266797 -0.224449 0.060500 -0.049313 -0.101992 0.036802 -0.147981 -0.158509 -0.317252 0.213157 -0.313910 0.035998 0.182601 0.128015 0.422523 0.023125 -0.257573 -0.164586 -0.151889 -0.283409 -0.365501 0.199972 0.311949 -0.487670 0.047185 -0.181231 -0.285331 -0.411210 -0.129084 0.031074 -0.106580 -0.129237 0.478411 0.115907 -0.393437
cleared -0.153716 -0.158763 0.394088 -0.359218 0.125301 -0.407362 0.050505 -0.139031 -0.274168 -0.077211 0.090311 0.057346 0.049501 -0.070154 0.333135 0.168703 -0.111449 0.091948 0.187339 -0.087513 0.000614 -0.016001 -0.111863 -0.202199 -0.040757 -0.168721 -0.079206 0.101666 -0.002814 0.112780 -0.000194 0.022316 -0.063962 -0.040736 0.015925 -0.063528 0.238536 0.157846 -0.281368 -0.029736 -0.058466 -0.240147 0.082251 -0.108595 0.100894 -0.232396 0.036561 0.001142 -0.100425 -0.223765
climb -0.115152 0.147161 0.292441 -0.165132 0.171784 0.079307 0.122794 -0.030097 -0.265706 0.215346 0.087187 0.203859 -0.253220 -0.301386 0.389618 0.198618 0.025866 0.221755 0.319307 0.174617 -0.039418 -0.040530 -0.205865 -0.151043 0.249860 -0.054211 0.130751 0.034953 0.156526 0.299876 -0.021881 -0.079069 -0.254377 -0.135306 0.068108 -0.125548 0.293749 0.429758 0.090090 -0.048892 -0.191624 -0.240772 -0.107545 -0.172321 -0.272546 -0.087960 0.068309 0.389271 -0.003361 0.065770
climbed -0.154384 -0.038094 0.351741 -0.225415 0.195876 -0.123191 0.100815 -0.182194 -0.281863 0.097468 -0.007833 0.130969 -0.065155 -0.291599 0.272291 0.304157 -0.120062 0.209437 0.219260 0.082381 -0.090889 0.022140 -0.204344 -0.192729 0.064531 -0.288149 0.004676 0.000620 0.068193 0.221747 -0.057582 -0.189690 -0.168063 -0.085801 -0.024978 -0.163134 0.247514 0.330970 -0.095293 -0.061924 -0.219323 -0.271996 -0.122538 -0.142945 -0.042378 -0.115786 0.037696 0.204273 -0.060591 -0.223244
clock -0.037882 -0.062489 0.452904 -0.083732 0.106419 -0.341822 0.107588 -0.133556 -0.175097 -0.142142 0.015572 0.189637 0.236521 -0.266888 0.193267 0.120834 -0.253996 0.122793 0.055137 -0.054094 0.141590 -0.106637 0.043566 -0.196911 0.087896 -0.228447 -0.027859 -0.251051 0.007540 0.030920 -0.340287 0.281796 -0.086164 -0.133017 0.078701 0.180151 0.001833 0.318633 -0.197858 0.124030 0.090438 -0.033894 -0.056132 -0.249562 0.192056 -0.203895 0.185354 -0.195813 -0.061820 -0.247431
close -0.162852 0.091804 0.216817 0.243120 0.221205 0.312813 0.323322 0.001377 -0.193428 -0.016927 0.417889 0.197291 -0.080331 -0.667552 0.385508 -0.052983 -0.275517 0.148227 0.118270 -0.138547 0.182596 -0.285751 -0.170090 -0.408140 0.471141 -0.122620 0.202659 -0.034601 0.237291 0.572919 -0.136179 -0.152483 -0.131024 -0.111246 -0.222856 -0.213985 0.293119 0.138813 -0.216330 0.205662 0.068237 -0.472920 -0.500088 0.129381 -0.479100 -0.221530 -0.130311 0.639571 0.144980 0.032833
closed -0.238178 -0.080267 0.501576 -0.143442 0.085440 -0.291539 -0.035065 -0.136692 -0.303354 0.098304 0.172435 0.191590 0.115078 -0.296146 0.429367 0.352181 -0.295230 0.039227 0.117359 -0.032723 0.136054 -0.152463 -0.081277 -0.274042 0.133582 -0.190755 0.036411 -0.072910 0.164185 0.229589 -0.160235 0.037104 -0.150888 -0.097337 -0.218552 -0.073204 0.170017 0.307405 -0.274311 0.076028 -0.142172 -0.204731 -0.185707 -0.265254 0.059032 -0.285064 -0.007297 0.225214 -0.056071 -0.136856
closer -0.185255 0.109112 0.182752 0.126158 0.042433 0.198233 0.081977 -0.198454 -0.308194 -0.074519 0.116362 -0.074634 -0.212047 -0.026203 0.051409 0.228506 0.055780 -0.089208 0.229965 -0.089304 0.245880 -0.176510 0.039373 0.081852 0.321916 -0.134455 -0.045494 0.020447 0.070266 0.086127 0.156831 -0.017022 0.011033 0.024343 -0.205850 -0.077657 -0.017272 -0.050517 -0.204013 0.040936 -0.011634 -0.137346 -0.320729 -0.029338 -0.108006 0.052952 0.018082 0.286526 0.090603 -0.045882
clothes -0.269384 -0.123665 0.910641 -0.334668 0.165733 -0.587254 0.292946 -0.052511 -0.180300 -0.426470 0.669838 0.239475 -0.270046 -0.203146 0.540142 0.104994 -0.336468 0.174690 0.212889 -0.152435 -0.122614 -0.005172 -0.100134 -0.565245 -0.120578 -0.141950 0.162764 0.130255 -0.008608 0.448036 0.028524 0.249876 -0.204271 -0.114553 0.304346 -0.327891 0.220854 0.496353 -0.631693 0.020012 0.129235 -0.109674 -0.091701 -0.069067 0.213614 -0.407466 0.174349 -0.045978 -0.134877 -0.368674
cloud -0.101605 0.105570 0.218242 0.021799 0.148913 0.004037 0.286728 -0.089026 -0.192317 -0.149534 0.245691 0.012137 -0.146916 -0.156630 0.081248 0.220990 0.033832 0.219142 0.183245 0.162194 0.002974 -0.197865 -0.012135 -0.002783 0.237091 -0.301141 0.166858 -0.207074 -0.026973 0.065092 -0.110186 0.093203 -0.103735 -0.085969 -0.046940 0.007067 0.001586 0.138120 -0.131418 -0.042729 -0.154553 -0.159694 -0.286923 -0.092616 0.001627 -0.085431 0.113517 0.145714 -0.042100 0.028621
clouds -0.063288 -0.031659 0.505391 -0.195651 0.218144 -0.200043 0.123294 0.016841 -0.232024 -0.141195 0.084112 0.193280 -0.174587 -0.322731 0.377573 0.215654 -0.132635 0.293308 0.178990 0.134545 0.106257 -0.119303 -0.126677 -0.235140 0.148385 -0.154720 0.168363 0.033652 0.004784 0.248674 -0.129795 0.003381 -0.098368 -0.022483 0.216521 -0.195408 0.277081 0.343183 -0.232601 -0.043965 -0.029077 -0.253043 -0.246788 -0.223977 -0.096503 -0.263774 0.136894 0.212342 -0.009811 -0.182428
club -0.208322 0.023517 0.370061 -0.122938 0.096396 -0.249071 0.158149 -0.130662 -0.254939 0.005609 0.227961 -0.044029 -0.123093 -0.140201 0.245859 0.200835 -0.207272 0.149400 0.081651 0.052468 -0.001368 -0.095947 -0.093457 -0.245128 0.117852 -0.251270 0.087475 0.148767 0.109288 0.147085 -0.120305 0.135898 -0.084811 -0.074858 -0.028441 -0.240733 0.080236 0.164110 -0.424134 -0.068149 -0.136376 -0.218938 -0.134511 -0.147730 0.147327 -0.233877 -0.050902 0.134738 -0.101374 -0.192287
clumsy -0.300177 -0.166442 0.272655 0.114980 0.065824 -0.058261 0.024832 0.049610 -0.171242 -0.175292 0.061474 0.132729 0.030733 -0.201780 -0.007110 0.006162 -0.123562 0.027460 -0.029386 0.097069 0.040841 -0.267757 -0.023844 -0.078248 0.150205 -0.224837 0.126953 -0.140255 -0.102753 0.220843 -0.137545 0.158020 -0.045329 -0.101132 -0.201172 -0.167913 0.017561 0.038887 -0.429486 0.021451 0.129952 -0.112340 -0.156127 -0.094078 -0.054373 -0.196885 -0.167359 0.005422 0.068217 -0.187071
clung -0.304782 0.142742 0.488602 0.066875 0.123898 -0.067445 0.351787 -0.297468 -0.489556 0.093869 0.174493 0.216980 -0.272480 -0.469751 0.581573 0.296850 -0.288233 0.056724 0.301404 0.183390 0.059263 -0.030191 -0.361040 -0.153119 0.046489 -0.389296 0.011420 0.081483 0.220673 0.459597 -0.109164 -0.382853 -0.125556 -0.248638 0.237524 -0.415682 0.569718 0.204619 -0.335109 -0.196885 -0.275771 -0.469960 -0.074171 -0.104982 -0.005140 0.053130 -0.076372 0.383356 -0.026707 -0.241420
coat -0.305847 0.158556 0.269073 0.093263 0.044214 -0.016740 0.023876 -0.243975 -0.312988 0.054739 0.227326 -0.015395 0.046585 -0.199024 0.166661 0.197387 -0.323344 0.034175 0.051156 -0.204021 0.096052 -0.161841 0.110959 -0.153344 0.225192 -0.215493 -0.016808 -0.093056 0.117143 0.091359 -0.074495 0.032923 -0.292004 -0.287667 -0.189544 0.060747 0.076047 0.113034 -0.370199 0.182944 0.038966 -0.184404 -0.264684 -0.216390 0.060005 -0.056008 0.045627 0.182418 0.061650 -0.101146
coffee -0.280390 -0.096816 0.630127 -0.222934 0.228100 -0.120100 -0.090978 -0.196379 -0.280774 0.296669 0.180603 0.332795 -0.383938 -0.274240 0.435127 0.315512 -0.215200 0.254816 0.259435 0.300094 -0.371690 -0.256484 -0.124762 -0.156070 0.176795 -0.172064 0.182833 0.158234 0.037072 0.252406 0.134147 0.125374 -0.416196 -0.531120 -0.027821 0.003344 0.314592 0.555649 -0.337145 -0.190164 -0.290801 -0.217718 -0.183815 -0.601163 -0.001760 -0.178763 0.087236 0.247097 -0.053601 -0.163058
cold -0.690851 -0.099447 0.380181 -0.018826 0.009240 -0.104826 -0.195806 0.021929 -0.093427 0.047033 0.109342 0.332038 -0.195389 -0.322931 0.184677 0.369244 -0.708508 -0.047285 0.136102 -0.034595 -0.081292 -0.130632 -0.012546 -0.382820 0.094001 -0.177776 0.117840 0.035121 0.358895 0.202021 -0.076004 0.194783 -0.297966 -0.394214 -0.426426 -0.266748 -0.002630 0.515022 -0.399413 0.334780 -0.175134 -0.150961 -0.416691 -0.409290 0.057713 -0.168914 0.056645 0.296384 0.052860 -0.052915
collection -0.182533 0.081803 0.398396 -0.050455 0.369989 0.065079 0.336992 -0.015297 -0.215788 -0.191209 0.206446 -0.151377 -0.269272 -0.044049 0.314915 0.167017 -0.008628 0.217435 0.177849 0.126029 0.099785 -0.324720 0.038112 -0.136493 0.260804 -0.118876 0.165034 0.134723 0.031079 0.307035 0.001700 0.042391 -0.100566 0.065950 -0.018569 -0.316968 0.067228 0.067672 -0.334367 -0.092356 0.011053 -0.200961 -0.358394 -0.052325 -0.147859 -0.133648 0.078793 0.191891 0.063921 -0.078054
color -0.207996 0.180279 0.343440 0.242196 0.014333 -0.038455 0.085955 -0.192680 -0.224894 -0.040808 0.472664 0.108803 -0.195259 -0.297376 0.230790 0.212178 -0.321797 0.141417 0.013645 -0.107915 0.032713 -0.180966 -0.005330 -0.343098 0.188100 -0.284516 0.169776 -0.035912 0.205839 0.274807 -0.142870 0.064011 -0.275512 -0.280371 0.114364 -0.164965 0.140360 0.261899 -0.424421 0.181342 -0.174787 -0.145994 -0.147732 -0.255329 0.251660 -0.109548 -0.017389 0.192488 -0.018459 -0.139492
colors -0.216580 0.035127 0.436821 -0.178761 0.058059 -0.187933 -0.065133 0.003042 -0.096952 -0.126796 0.009001 0.004746 -0.192512 -0.109586 0.163959 0.195285 -0.168427 0.256257 0.209162 0.092485 -0.045663 -0.126433 0.000896 -0.080846 0.128366 0.005061 0.208015 0.026484 -0.061100 0.155281 -0.019083 0.193692 -0.212937 -0.206738 0.215071 -0.146064 0.110547 0.219823 -0.177141 -0.025082 0.104635 -0.051488 -0.211964 -0.230876 -0.076836 -0.128693 0.151350 0.049931 -0.016765 -0.081233
come -0.080562 0.385303 -0.170398 0.473438 0.428283 0.745366 0.211916 -0.399105 -1.133528 0.170861 -0.740537 -0.477069 0.105616 -0.634678 0.687482 0.282217 -0.760850 0.261816 0.500690 0.240587 0.462482 -0.544644 -0.192094 -0.029147 0.886158 -0.008915 -0.119318 0.401390 0.269712 0.508783 -0.644906 -0.876548 -0.299176 -0.060134 0.203881 -0.677739 0.897401 -0.828856 0.073326 0.429445 -0.138482 -0.887936 -0.364901 -0.075300 -0.884391 0.015909 -0.476231 0.833220 0.081915 0.092860
comin -0.494204 0.249355 0.396780 -0.152656 -0.083264 -0.438744 0.159052 0.189585 -0.267363 -0.113213 0.280424 0.060086 -0.288985 -0.260811 0.236585 0.184046 -0.259305 0.234108 0.071548 0.436654 -0.143358 -0.238394 -0.192321 -0.110653 0.199443 -0.063751 0.343406 0.007189 -0.203219 0.243674 -0.438227 0.423870 -0.042855 -0.212522 0.169024 -0.285462 -0.052067 0.284911 -0.384107 -0.276229 -0.077084 -0.190840 -0.182413 -0.325327 0.073963 -0.327156 -0.143713 0.075621 -0.255593 0.231769
coming -0.320261 0.032936 0.355419 0.496872 0.176027 0.482305 -0.005413 -0.023847 -0.339679 -0.138321 0.085038 0.105237 -0.065994 -0.592799 0.071405 0.319221 -0.033459 0.310695 0.199451 0.069005 0.395226 -0.648831 -0.010454 -0.028340 0.636399 -0.404898 0.390694 -0.365576 0.044243 0.475557 -0.127527 -0.145564 -0.319194 -0.377936 -0.257080 -0.218548 0.311416 0.079119 -0.414894 0.181683 0.067109 -0.310615 -0.547039 -0.205463 -0.408264 -0.120123 -0.117849 0.566505 0.307049 -0.171767
command 0.083640 0.011380 0.145901 0.334957 0.211302 0.144491 0.424258 -0.106072 -0.013735 -0.247339 0.451256 -0.016326 -0.172890 -0.116272 0.072130 -0.151046 -0.036341 0.222389 -0.250940 -0.021241 -0.071436 -0.219973 0.177390 -0.140997 0.113174 -0.206489 0.168595 -0.125317 -0.076327 0.208345 0.004008 0.023879 -0.189466 -0.067331 0.044594 -0.003588 0.086507 0.021334 -0.369453 -0.001230 0.219294 -0.094095 -0.340303 -0.000849 -0.021485 -0.099734 -0.013778 0.067475 0.026092 -0.048889
compelled -0.173203 0.314931 0.119162 0.402758 0.060191 0.275017 0.267486 -0.046640 -0.213165 0.013488 0.251176 0.159808 -0.119019 -0.603083 0.161175 0.011619 -0.088171 0.161556 -0.118710 0.064608 0.191379 -0.246856 -0.260837 -0.112331 0.197061 -0.292840 0.137335 -0.112165 -0.044119 0.519935 -0.293415 -0.387286 0.000806 -0.155265 0.146694 -0.269889 0.302229 0.105630 -0.237344 -0.047909 -0.076553 -0.341824 -0.221008 -0.032915 -0.139804 0.044144 -0.136602 0.403462 0.134532 -0.046827
compliance -0.013143 0.081991 0.261476 0.268538 0.178867 0.348003 0.372196 -0.272975 -0.086183 -0.083944 0.260431 -0.231220 -0.237606 -0.110809 0.079705 0.181866 0.063153 0.247597 0.034530 0.039059 0.101738 -0.313237 0.088458 0.033705 0.292962 -0.266940 0.170438 0.039253 0.011237 0.217852 0.193426 -0.163113 -0.152894 -0.109190 -0.081473 -0.225315 0.193279 -0.098735 -0.255928 -0.035729 0.025376 -0.133441 -0.456367 0.055530 -0.159855 0.024235 0.060929 0.324455 0.056457 -0.158650
comply -0.200304 0.178442 0.380341 0.273015 0.192180 0.187160 0.312231 -0.374904 -0.392021 -0.040615 0.095176 -0.285286 0.066878 -0.101454 0.366610 0.124790 -0.175634 -0.045791 0.010765 0.015660 0.293165 -0.383292 0.022672 0.035763 0.323022 -0.121497 -0.055910 0.043596 -0.078461 0.374708 -0.051246 -0.271773 -0.033998 0.079442 -0.131713 -0.306895 0.199070 -0.204593 -0.248774 0.085465 0.157603 -0.122950 -0.280627 0.037329 -0.079715 -0.050573 0.025020 0.107418 0.028021 -0.211356
concerning -0.152156 0.121855 0.385310 -0.128940 -0.014469 -0.248675 -0.162461 -0.080109 -0.237569 -0.115190 -0.095680 -0.174227 -0.197028 0.187157 0.104560 0.184673 -0.024498 0.160578 0.034329 0.303116 -0.107240 -0.018569 0.115303 0.228784 0.041278 0.002721 0.023245 0.127182 -0.415928 -0.003687 -0.057666 0.116744 -0.046671 -0.151156 0.352132 -0.178766 0.083308 0.204226 -0.131440 -0.290017 0.087361 0.047188 -0.068606 -0.435951 0.204000 -0.017944 0.073696 -0.175368 -0.050476 -0.040268
concluded -0.345301 -0.074213 0.404682 -0.448880 0.031614 -0.551485 -0.050585 -0.139160 -0.311798 -0.167489 0.065251 0.013462 0.031772 -0.038965 0.303699 0.076832 -0.329751 0.052811 0.179388 -0.192526 -0.069034 0.099485 -0.059536 -0.203608 -0.097929 -0.085745 -0.106384 0.194592 -0.108726 0.127840 -0.063403 0.035230 -0.060114 -0.060654 0.124494 -0.167173 0.240879 0.140004 -0.413103 -0.008835 0.084650 -0.230765 0.117535 -0.151672 0.124060 -0.229109 0.003229 -0.066184 -0.110828 -0.211613
condition -0.398007 0.115078 0.370364 -0.032982 -0.013485 -0.219395 0.137573 -0.018541 -0.231082 -0.139570 0.222104 -0.074734 -0.104515 -0.102899 0.150190 0.160906 -0.196721 0.054901 0.125132 0.065798 0.094451 -0.188523 -0.024237 -0.145454 0.136711 -0.149514 0.164984 -0.069239 -0.033929 0.179906 -0.128592 0.210010 -0.121698 -0.114856 0.000301 -0.198553 0.051133 0.039654 -0.384955 0.013467 0.099287 -0.125774 -0.165739 -0.078303 0.066775 -0.222682 0.025400 0.047593 -0.067529 -0.054342
conscious -0.164810 -0.007908 0.115367 0.398300 0.071564 0.249761 0.175152 -0.267368 -0.151399 -0.084766 0.313980 -0.112805 -0.026815 -0.107333 -0.094517 0.168197 0.091385 0.144468 -0.233400 0.005061 0.000447 -0.403757 0.119477 0.011506 0.198069 -0.476758 0.159565 -0.145921 -0.182515 0.173769 0.078199 -0.056305 -0.111883 -0.204921 -0.328940 -0.042325 0.018889 -0.008271 -0.432742 0.046718 -0.053157 -0.071683 -0.388736 -0.139599 0.124912 -0.032196 -0.117450 0.207395 0.111033 -0.120650
consciousness -0.307432 0.163809 0.174948 0.245957 -0.096175 0.081703 0.096869 -0.075270 -0.199949 -0.054520 0.235965 -0.044117 -0.040961 -0.235386 -0.030468 0.145115 -0.060324 0.053345 0.009239 0.022717 0.189219 -0.273317 0.087592 0.025115 0.329837 -0.250483 0.202015 -0.261109 -0.070380 0.076431 -0.097898 0.142080 -0.145352 -0.206342 -0.103623 0.094348 -0.025800 -0.016850 -0.346352 0.057086 0.095189 -0.124483 -0.272635 -0.128258 -0.023672 -0.142426 0.021033 0.185295 0.043067 0.009489
consider -0.061441 0.058880 0.278315 -0.041053 0.049941 -0.199144 0.205012 -0.359821 -0.268456 0.136730 0.115670 -0.224162 -0.150858 0.076079 0.198595 0.289333 -0.210619 0.113776 0.097112 0.106575 -0.150058 0.114170 -0.061779 0.052732 -0.082162 -0.272638 -0.035966 0.101233 0.015840 -0.020514 0.026644 -0.186392 -0.156137 -0.151453 0.076879 -0.224607 0.237488 -0.005188 -0.220408 -0.216874 -0.248880 -0.167904 -0.169200 -0.081421 0.259625 0.017952 -0.062916 0.078972 -0.235916 -0.132161
considered -0.276420 0.026333 0.555189 -0.327572 0.058834 -0.364287 -0.132892 -0.059795 -0.244442 -0.002869 0.022985 0.125941 -0.236472 -0.066998 0.421813 0.086180 -0.307008 0.066078 0.255761 0.045684 -0.010644 0.106547 -0.022026 -0.125966 0.016353 0.096491 -0.005762 0.210173 -0.037630 0.169437 -0.079934 0.065736 -0.121100 -0.163942 0.360926 -0.204366 0.278592 0.462590 -0.116567 -0.069227 0.059232 -0.094066 0.067476 -0.324806 0.077127 -0.183493 0.235397 -0.070374 -0.091102 -0.197750
contact -0.091589 0.211300 0.153183 0.278935 0.204230 0.348785 0.328065 -0.238251 -0.287225 -0.047787 0.034597 -0.041274 0.016448 -0.322693 0.194443 0.156128 0.001332 0.022308 -0.008312 0.158513 0.173422 -0.246424 0.005056 0.017807 0.251053 -0.331419 -0.025326 -0.122657 -0.077007 0.275422 -0.090849 -0.352809 -0.087807 -0.018896 -0.117459 -0.097613 0.203400 0.128174 -0.031825 0.011456 0.059405 -0.199957 -0.362029 -0.007509 -0.157377 0.075723 0.105826 0.303549 0.171948 -0.125748
contained 0.140794 0.017562 0.244244 -0.172266 0.082810 -0.413455 0.078115 -0.414141 -0.285222 0.108576 0.161106 -0.382920 -0.040122 0.290468 0.135423 0.286724 -0.151754 0.242912 0.139265 -0.118800 -0.072394 0.149030 0.079089 0.041187 -0.017760 -0.256841 -0.085642 0.156635 0.156360 -0.231632 0.012213 0.010164 -0.184217 -0.125569 -0.007878 -0.078311 0.123681 -0.105761 -0.334842 -0.159551 -0.295401 -0.151723 -0.010910 -0.153480 0.436140 0.024152 -0.153151 -0.037276 -0.209709 -0.202812
continued -0.387867 0.122546 0.601299 -0.343546 0.079159 -0.441428 0.042838 -0.365705 -0.395208 0.449322 0.119825 0.258165 -0.100703 -0.473999 0.749552 0.317492 -0.915324 -0.077332 0.192594 -0.184784 -0.260969 0.401861 -0.484827 -0.544717 -0.294851 -0.102006 -0.360634 0.579471 0.441834 0.352156 -0.159799 -0.405486 -0.183223 -0.257091 0.075890 -0.489044 0.469797 0.536334 -0.346233 0.014580 -0.399644 -0.474818 -0.016234 -0.198434 0.173238 -0.039295 -0.069975 0.330462 -0.140713 -0.385528
convinced -0.301317 -0.014994 0.352095 -0.033944 0.028170 -0.190159 -0.015265 -0.223394 -0.383115 0.030378 -0.102595 -0.094888 0.041073 -0.110638 0.078130 0.258529 -0.134500 0.090342 -0.029481 0.088449 -0.021641 -0.230477 -0.073039 -0.097659 0.116036 -0.310532 0.089112 0.025035 -0.062428 0.151726 -0.066189 0.038496 -0.245843 -0.123931 -0.154832 -0.223387 0.055095 -0.038940 -0.540397 -0.071185 0.043162 -0.090965 -0.112320 -0.216049 0.064930 -0.145867 -0.173130 0.071641 -0.076070 -0.338264
cooking -0.247974 -0.015754 0.430114 -0.010674 0.211667 -0.085513 0.105620 -0.066334 -0.180174 -0.042561 0.243002 0.130712 -0.128192 -0.175538 0.296730 0.102475 -0.390483 -0.015011 0.063431 -0.186208 -0.016886 -0.022198 -0.076525 -0.379379 0.051664 -0.088501 -0.077591 0.238175 0.209951 0.266381 0.016490 -0.011452 -0.063005 -0.084552 -0.141020 -0.277067 0.067756 0.268081 -0.427527 0.139183 -0.057327 -0.185232 -0.192469 -0.102451 0.101634 -0.111009 0.046632 0.097741 0.061665 -0.299372
cool -0.269095 0.031820 0.471546 0.190365 0.027257 -0.021654 0.083471 -0.125407 -0.176914 0.112322 0.289615 0.139170 -0.165072 -0.323645 0.127508 0.387351 -0.202303 0.189488 0.032492 0.174129 -0.040647 -0.183189 -0.080943 -0.155178 0.194886 -0.398216 0.263149 -0.220261 0.111073 0.227696 -0.195692 0.086031 -0.243439 -0.299927 -0.112915 -0.209485 0.063335 0.454962 -0.317719 -0.001969 -0.213962 -0.089111 -0.384173 -0.248010 0.144937 -0.159565 0.018602 0.218253 -0.097527 -0.185621
copies -0.040922 0.113218 0.265152 0.645444 0.156392 0.350862 0.593627 -0.458233 -0.247371 -0.103606 0.584970 -0.350632 -0.015815 -0.111587 -0.101444 0.248583 0.149458 0.152414 -0.270299 0.121542 0.039935 -0.391504 0.171435 0.111242 0.292908 -0.750603 0.158010 -0.236765 -0.270996 0.145169 0.117628 -0.175535 -0.002457 -0.137368 -0.353472 -0.149880 -0.013332 -0.183186 -0.653039 -0.167822 -0.120519 -0.132305 -0.607598 0.010500 0.257572 -0.033021 -0.085029 0.220672 0.078269 -0.251807
copy -0.587487 0.457941 0.369308 0.224688 -0.123268 -0.192347 0.143106 -0.098912 -0.549355 -0.272922 0.619415 -0.256045 -0.532741 -0.062346 0.028506 0.241890 -0.203720 0.191633 0.025864 0.246633 -0.226644 -0.309126 -0.031932 0.136821 0.333338 -0.412369 0.224940 0.211113 -0.426268 0.117678 -0.207203 0.239202 0.022803 -0.404296 0.069327 -0.416910 -0.076824 0.117797 -0.825764 -0.330021 -0.220583 -0.360519 -0.401600 -0.416033 0.451711 -0.065798 -0.266323 0.224346 -0.123964 0.105315
copyright -0.324370 0.099579 0.689727 0.350318 0.196105 0.281522 0.302679 -0.054829 -0.064628 -0.577441 0.027543 0.027611 -0.207429 -0.531336 -0.047246 0.564640 0.052170 0.611739 -0.210162 0.662342 0.014173 -0.610365 0.029278 -0.095294 0.314085 -0.649592 0.578897 -0.373893 -0.476457 0.543961 -0.361680 0.077096 -0.244318 -0.211795 0.198531 -0.571348 0.044961 0.599222 -0.237649 -0.006206 0.249028 0.092365 -0.973638 -0.319785 -0.105257 -0.287646 0.314598 0.247139 0.107480 -0.296371
corner -0.357877 0.254426 0.306055 -0.116187 0.311680 -0.026355 0.236068 -0.104487 -0.440852 0.041644 0.247346 0.259231 -0.253958 -0.569725 0.609070 0.263544 -0.326967 0.374101 0.319489 0.019661 -0.085264 -0.199564 -0.279882 -0.342483 0.269919 -0.220958 0.120456 0.168606 0.186159 0.500072 -0.198951 -0.212846 -0.225075 -0.317460 0.151833 -0.341769 0.497377 0.363733 -0.308407 0.031379 -0.243419 -0.626286 -0.202453 -0.270700 -0.225380 -0.080779 -0.010247 0.523247 0.072700 0.029775
cost -0.214024 0.078842 0.401288 0.180490 0.165635 0.144167 0.071089 -0.128497 -0.205794 -0.160807 0.115056 -0.072871 -0.228806 -0.113939 0.134261 0.102531 -0.201029 0.136625 -0.093112 0.071867 -0.051766 -0.258101 0.050407 -0.066609 0.204059 -0.081794 0.051051 0.239195 -0.135992 0.273046 0.048438 0.035395 -0.031729 -0.179116 -0.004796 -0.338757 0.033509 0.125818 -0.461242 -0.020764 0.099919 -0.086669 -0.423572 -0.238953 -0.018803 0.018328 -0.018456 0.142708 0.137725 -0.166701
cottage -0.251873 -0.019248 0.311468 -0.219464 0.067121 -0.268383 0.100823 -0.006722 -0.167806 -0.092411 0.138350 0.207829 -0.257889 -0.157246 0.181626 0.189893 -0.143529 0.128377 0.198790 0.203544 -0.194215 -0.067743 -0.187992 -0.137684 0.015021 -0.176056 0.162234 0.050607 0.001929 0.136147 -0.061819 0.175011 -0.103545 -0.124733 0.056185 -0.141630 0.040512 0.276791 -0.281123 -0.124628 -0.195042 -0.158623 -0.115926 -0.174766 0.092830 -0.146990 -0.001590 0.115186 -0.123093 -0.013389
could -1.362199 0.210731 1.466327 -1.643450 0.097809 -0.744253 -0.704428 -1.235129 -0.307549 1.253012 -0.256982 -1.059531 0.197777 0.861487 -0.091100 0.314792 -1.221679 0.110265 -0.039229 -0.548901 -0.586859 1.229751 0.600565 0.437095 -0.185116 0.207076 -1.370590 1.566275 -0.523670 -0.203075 0.962327 -0.301328 0.175167 -0.089093 -0.464559 -1.286980 0.289760 0.163403 -1.007517 -0.914781 0.842368 -0.037013 -0.586236 -0.543375 -0.449290 -0.240659 0.843448 -0.445241 0.034527 -1.330876
couldn -0.537758 0.371490 0.374735 0.451890 0.195730 0.289714 0.025012 -0.230504 -0.506400 0.050738 0.118203 -0.117740 0.071152 -0.318025 0.318185 0.066768 -0.435661 -0.091027 -0.291814 0.027195 0.185831 -0.262996 0.152793 0.057924 0.299101 -0.089305 -0.198074 0.145671 -0.261940 0.426824 -0.191915 -0.408839 -0.095002 -0.229010 -0.114096 -0.412173 0.309746 0.144581 -0.462812 0.095074 0.292696 -0.307222 -0.446362 -0.367027 -0.101033 -0.027512 -0.073395 0.218187 0.286939 -0.214987
council -0.425068 -0.036358 0.698032 -0.112710 0.205224 -0.135484 0.107577 0.243809 -0.105957 -0.451771 0.250000 0.213362 -0.279268 -0.488789 0.139462 0.150716 -0.107356 0.526788 0.259817 0.169742 -0.073577 -0.561075 -0.193355 -0.342979 0.372689 -0.048953 0.592601 -0.129749 -0.234188 0.614599 -0.110697 0.368419 -0.236264 -0.256745 0.181045 -0.335695 0.063162 0.307227 -0.486039 0.032812 0.203361 -0.231651 -0.410444 -0.164354 -0.304886 -0.409059 0.022869 0.203661 0.023399 -0.061451
country -0.181488 0.100209 0.629980 -0.107197 0.245911 -0.107312 0.137607 -0.083968 -0.143587 -0.054906 0.401050 0.072259 -0.574593 -0.261772 0.355485 0.279925 -0.299653 0.497835 0.164483 0.081844 -0.394946 -0.271227 -0.178649 -0.340349 0.167672 -0.023929 0.395282 0.404076 0.019952 0.500529 0.089913 -0.001246 -0.349509 -0.345728 0.197451 -0.455464 0.167619 0.303376 -0.559910 -0.143714 -0.296865 -0.227052 -0.437780 -0.324301 0.023124 -0.063059 -0.097984 0.426487 -0.099402 -0.067076
county -0.185594 0.162675 0.415139 -0.180930 0.078068 -0.190850 0.095438 -0.221385 -0.286961 0.066029 0.092287 0.001263 -0.270231 -0.250271 0.296554 0.276445 -0.183310 0.272478 0.244682 0.092742 -0.132522 -0.079398 -0.208432 -0.122154 0.111301 -0.164744 0.090717 0.211796 0.029899 0.227621 -0.056474 -0.067520 -0.238249 -0.219808 0.172301 -0.221202 0.224579 0.196184 -0.292274 -0.161669 -0.235028 -0.281004 -0.143442 -0.190590 0.003305 -0.047012 -0.051307 0.283088 -0.125740 -0.132365
couple -0.256912 0.290840 0.266809 0.567837 0.129052 0.282951 0.776541 -0.295775 -0.291236 -0.240410 0.867949 -0.367881 -0.365551 -0.065022 -0.146668 0.250698 0.113545 0.237683 -0.119445 0.146928 -0.084555 -0.439514 0.098971 0.041617 0.434340 -0.642702 0.317706 -0.179899 -0.219011 0.086612 0.101921 0.188794 -0.010848 -0.213306 -0.302977 -0.174147 -0.212103 -0.144062 -0.771801 -0.187433 -0.182416 -0.229151 -0.721843 0.064170 0.238360 -0.079757 -0.103813 0.267513 -0.036344 0.009533
course -0.039252 -0.051260 0.570782 0.507536 0.378208 0.022629 0.596001 -0.440361 -0.192849 -0.150722 0.974936 -0.009922 -0.151717 -0.233348 0.072510 0.190452 -0.028721 0.453919 -0.431093 -0.100815 -0.253381 -0.387910 0.209721 -0.150786 0.177905 -0.657895 0.129303 -0.185426 -0.351336 0.291909 0.109217 -0.122809 -0.182778 -0.391187 -0.215267 0.036696 0.108430 0.209973 -0.914439 -0.150490 -0.187356 -0.334510 -0.582365 -0.279793 0.456750 -0.113018 -0.108480 0.109154 -0.019678 -0.266832
cover -0.172129 0.112843 0.708921 -0.335367 0.206681 -0.207353 0.231196 -0.168020 -0.337324 0.060465 0.320714 0.530023 -0.364347 -0.650761 0.662028 0.479654 -0.303739 0.218279 0.574980 0.050878 -0.013385 -0.079478 -0.358679 -0.401649 0.211043 -0.199822 0.130302 0.037204 0.346972 0.352562 -0.037187 -0.008649 -0.171566 -0.218909 0.172987 0.022640 0.261384 0.636909 -0.095327 -0.050331 -0.454746 -0.412598 -0.311088 -0.303353 -0.100154 -0.154399 0.325192 0.528929 -0.043095 -0.089193
covered -0.161378 -0.219532 0.508022 -0.172923 0.131175 -0.227876 0.044833 -0.014292 -0.148313 0.073353 0.274770 0.164344 -0.095053 -0.174611 0.242349 0.223684 -0.066179 0.081482 0.208053 0.040050 0.043906 -0.059721 -0.030948 -0.168847 0.166652 -0.152064 0.110225 -0.015188 0.166095 0.130402 0.060831 0.173491 -0.038915 -0.088632 -0.202543 -0.102691 0.094917 0.286464 -0.410400 -0.102831 -0.087016 -0.242301 -0.184413 -0.069804 -0.013022 -0.278383 0.003157 0.157766 -0.107477 -0.187742
crawled -0.091741 -0.168146 0.473203 0.211552 0.424896 0.118908 0.273294 -0.339635 -0.262787 -0.006675 0.386521 -0.210472 -0.322153 -0.057995 0.423339 0.142447 -0.463433 0.094800 -0.003161 -0.277011 -0.071052 -0.253923 -0.137579 -0.474830 0.050902 -0.211802 -0.062179 0.622961 0.489714 0.477927 0.101781 -0.317807 -0.262423 -0.133929 -0.350522 -0.795437 0.409417 0.011342 -0.737534 0.180355 -0.225017 -0.344539 -0.342296 0.114271 0.094407 -0.103257 -0.379522 0.404730 -0.129068 -0.508725
creek -0.284724 0.150024 0.673749 -0.396725 0.160519 -0.261785 0.066243 -0.067626 -0.392458 0.059122 0.258653 0.228459 -0.321595 -0.292374 0.489158 0.486964 -0.044916 0.251894 0.412183 0.257235 -0.145281 -0.135756 -0.141202 -0.219488 0.273874 -0.173577 0.229361 0.047601 -0.115604 0.230022 0.045291 0.152605 -0.068291 -0.165376 0.111443 -0.020199 0.094328 0.565584 -0.151836 -0.208353 -0.298644 -0.288293 -0.304791 -0.504233 0.033952 -0.268234 0.340611 0.340794 -0.012426 0.087650
crew -0.189773 0.059894 0.459092 -0.118872 -0.099195 -0.302253 0.036167 0.068124 -0.098077 -0.192973 0.269218 0.369679 -0.164724 -0.438175 0.286226 -0.096195 -0.154309 0.198500 0.068124 -0.083747 0.069904 -0.040285 -0.112909 -0.340386 0.101469 0.012076 0.240485 -0.178491 -0.071714 0.376111 -0.203764 0.215128 -0.258761 -0.222267 0.453791 0.041957 0.279096 0.488433 -0.125468 0.105394 0.281241 -0.033802 0.096817 -0.196041 -0.084063 -0.324537 0.131464 0.061139 -0.079103 -0.055450
cried -0.261412 -0.222044 0.930548 -0.708792 0.206394 -1.173062 0.070645 -0.390129 -0.418934 -0.168115 0.097714 -0.461135 0.178226 0.183914 0.702847 0.391274 -0.513395 0.194794 -0.072604 -0.186522 0.038111 -0.236893 -0.299236 -0.316142 -0.429525 0.099872 -0.377362 0.845668 -0.122535 0.239387 -0.379047 0.130242 0.164951 0.150266 0.183543 -0.428655 0.096221 0.002933 -0.881932 -0.207173 -0.231016 -0.299870 0.091163 -0.102544 0.559166 -0.364911 -0.347719 -0.283169 -0.609645 -0.401865
cries -0.203380 0.110760 0.345023 0.241221 0.144060 0.119363 0.111710 -0.181551 -0.241775 0.088649 0.397381 -0.012153 -0.179837 -0.203888 0.074470 0.249975 -0.131644 0.174665 -0.097021 0.055134 -0.109390 -0.211833 0.091426 -0.082652 0.291785 -0.348461 0.156992 -0.012967 -0.112402 0.122543 -0.004377 -0.030573 -0.134942 -0.247495 -0.237861 -0.113131 0.023075 0.321083 -0.459489 -0.058849 -0.133288 -0.210779 -0.521596 -0.299454 0.096370 -0.144932 -0.004433 0.297172 0.031325 -0.098105
cross -0.166048 0.269790 0.247315 -0.167039 0.135773 -0.004831 0.181856 -0.288164 -0.432870 0.244659 0.068518 0.217508 -0.129697 -0.535154 0.397626 0.362375 -0.114320 0.365488 0.336919 0.140231 -0.040818 -0.093898 -0.279985 -0.158148 0.216426 -0.402814 0.134684 -0.115301 0.116621 0.292923 -0.151176 -0.358024 -0.442336 -0.298380 0.163628 0.025119 0.464872 0.331419 -0.097632 -0.076949 -0.371902 -0.411668 -0.054839 -0.255271 -0.144896 -0.007337 0.045501 0.488909 -0.041325 -0.051793
crossed -0.245399 -0.122669 0.643229 -0.413911 0.160731 -0.475182 0.104219 -0.155123 -0.336416 0.037017 0.032604 0.164407 0.010956 -0.218903 0.472074 0.249591 -0.256932 0.055114 0.153712 0.061609 -0.104681 0.054228 -0.245732 -0.290867 -0.103846 -0.184122 -0.043061 0.148056 -0.005197 0.257013 -0.034905 -0.092646 -0.090573 0.002238 0.038336 -0.288069 0.276066 0.278797 -0.380942 -0.142437 -0.029149 -0.233625 -0.036841 -0.120019 0.037900 -0.272476 0.031113 0.064790 -0.167254 -0.368376
crossing -0.175466 -0.058473 0.215537 0.199718 0.216202 0.276691 0.182194 -0.117049 -0.143373 -0.046448 0.070191 0.062437 -0.095214 -0.208100 0.072904 0.186731 -0.130991 0.101762 0.037218 0.033125 0.090511 -0.270361 0.053432 -0.186588 0.261004 -0.321862 0.148210 -0.156367 0.203497 0.200178 0.021494 0.058991 -0.235412 -0.083048 -0.288179 -0.132826 0.016935 0.147829 -0.203373 0.204868 0.082251 -0.095816 -0.445459 -0.077393 -0.169374 -0.077533 0.107241 0.267212 0.177416 -0.196797
cry -0.412857 0.301997 0.288241 0.226974 -0.029925 0.058618 0.260532 -0.150399 -0.294205 0.056117 0.260650 0.020804 -0.299725 -0.365236 0.124609 0.231771 -0.237343 0.100200 -0.040007 0.182474 -0.069370 -0.237074 -0.210182 -0.125983 0.210247 -0.282334 0.172308 0.050415 -0.004898 0.328709 -0.134522 -0.028845 -0.131058 -0.214264 -0.065125 -0.332750 -0.002895 0.109642 -0.424973 -0.097486 -0.164091 -0.241326 -0.377404 -0.140723 0.059317 -0.002011 -0.137844 0.326452 -0.038937 -0.046857
crying -0.365674 -0.007490 0.329821 -0.054520 0.038195 -0.104343 -0.075740 -0.069413 -0.322458 0.016915 0.048176 0.113991 0.130339 -0.201605 0.174945 0.195452 -0.223544 -0.075086 0.065926 -0.058643 0.164221 -0.082849 -0.002833 -0.187632 0.176798 -0.200319 -0.030550 -0.117995 0.074576 0.160393 -0.103028 0.091301 -0.160463 -0.077064 -0.263057 -0.096047 0.051278 0.233836 -0.257296 0.156423 0.103717 -0.088459 -0.123552 -0.191378 -0.020620 -0.192392 0.014853 0.102946 0.102829 -0.210973
cullen -0.490402 -0.588874 0.592915 -0.024376 -0.240126 -0.291851 -0.244020 -0.956758 -0.182188 -0.931548 -0.260640 -0.223878 -0.212174 0.327176 -0.347430 0.455239 -0.431729 0.076472 0.100186 -0.013218 -0.391074 -0.507570 0.194788 0.261626 0.041780 -0.146141 0.044444 -0.108479 -0.065878 0.180839 -0.231024 1.135727 -0.486384 -0.547651 -0.395096 -0.277247 -0.127813 -0.024311 -0.392583 0.240923 -0.003652 0.319022 -0.148326 -0.404484 0.553149 0.014331 -0.511002 -0.380198 -0.615730 -0.697137
cup -0.223510 -0.077202 0.547737 -0.110638 0.408492 -0.019970 0.091325 0.157764 -0.201489 -0.108772 0.356611 0.410875 -0.313290 -0.406916 0.449948 0.251091 -0.264290 0.301419 0.194975 0.222033 -0.269583 -0.210513 -0.135033 -0.323415 0.190939 -0.117598 0.240442 0.092821 0.016634 0.413574 -0.090868 -0.010287 -0.118105 -0.217616 0.034182 -0.349317 0.258515 0.596600 -0.288913 -0.018421 -0.187667 -0.366712 -0.410588 -0.378642 -0.119253 -0.240402 0.108538 0.289604 0.096765 -0.032346
cupful -0.183275 -0.197626 0.239056 0.057889 0.121809 0.042312 0.160280 -0.024184 -0.068671 0.059191 0.320591 0.221993 -0.088821 -0.218833 0.145203 0.203114 -0.051690 -0.049533 0.023123 -0.016039 -0.011157 -0.129675 -0.154551 -0.312455 0.028113 -0.331310 0.033959 0.076884 0.285238 0.196749 0.057794 0.030073 0.018854 -0.081667 -0.351188 -0.219619 0.050509 0.230649 -0.367109 0.042156 -0.217560 -0.181664 -0.131308 0.004985 0.081981 -0.160048 -0.057691 0.221041 0.046711 -0.263850
curiosity -0.344043 -0.016079 0.445005 0.275101 0.127594 0.089826 0.113212 -0.031378 -0.157731 -0.104388 0.219621 0.073696 -0.112184 -0.261739 0.104750 0.217159 -0.208179 0.042870 -0.033587 0.112971 0.113708 -0.281804 0.014198 -0.180368 0.210953 -0.328188 0.198390 -0.084669 0.032553 0.291817 -0.117855 0.096010 -0.066208 -0.186912 -0.218261 -0.294394 0.017021 0.283375 -0.483148 0.059478 0.007385 -0.099202 -0.404523 -0.176537 0.095222 -0.174355 0.012854 0.128017 0.089518 -0.262071
current -0.202718 -0.126555 0.745036 -0.272019 0.312095 -0.171470 0.102558 -0.014698 -0.327207 -0.092444 0.150044 0.227338 -0.257927 -0.303923 0.431322 0.295710 -0.083290 0.339487 0.336438 0.177118 -0.031443 -0.147482 -0.084612 -0.255659 0.269638 -0.190043 0.226712 -0.052306 -0.006908 0.355648 -0.004286 0.095536 -0.281343 -0.124484 0.078029 -0.241593 0.283677 0.557909 -0.272020 -0.093175 -0.031042 -0.238626 -0.318304 -0.296666 -0.173116 -0.326101 0.161617 0.225661 0.007696 -0.236582
cut -0.478255 -0.018453 0.522917 -0.512993 0.251482 -0.643271 0.320194 0.089903 -0.556231 -0.055289 0.315486 0.187087 -0.118177 -0.238936 0.620432 0.343023 -0.310795 0.184957 0.435723 0.190048 -0.160181 0.093749 -0.238716 -0.343020 0.070134 -0.250575 0.126735 0.039160 0.106731 0.232871 -0.173451 0.077097 -0.046039 -0.052152 0.056212 -0.387609 0.291888 0.165830 -0.602728 -0.274761 -0.182467 -0.600307 -0.047138 -0.134853 -0.024115 -0.388994 -0.071356 0.172020 -0.135565 -0.011634
d -0.637457 0.417565 0.923351 0.077521 0.424625 -0.103095 -0.124771 -0.514856 -1.027613 -0.424121 -0.287558 -0.747673 -0.273886 0.497244 0.571880 0.086673 -0.507645 -0.218922 -0.319307 -0.091111 -0.369716 -0.113615 0.251785 0.124660 -0.083218 0.263482 -0.617876 1.179548 -1.242991 0.677500 0.513995 -0.816319 0.060168 -0.028888 0.393513 -1.196269 0.415897 -0.110424 -1.074180 -0.422516 0.719916 -0.177814 -0.475315 -0.663402 0.253606 0.285802 -0.135330 -0.058471 0.266283 -0.360011
dan -0.122896 -0.508530 0.699037 0.085680 0.054294 -0.309554 0.022040 -0.443797 -0.096389 -0.498775 -0.178258 0.075895 0.135617 -0.083896 -0.015902 0.234232 -0.423101 0.032766 0.066728 0.117679 0.085042 -0.409894 0.046957 -0.007519 0.018744 -0.241737 0.004628 -0.145973 0.213719 0.125659 -0.434986 0.594924 -0.142091 -0.260173 -0.232336 -0.196623 -0.026574 0.060570 -0.634193 0.083663 -0.088268 0.055774 -0.038082 -0.194568 0.342108 -0.061205 -0.269284 -0.191179 -0.280769 -0.685052
danger -0.125907 -0.073562 0.538580 -0.078969 -0.007414 -0.358094 0.026474 -0.093218 -0.112807 0.049864 0.444922 -0.060854 -0.299185 -0.126510 0.167490 0.194793 -0.344564 0.383567 -0.016028 0.016238 -0.336091 0.016731 -0.084326 -0.216431 0.047718 -0.133366 0.266085 0.234978 -0.048987 0.143683 -0.017019 0.179717 -0.192790 -0.301930 0.054559 -0.317715 0.119406 0.265578 -0.588759 -0.158809 -0.176022 -0.169271 -0.345735 -0.240727 0.206888 -0.254499 -0.199431 0.152531 -0.206425 -0.174287
dare -0.278015 0.212257 0.152278 0.212883 0.079301 0.132758 0.263318 -0.411524 -0.371369 0.121126 0.047063 -0.116232 0.008729 -0.214724 0.175284 0.112645 -0.249534 -0.040004 0.018424 -0.042353 0.103568 -0.053836 -0.109330 0.069138 0.073848 -0.332758 -0.227051 0.086846 0.091445 0.237541 -0.082625 -0.395559 -0.095255 -0.178458 -0.109699 -0.278777 0.350703 -0.146626 -0.307650 -0.080124 -0.048370 -0.329496 -0.131881 0.039151 -0.009347 0.154350 -0.145503 0.203636 0.023251 -0.236758
dark -0.390047 -0.025844 0.383616 -0.033491 0.085220 0.094986 -0.087854 0.355990 -0.004048 -0.147602 0.238141 0.390942 -0.441456 -0.464970 -0.001655 0.290018 -0.111088 0.294035 0.195212 0.146094 -0.042735 -0.370264 -0.198108 -0.426157 0.381475 -0.150466 0.587924 -0.030567 0.145578 0.362539 -0.036532 0.362960 -0.155607 -0.231969 -0.184217 -0.305814 -0.143165 0.520889 -0.352073 0.147690 -0.207806 -0.106649 -0.488498 -0.311417 -0.168918 -0.284630 0.043712 0.494868 0.139004 0.057523
darkness -0.141657 -0.168804 0.956377 -0.033666 0.457716 -0.051937 0.508058 -0.231262 -0.149413 -0.463136 0.667214 0.055037 -0.485410 -0.410965 0.504595 0.267042 -0.328964 0.584274 0.238930 -0.069961 -0.280861 -0.385016 -0.162095 -0.488992 0.180094 -0.246198 0.402972 0.258072 -0.010772 0.702013 0.195675 -0.153840 -0.409748 -0.223285 0.078928 -0.599892 0.412582 0.264420 -0.747211 0.014645 -0.130695 -0.376329 -0.654519 0.027968 -0.114860 -0.228506 -0.015660 0.423371 -0.084133 -0.421721
dawn -0.109548 -0.009098 0.156330 0.116301 0.165673 0.134514 0.243316 -0.120493 -0.120292 0.001720 0.171844 0.110485 0.015388 -0.206150 0.083068 0.130519 0.009916 0.122950 0.024389 0.070541 0.069311 -0.190100 -0.020622 -0.075141 0.178075 -0.275455 0.103924 -0.232451 0.044925 0.185852 -0.027964 -0.016607 -0.141158 -0.080406 -0.188498 -0.001511 0.056313 0.086341 -0.105771 0.034960 -0.036477 -0.094899 -0.210201 -0.051557 -0.098352 -0.075639 0.043853 0.134964 0.075785 -0.096966
dawson 0.101833 0.406021 -0.023623 0.570495 0.356378 0.589601 0.872059 -0.413606 -0.320364 0.124215 0.337825 -0.200387 0.039880 -0.499736 0.296492 0.122687 0.060984 0.155950 -0.073982 -0.117190 0.269157 -0.276787 -0.301308 -0.122295 0.205252 -0.473691 -0.016933 -0.099382 0.226196 0.492586 -0.032047 -0.822793 -0.040330 0.080088 -0.046165 -0.257959 0.358596 -0.526362 -0.275918 0.023744 -0.160402 -0.532164 -0.387341 0.524234 -0.272167 0.227945 -0.113781 0.527683 0.103134 -0.184793
day -0.501593 0.159433 0.404859 -0.447937 0.334829 -0.547195 0.673342 -0.083566 -0.541011 -0.341838 0.283386 0.351948 -0.437361 -0.419489 0.266809 0.119331 -0.436714 0.499075 0.073275 0.190463 -0.764277 -0.269486 -0.463599 -0.537640 0.032264 -0.302680 0.213038 0.204207 -0.068878 0.307113 -0.204155 0.461493 -0.270320 -0.234367 0.034623 -0.352497 -0.163742 0.283080 -0.949690 -0.075898 -0.405339 -0.499491 -0.236177 -0.300679 0.087160 -0.259617 -0.367779 0.131553 -0.369508 0.089189
days 0.065197 0.189408 0.680406 0.375568 0.319068 0.029873 1.011137 -0.396112 -0.191528 -0.316129 0.624500 0.065850 -0.413022 -0.381550 0.301426 -0.093454 -0.189281 0.185744 -0.075509 -0.155535 0.159478 -0.360849 -0.267257 -0.409007 0.215792 -0.325009 0.210964 0.116240 0.141984 0.514342 0.009281 -0.028214 -0.044888 -0.018043 0.202214 -0.232546 -0.071213 -0.033873 -0.848855 -0.062693 -0.181816 -0.134037 -0.239530 0.191594 0.222076 -0.047086 -0.031560 0.115294 -0.188019 -0.485881
dead -0.256934 -0.084884 0.989445 0.079759 0.266346 -0.130173 -0.282311 -0.066994 -0.570434 -0.160483 0.014025 -0.276784 -0.188995 -0.003645 0.302178 0.006126 0.106382 0.285710 -0.284419 0.002420 0.277532 -0.354550 0.168468 -0.048359 0.298657 -0.004042 -0.015527 0.362180 -0.580675 0.538762 -0.216164 0.051411 -0.005439 -0.013080 0.212230 -0.611780 0.320149 0.580493 -0.695713 -0.227880 0.525224 -0.071759 -0.249517 -0.532606 0.012412 -0.457258 -0.085745 -0.082785 0.132062 -0.645782
death -0.286451 -0.052712 0.423223 0.557309 0.156256 0.330718 0.174317 -0.321438 -0.184339 0.233153 0.558392 0.089479 -0.370598 -0.380591 0.097909 0.169268 -0.352133 0.244567 -0.035595 -0.186140 -0.046232 -0.386874 0.016044 -0.287827 0.333618 -0.377500 0.254588 0.045437 0.315464 0.399825 0.131672 -0.067929 -0.318147 -0.489054 -0.208519 -0.292756 0.267536 0.018993 -0.853966 0.118254 -0.188267 -0.359855 -0.400358 -0.150100 -0.044884 -0.091593 -0.180722 0.399216 0.082337 -0.347326
debated -0.137316 -0.061971 0.299496 -0.144059 0.063501 -0.272457 0.169292 -0.294823 -0.266840 -0.059257 0.173474 -0.268774 -0.003452 0.168284 0.219237 0.228513 -0.087040 -0.054459 0.158285 -0.142781 0.209418 -0.063392 0.017735 -0.048497 0.037435 -0.217583 -0.161459 0.210052 0.196378 0.015840 0.070310 0.008709 0.007875 0.091321 -0.236533 -0.174162 0.062353 -0.080397 -0.428303 -0.038047 -0.165566 -0.174287 -0.035425 0.089671 0.229275 -0.044187 -0.106913 0.074823 -0.141163 -0.232633
decided -0.343236 0.356007 0.094484 0.174730 0.171483 0.110806 -0.048660 -0.162676 -0.451971 0.117764 -0.196480 -0.155032 -0.164725 -0.098449 0.094270 0.213760 -0.283247 0.065270 0.016308 0.045481 -0.059622 -0.192719 -0.085830 -0.070854 0.184845 -0.073978 -0.046191 0.248193 0.032477 0.194447 -0.070480 -0.212791 -0.232458 -0.177570 -0.045873 -0.352037 0.077908 -0.068878 -0.418691 -0.002179 -0.064046 -0.236285 -0.157645 -0.267137 0.031704 0.127793 -0.174746 0.201069 0.031381 -0.060163
deck 0.067605 -0.312329 0.706914 0.114973 0.582691 0.298161 0.444164 -0.479224 -0.181294 -0.296379 0.402990 0.346481 -0.459883 -0.565442 0.551067 -0.008807 -0.189432 0.057986 -0.137246 -0.457770 0.028511 -0.380255 -0.402994 -0.700388 0.076614 0.021624 -0.049649 0.583063 0.057525 1.042176 0.456835 -0.584472 0.085341 0.215716 -0.238847 -0.591537 0.390245 0.213911 -0.487057 0.171534 -0.047103 -0.341418 -0.713168 0.100635 -0.336664 -0.161718 -0.156523 0.727020 0.093082 -0.339908
decks -0.176807 0.059200 0.455335 -0.303473 0.158883 -0.260687 0.116749 -0.134196 -0.246638 -0.138943 0.105217 0.126936 -0.037113 -0.227050 0.287353 0.160651 -0.104486 0.192297 0.226805 -0.076030 0.102620 -0.033633 -0.072383 -0.145896 0.182492 -0.115031 -0.006853 -0.001721 -0.023717 0.195453 -0.116651 0.022717 -0.120686 0.002855 0.101318 0.004955 0.137652 0.296458 -0.161160 0.023087 0.013604 -0.203643 -0.111129 -0.130460 -0.020911 -0.173213 0.174112 0.085080 -0.071751 -0.152576
deep -0.177383 -0.180316 0.502404 -0.065170 0.263230 -0.165796 0.211490 -0.103868 -0.138879 -0.063431 0.281837 0.126398 -0.023989 -0.072384 0.138043 0.327684 -0.105874 0.047669 0.148178 0.098525 0.014388 -0.193619 -0.100478 -0.236743 0.170738 -0.374636 0.083263 -0.077969 0.294407 0.111816 -0.133312 0.296501 -0.083446 0.028829 -0.462522 -0.221314 -0.164969 0.252043 -0.357471 0.029835 -0.203828 -0.039122 -0.283663 -0.045852 0.162512 -0.210251 0.024728 0.031156 -0.057713 -0.402845
deeper -0.331410 0.000855 0.469578 -0.087384 0.036962 -0.193613 -0.045553 0.007957 -0.211369 0.051027 0.168438 0.169002 -0.125123 -0.208619 0.223973 0.277688 -0.187671 0.023098 0.111186 0.150901 0.013510 -0.066115 -0.102761 -0.189240 0.139857 -0.192134 0.096384 0.002170 0.050884 0.217445 -0.176691 0.157464 -0.059695 -0.163893 -0.134527 -0.251256 0.061855 0.489675 -0.229304 -0.052639 -0.130427 -0.132279 -0.215499 -0.286804 0.142373 -0.204305 0.042625 0.141519 -0.016520 -0.139485
demanded -0.102603 -0.255090 0.852737 -0.123165 0.186888 -0.691308 0.438619 -0.356852 -0.471720 -0.220603 0.492265 -0.504536 0.054099 0.170023 0.595124 0.124735 -0.358130 -0.010714 -0.115558 0.005466 -0.057633 -0.102015 -0.152221 -0.283002 -0.156219 -0.044874 -0.286834 0.607627 -0.114127 0.354054 -0.216123 -0.021350 0.104746 0.175942 -0.111424 -0.753476 0.322506 -0.051323 -0.916701 -0.376509 -0.041539 -0.366252 -0.034190 0.189850 0.446395 -0.370979 -0.616304 -0.178193 -0.526234 -0.509517
departed -0.439145 0.149604 0.256437 0.206345 0.303280 0.091324 0.313574 -0.184431 -0.303747 -0.012351 0.139478 -0.019645 -0.171268 -0.133356 0.206474 0.075234 -0.407620 -0.077982 -0.165541 -0.108541 -0.034344 -0.211290 -0.022359 -0.232177 0.069913 -0.135320 -0.158107 0.254561 0.129887 0.362527 -0.004200 -0.178247 -0.125401 -0.048993 -0.260831 -0.404103 -0.001304 -0.105020 -0.699525 0.016632 0.037254 -0.227920 -0.341393 -0.081501 -0.019605 0.036770 -0.140102 0.136983 0.032869 -0.203423
desire -0.228083 0.300274 0.081272 0.347654 0.022898 0.288108 0.273514 -0.274152 -0.328560 0.103106 0.290638 -0.225676 -0.182413 -0.240587 0.192725 0.108702 -0.118302 0.065230 0.072227 -0.047488 0.338098 -0.292158 -0.032092 -0.030772 0.380256 -0.341321 -0.008290 0.146923 0.190797 0.254917 -0.149072 -0.182914 -0.072142 -0.163604 -0.151623 -0.241728 0.299667 -0.087611 -0.335090 0.043680 -0.117427 -0.350056 -0.221704 0.002651 -0.050807 0.037286 -0.162570 0.431449 0.081845 -0.121626
diamonds -0.204742 -0.052523 0.626774 -0.343386 0.042433 -0.438802 0.035379 0.027699 -0.265346 0.032128 0.247634 0.299650 -0.359161 -0.251032 0.495663 0.231862 -0.154026 0.127552 0.300909 0.159557 -0.086294 -0.139121 -0.320746 -0.314977 0.034107 -0.068487 0.193031 0.265343 0.131201 0.263369 -0.108010 0.194451 -0.093677 -0.182813 0.218127 -0.219425 0.216660 0.415544 -0.369921 -0.210117 -0.326011 -0.226822 0.113551 -0.276867 0.142154 -0.229083 -0.022222 0.200291 -0.208730 -0.161063
did -1.272368 -0.488458 1.640551 -0.785543 0.067547 -0.783577 -0.384016 -1.403392 -0.157039 0.031798 0.149473 -1.159189 -0.756934 1.163829 -0.171614 -0.172957 -1.159442 0.093696 0.833553 -0.808095 -0.745215 0.500414 0.427881 0.960722 0.011371 -0.007633 -0.680257 1.402695 -0.652109 -0.367381 0.703415 0.073979 0.733548 -0.472487 -0.119983 -1.406149 0.827436 -0.265099 -0.846417 -0.323336 0.637128 -0.304906 -0.520734 0.169574 0.117875 -0.388187 0.772653 -0.702519 -0.816099 -1.416778
didn -1.321493 0.241808 0.771451 0.267802 0.263712 0.152785 -0.388735 -0.123371 -0.746018 -0.275225 -0.336211 -0.173390 0.286095 -0.297393 0.301924 0.020107 -0.726380 -0.312542 -0.415185 0.105784 0.166732 -0.523467 0.231832 0.027986 0.259767 0.051257 -0.292837 0.484014 -0.694770 0.716605 -0.073195 -0.399405 -0.193295 -0.340125 -0.132647 -0.981653 0.544654 0.020645 -1.167731 0.217430 1.052151 -0.322904 -0.488321 -0.507600 -0.372099 -0.317077 -0.140862 0.050877 0.468845 -0.746776
die -0.430536 0.264612 0.172814 0.524607 0.238111 0.433097 0.305825 -0.278153 -0.301924 -0.005746 0.168646 -0.024247 -0.298222 -0.436358 0.206825 -0.048479 -0.376169 0.124449 -0.243766 0.060271 -0.125669 -0.545037 -0.104838 -0.091312 0.239869 -0.166016 0.045757 0.277675 -0.090520 0.618395 -0.117289 -0.331911 -0.228063 -0.323110 -0.142936 -0.472063 0.295901 -0.099179 -0.590287 0.041031 0.021246 -0.398410 -0.433216 -0.138306 -0.236204 0.111207 -0.380099 0.467101 0.118060 -0.086702
died -0.168698 -0.238121 0.366915 -0.115286 0.171193 -0.194608 0.078800 -0.152823 -0.213992 0.049506 0.205119 0.013864 0.115553 -0.084301 0.323146 0.158518 -0.179166 -0.031990 0.019472 -0.172521 0.026814 0.012413 -0.045881 -0.331761 -0.073589 -0.198961 -0.090884 0.170388 0.108112 0.239886 0.116985 -0.181052 -0.065166 -0.067017 -0.247575 -0.297972 0.276255 0.142566 -0.425542 0.047106 -0.069861 -0.237143 -0.051353 0.021759 0.113049 -0.196015 -0.127982 0.128854 0.003097 -0.349312
different -0.198621 0.149658 0.129011 0.260825 0.019874 0.192356 0.130189 -0.055645 -0.061264 -0.120785 0.086063 -0.139250 -0.019393 -0.111378 -0.114850 0.210265 0.001320 0.085123 -0.183092 0.096619 0.173091 -0.296781 -0.003740 0.001326 0.180928 -0.228748 0.169871 -0.121551 -0.138987 0.171550 -0.056777 -0.009240 0.010945 0.032007 -0.216436 -0.190909 -0.147035 -0.050169 -0.206827 0.085580 0.043067 0.053730 -0.465028 -0.038705 -0.013460 -0.061850 0.025874 0.160840 0.080125 -0.036943
difficult -0.093918 0.183977 0.126169 0.083157 -0.052790 0.015728 -0.043688 -0.111379 -0.171473 0.111528 0.017073 -0.029105 -0.230857 -0.182886 0.116911 0.158662 -0.142704 0.186655 0.073140 0.105075 -0.046064 -0.057786 -0.129087 -0.019453 0.111916 -0.091655 0.166230 0.047440 0.035340 0.185731 -0.130352 -0.146706 -0.230737 -0.208326 0.143150 -0.219259 0.257224 0.151721 -0.035791 -0.058062 -0.128497 -0.136703 -0.140224 -0.167815 0.006448 0.012219 -0.134471 0.279874 -0.069566 0.031739
dim -0.176890 -0.148187 0.528841 -0.204803 0.194911 -0.229954 0.189663 -0.182186 -0.254172 -0.075348 0.192866 -0.013004 -0.112820 -0.054702 0.245097 0.405890 -0.045447 0.194346 0.227150 0.153534 -0.035608 -0.157555 -0.068343 -0.135482 0.099871 -0.314321 0.129581 -0.054292 0.023102 0.134488 0.035155 0.067437 -0.126816 -0.025855 -0.144148 -0.216392 0.084010 0.191808 -0.330636 -0.108533 -0.183132 -0.157993 -0.279940 -0.101041 0.104644 -0.206820 0.066295 0.124830 -0.133119 -0.222918
direct -0.102831 -0.026844 0.292118 0.191740 0.271795 0.150466 0.305369 -0.221319 -0.270746 -0.064280 0.195372 -0.126380 -0.066111 -0.109914 0.206455 0.165235 -0.010822 0.112648 0.089952 0.050773 0.098321 -0.265185 0.035185 -0.010870 0.215961 -0.300102 0.056443 -0.086915 0.010115 0.238557 0.044095 -0.158841 -0.138707 -0.049406 -0.165023 -0.170966 0.193246 -0.072947 -0.323304 -0.043371 -0.015172 -0.226381 -0.313255 0.029769 -0.082792 -0.045156 -0.051442 0.196863 0.062442 -0.168522
direction -0.174245 -0.019662 0.626241 -0.099336 0.230630 -0.047164 0.107122 -0.092446 -0.311974 -0.129073 0.041923 -0.027320 -0.417387 -0.169811 0.203231 0.307792 -0.000110 0.404224 0.248680 0.229324 -0.052500 -0.374821 -0.045129 -0.165872 0.349029 -0.138335 0.387973 0.073767 -0.048671 0.340624 0.014924 0.149897 -0.392878 -0.168353 0.069814 -0.318496 0.129654 0.271786 -0.417687 -0.102313 -0.029903 -0.106398 -0.358741 -0.245179 -0.133985 -0.221716 -0.012125 0.262442 -0.098511 -0.197881
dirt -0.338033 -0.055144 0.587368 0.239141 0.145971 0.076365 0.138616 -0.126914 -0.331995 0.180684 0.726209 0.208225 -0.279640 -0.376377 0.386671 0.170969 -0.335386 0.026619 -0.084914 -0.042718 -0.139675 -0.198598 -0.047684 -0.411995 0.342252 -0.340532 0.033844 0.157348 0.130102 0.390629 0.060375 -0.088647 -0.229493 -0.231869 -0.586930 -0.339888 0.272736 0.525397 -0.562898 0.016912 -0.154042 -0.382612 -0.528237 -0.345462 0.056521 -0.304586 -0.225571 0.491970 0.093504 -0.270788
dirty -0.315488 0.057641 0.283504 0.205303 0.008723 0.025453 -0.130009 -0.011202 -0.227542 -0.037033 0.023962 0.122313 -0.073232 -0.244927 -0.002810 0.231084 -0.134082 0.053456 -0.032603 0.135876 0.073402 -0.300359 0.023801 -0.065375 0.282650 -0.195825 0.183829 -0.123554 -0.025490 0.209047 -0.171071 0.157702 -0.130852 -0.219159 -0.126956 -0.117537 -0.088424 0.193770 -0.385518 0.033703 0.023483 -0.045649 -0.246335 -0.348692 0.025576 -0.089144 -0.070968 0.151489 0.092665 -0.097692
disappeared -0.309262 -0.058963 0.569721 -0.024325 0.146399 -0.102819 0.002761 -0.067479 -0.161089 0.060056 0.368713 0.195006 -0.176885 -0.302123 0.385760 0.307659 -0.419388 0.039610 0.040861 -0.160024 -0.051799 -0.018363 -0.115528 -0.499860 0.071066 -0.127329 0.075225 0.222303 0.271229 0.383517 -0.018183 0.012349 -0.197793 -0.182249 -0.212897 -0.416288 0.091233 0.533739 -0.398357 0.190977 -0.163920 -0.147590 -0.383687 -0.164354 0.119564 -0.195937 -0.020652 0.339011 -0.003082 -0.281334
discovered -0.270359 0.042603 0.273236 0.300876 0.095846 0.028029 0.120695 -0.112788 -0.281369 -0.109995 0.185657 -0.054756 -0.037412 -0.194818 0.155957 0.036232 -0.242493 0.028610 -0.106900 -0.018968 0.071709 -0.217504 0.007685 -0.077588 0.115745 -0.196915 0.024195 0.090587 -0.034005 0.285942 -0.119646 -0.107514 -0.041617 -0.161566 -0.062972 -0.379229 0.207772 -0.080123 -0.636948 -0.027723 0.110298 -0.242874 -0.198412 -0.084941 0.017240 -0.069648 -0.247697 0.123575 0.069440 -0.222064
discussion -0.308714 0.044409 0.388307 -0.144004 0.128180 -0.288403 0.094605 0.032959 -0.306108 -0.125539 0.260038 0.090123 -0.222435 -0.099668 0.264127 0.172081 -0.125211 0.097642 0.114104 0.168450 -0.043669 -0.085638 -0.023948 -0.061301 0.124470 -0.129395 0.067427 0.059700 -0.165468 0.155476 -0.106340 0.119262 0.053613 -0.102891 0.075968 -0.189167 0.060690 0.276387 -0.385836 -0.196753 -0.085626 -0.244704 -0.135312 -0.291401 0.120321 -0.199974 0.046753 0.033260 -0.062614 -0.008798
distance -0.329541 -0.086030 0.552735 -0.098571 0.227105 -0.230384 0.174734 -0.073418 -0.251327 -0.011874 0.267558 0.129976 -0.203299 -0.209980 0.345254 0.164838 -0.295305 0.202262 0.109437 0.145019 -0.171181 -0.162572 -0.045705 -0.171996 0.154960 -0.149540 0.136838 0.088632 -0.022601 0.277780 -0.054426 0.106956 -0.163691 -0.212440 -0.051087 -0.282067 0.198318 0.249947 -0.503527 -0.175376 -0.046769 -0.287109 -0.284268 -0.252652 -0.025451 -0.223457 -0.059940 0.136382 -0.062149 -0.175364
distribute -0.279628 0.153980 0.386559 0.190567 0.049391 -0.032022 0.151791 -0.204771 -0.305475 0.115934 0.257243 0.039850 -0.190288 -0.155005 0.239709 0.235255 -0.228164 -0.071996 -0.000466 0.134619 -0.014290 -0.071189 -0.122176 -0.125789 0.094687 -0.302147 -0.034502 0.127759 0.087692 0.253783 -0.094849 -0.082857 -0.021602 -0.217382 -0.088132 -0.351892 0.111476 0.230603 -0.322768 -0.100527 -0.193971 -0.178765 -0.176919 -0.175890 0.236502 -0.000651 -0.056689 0.183365 -0.024859 -0.209612
distributing -0.360946 0.345853 0.280890 0.270295 0.104619 0.112594 0.372696 -0.345137 -0.441898 0.105991 0.142435 -0.003738 0.062662 -0.356391 0.262558 0.230870 -0.139879 -0.150130 -0.080684 0.143614 0.116100 -0.142197 -0.194556 -0.039855 0.124943 -0.452231 -0.203373 -0.015639 -0.046294 0.351924 -0.163625 -0.318965 0.079416 -0.066379 -0.186711 -0.259963 0.113464 0.105422 -0.282716 -0.103367 -0.072186 -0.292810 -0.235726 -0.066991 0.116621 0.106391 0.006924 0.242573 0.092597 -0.223335
distribution -0.177802 0.130999 0.327527 0.178615 0.092137 0.149643 0.103016 -0.067885 -0.162051 0.060791 0.285326 0.152741 -0.307355 -0.272606 0.179474 0.191858 -0.097816 0.145224 -0.078905 0.201382 -0.215015 -0.157330 -0.064339 -0.110440 0.151456 -0.185830 0.186697 0.065212 -0.150307 0.278642 0.051939 -0.098015 -0.112331 -0.227222 0.011788 -0.213222 0.077050 0.411956 -0.238170 -0.123189 -0.180463 -0.111885 -0.376021 -0.335734 0.050597 -0.019070 0.022439 0.318021 0.081351 0.029444
do -1.167995 0.973450 0.985909 0.281633 0.299710 0.313393 0.164385 -1.516088 -0.963583 0.252198 -0.471625 -0.985967 -0.867809 0.409550 0.432019 0.166482 -1.144361 0.129804 -0.087507 0.259953 -0.704244 -0.249054 0.120242 0.663272 0.322373 -0.146849 -0.900724 1.346647 -0.991255 0.358205 0.087283 -0.826429 0.057562 -0.333061 0.355725 -1.344604 0.644056 -0.061817 -0.026707 -0.182071 0.723236 -0.261228 -0.806295 -0.736417 0.089342 0.559655 0.698567 -0.211751 0.012964 -0.934544
does -0.456599 0.077764 0.483872 -0.407004 -0.096798 -0.540701 -0.400205 -0.693826 -0.446906 0.052395 -0.371148 -0.668791 -0.124236 0.442509 0.129847 0.280110 -0.731592 0.086169 0.102066 -0.183633 -0.246617 0.290425 0.114005 0.300013 -0.247643 -0.107316 -0.402562 0.889881 -0.267415 -0.172625 0.039240 -0.317807 -0.032339 -0.270263 0.169627 -0.756019 0.410422 -0.126248 -0.593654 -0.219440 -0.020101 -0.144816 -0.118118 -0.341102 0.377136 0.155068 -0.168400 -0.056512 -0.313197 -0.464691
doesn -0.346361 0.092603 0.148916 0.044393 -0.069646 0.084079 -0.335282 0.149924 -0.067968 -0.020116 -0.241413 0.046040 -0.033399 -0.086529 -0.115520 0.128173 -0.041377 0.020924 0.005900 0.392917 0.080274 -0.181674 0.134059 0.272766 0.199739 0.082081 0.135821 -0.092582 -0.254942 0.039517 -0.169938 0.095530 -0.107422 -0.188453 0.091632 -0.094899 0.061075 0.227085 -0.008599 -0.074862 0.148911 0.017354 -0.153975 -0.350138 -0.120796 -0.104928 0.030752 -0.003520 0.090585 0.040999
dog -0.965909 0.535394 0.671341 -0.001344 -0.104164 -0.417903 -0.304529 0.334569 -0.414089 -0.300336 0.158267 0.042644 -0.698039 -0.518846 0.176214 0.191520 -0.784609 0.400589 -0.080988 0.127274 -0.217216 -0.407226 -0.158979 -0.358863 0.343169 0.158838 0.444740 0.420145 -0.219137 0.503319 -0.673305 0.463751 -0.417340 -0.431214 0.381241 -0.661191 -0.138740 0.638950 -0.949542 0.032055 0.228186 -0.291625 -0.490277 -0.618911 -0.001841 -0.399832 -0.212592 0.200141 -0.206747 -0.023236
dogs 0.088700 0.291874 0.635179 0.324807 0.522807 0.319661 -0.009409 -0.196017 -0.497259 -0.349846 0.281600 0.015937 -0.342916 -0.273390 0.279432 0.069685 0.073113 0.449242 -0.154103 0.083542 -0.065884 -0.507585 0.370222 0.059100 0.590655 -0.162617 0.035456 0.144935 -0.745756 0.394053 -0.014641 -0.417275 -0.059046 -0.079451 0.309308 -0.090728 0.328048 0.490090 -0.429122 -0.132445 0.211805 -0.339238 -0.585709 -0.750036 -0.062060 -0.014964 0.295194 0.213144 0.352650 -0.203628
doing -0.347100 0.111894 0.249536 -0.179983 0.042934 -0.345544 0.124901 -0.180867 -0.364954 -0.020458 0.139810 -0.071130 0.011451 0.006510 0.239221 0.160335 -0.295002 -0.064679 0.095830 0.012545 -0.062341 0.061604 -0.072147 -0.048842 -0.030790 -0.213626 -0.122068 0.134425 -0.032389 0.033154 -0.096320 -0.013928 -0.014323 -0.067065 -0.071122 -0.224619 0.079206 0.021585 -0.414357 -0.107616 -0.105166 -0.218770 -0.001815 -0.167237 0.278512 -0.053327 -0.084969 -0.045033 -0.088092 -0.138828
dollar -0.696574 0.246599 0.186687 -0.129105 -0.090838 -0.368611 0.259609 0.231626 -0.248328 -0.179045 0.508779 0.111577 -0.362357 -0.150043 -0.004489 0.155187 -0.316800 0.055467 0.096732 0.154673 -0.201758 0.037712 -0.128704 -0.198487 0.197620 -0.250849 0.206676 -0.060499 -0.081434 0.029828 -0.271628 0.476863 0.118907 -0.098752 -0.160197 -0.272653 -0.344230 0.286800 -0.489618 -0.130007 -0.162801 -0.259709 -0.288094 -0.177830 0.214295 -0.274849 -0.056970 0.049352 -0.089594 0.192038
dollars -0.408930 0.384533 0.602195 0.314217 0.220013 0.038015 0.672945 -0.306906 -0.572073 -0.035989 0.356046 0.291785 -0.325369 -0.250613 0.360519 0.237324 -0.115107 -0.493548 0.075184 0.313117 0.241978 -0.255415 -0.370086 0.074569 0.117143 -0.427445 -0.390696 0.073064 0.147652 0.289360 -0.332463 -0.026630 0.380744 0.025056 -0.079926 -0.162867 -0.260593 0.355533 -0.473471 -0.406302 -0.477116 -0.259742 -0.106274 -0.132299 0.536969 0.339236 0.045949 -0.017343 -0.073504 -0.349349
don -1.387382 0.577218 0.503007 0.682077 0.319719 0.344221 -0.366797 -0.148234 -0.752827 0.003790 -0.451231 -0.348448 0.192357 -0.251977 0.322176 -0.010043 -1.081051 -0.313597 -0.735283 0.606526 0.112116 -0.632729 0.494044 0.377029 0.435070 0.246222 -0.414940 0.368175 -0.704134 0.724876 -0.685442 -0.327459 -0.338376 -0.342207 -0.386813 -0.948627 0.328638 0.098222 -0.729521 0.088407 0.927996 -0.282983 -0.828137 -0.982527 -0.337820 -0.098105 -0.356073 -0.020234 0.457057 -0.233933
donate -0.219471 0.302467 0.392839 0.101487 0.157719 0.065604 0.408777 -0.434396 -0.465951 -0.011696 0.082534 -0.014223 0.086030 -0.351495 0.351447 0.379991 -0.067589 0.012855 0.048892 0.182879 0.133238 -0.236674 -0.128790 0.025049 0.159089 -0.459704 -0.167126 -0.079464 -0.121495 0.243985 -0.138216 -0.301977 -0.022949 -0.010185 -0.096913 -0.062876 0.152178 0.129914 -0.175804 -0.155637 -0.096923 -0.290810 -0.300846 -0.105107 0.062087 0.082405 0.128332 0.249050 0.060122 -0.236452
donations -0.255616 0.386280 0.368614 0.456692 0.215948 0.573331 0.288887 -0.273811 -0.128156 0.242909 0.288475 0.002147 -0.112125 -0.656452 0.218912 0.437472 -0.259796 0.145165 -0.181644 -0.025944 0.136162 -0.304392 -0.247948 -0.252793 0.277180 -0.368240 0.089139 0.118826 0.179362 0.604599 -0.030728 -0.570290 -0.188866 -0.111751 -0.261550 -0.476414 0.132818 0.183265 -0.300654 0.125521 -0.182873 -0.271123 -0.838043 -0.014716 -0.203160 0.059407 0.051452 0.703897 0.211952 -0.316095
done -0.664880 -0.129169 0.579677 0.291977 0.347406 0.007604 -0.096566 0.080611 -0.683368 -0.393599 -0.102084 -0.110379 0.112739 -0.199517 0.363818 -0.029377 -0.363673 -0.015355 -0.012646 -0.097207 0.441020 -0.488806 0.254914 -0.129903 0.443068 -0.112626 0.111458 0.101358 -0.210959 0.600113 -0.082102 -0.068970 -0.030677 -0.145391 -0.229406 -0.724100 0.320792 -0.128676 -1.128707 0.102114 0.521177 -0.367101 -0.197959 -0.332354 -0.229650 -0.257921 -0.301852 0.070262 0.425806 -0.374634
door -0.241717 -0.238183 0.547388 -0.217548 0.192279 -0.134206 -0.175667 0.132521 -0.063016 0.168542 0.060750 0.436858 -0.246231 -0.506121 0.302048 0.150319 -0.300886 0.364190 0.145922 0.098685 -0.207670 -0.251112 -0.169663 -0.473443 0.226817 -0.028219 0.386273 0.033254 0.249300 0.392012 -0.097193 0.224977 -0.467389 -0.320795 -0.130956 -0.204159 0.239691 0.641246 -0.335238 0.079360 -0.010021 -0.198131 -0.292442 -0.354614 -0.332368 -0.413217 -0.063475 0.373090 -0.058977 -0.166329
dorety -0.495039 0.123519 0.311892 0.109796 -0.141640 -0.154883 0.082294 -0.094406 -0.240859 -0.498286 -0.106041 -0.182711 -0.063046 -0.219109 -0.037407 0.151969 -0.240735 0.397165 0.261344 0.029665 0.059590 -0.782690 -0.040804 0.037688 0.389314 -0.057902 0.414447 -0.219840 -0.112921 0.127033 -0.321285 0.714100 -0.316379 -0.500549 0.237195 0.055549 0.029124 -0.466917 -0.451774 0.257269 0.405121 -0.207605 -0.190982 -0.132815 -0.190280 -0.139102 -0.063333 -0.037243 -0.145664 0.018240
dost -0.130947 0.127526 0.141006 0.196461 0.032368 0.094180 -0.134622 -0.053565 -0.274538 -0.135597 -0.172108 -0.392461 -0.031058 0.231581 0.006353 -0.091747 -0.073301 -0.121749 -0.122534 -0.052456 0.212703 -0.151701 0.215819 0.172241 0.149432 0.128872 -0.179263 0.254540 -0.255418 0.012181 -0.031412 -0.014002 0.107085 0.062458 -0.008092 -0.255013 -0.002033 -0.166558 -0.263141 0.009148 0.315163 -0.015863 -0.087430 -0.098026 0.031197 0.017062 -0.050954 -0.114043 0.123560 -0.148407
doubt -0.062412 -0.085475 0.124564 0.284074 0.201853 0.137715 0.199874 -0.154774 -0.108334 -0.178434 0.063404 0.002793 0.043688 -0.169780 -0.038143 0.051345 -0.173449 0.066442 -0.204933 -0.016115 0.117209 -0.315394 0.105219 -0.020989 0.090413 -0.263029 -0.048394 -0.079058 -0.044926 0.096302 -0.050559 -0.043576 -0.004632 -0.004053 -0.235828 0.009018 -0.102841 -0.186578 -0.439785 0.058476 0.029466 -0.089891 -0.357108 -0.119484 0.001821 0.061236 -0.050837 0.059410 0.170418 -0.199704
down -0.240555 -0.029594 0.187532 -0.876394 0.381259 -0.688706 0.043559 0.092853 -0.849820 0.783128 0.188905 0.224761 0.864728 -0.805983 0.460975 0.289008 -0.066907 0.487141 0.522110 -0.177981 0.400095 0.386318 -0.141639 -0.670164 0.603708 -0.572780 -0.184032 -0.818136 0.550683 0.146571 -0.722779 0.124641 -0.703940 -0.155705 -0.898337 0.385252 0.723122 0.553856 0.072848 0.111081 -0.019104 -1.423726 -0.169769 -0.083811 -0.541777 -0.877844 -0.358875 0.703671 -0.031184 0.127548
dozed -0.253708 -0.272934 0.445466 -0.075164 0.185695 -0.147701 -0.042370 -0.036446 -0.221314 -0.031558 0.032396 0.173736 -0.006677 -0.139114 0.227975 0.199501 -0.171140 0.007571 0.110880 0.029913 0.039702 -0.070404 -0.006423 -0.161982 0.089929 -0.206646 0.024411 0.028127 0.062727 0.200106 0.026726 0.008654 -0.045794 -0.087567 -0.194299 -0.291194 0.189804 0.259191 -0.384011 -0.010310 0.016532 -0.196326 -0.167647 -0.174060 -0.023287 -0.211992 -0.028804 0.086193 0.075009 -0.339910
dozen -0.694752 0.339396 0.419364 -0.213441 -0.036652 -0.422060 0.017978 0.124598 -0.389015 -0.160983 0.406987 0.222188 -0.416118 -0.226225 0.109182 0.524077 -0.331566 0.155759 0.350334 0.280417 -0.102385 -0.317139 -0.097893 -0.156973 0.423848 -0.196918 0.374312 0.009568 0.046817 0.024198 -0.289630 0.683784 -0.028316 -0.359542 -0.145916 -0.090127 -0.420454 0.365459 -0.583829 -0.121766 -0.457904 -0.211731 -0.357680 -0.633062 0.336528 -0.175723 0.005564 0.270168 -0.114188 0.307868
dragged -0.180916 -0.140345 0.334369 -0.010490 0.218940 -0.052555 -0.125613 -0.118814 -0.284383 -0.205732 -0.067913 -0.044789 0.319267 -0.175227 0.112731 0.161531 -0.228070 -0.000659 -0.034698 -0.258232 0.274219 -0.206658 0.056454 -0.166633 0.127457 -0.171508 -0.210362 -0.004937 -0.085022 0.207613 -0.063587 -0.242955 0.045008 0.123596 -0.242395 -0.154351 0.087494 -0.013360 -0.348131 0.216996 0.113932 -0.189007 -0.227871 -0.129446 0.005438 -0.150893 -0.016453 0.024781 0.180670 -0.371698
drank -0.170185 0.003182 0.237076 0.108691 0.112947 -0.019918 0.117036 -0.261810 -0.277314 0.244266 0.211891 0.009126 -0.024213 -0.100402 0.256113 0.324182 -0.256893 -0.054215 0.059768 0.017036 0.003015 0.027041 -0.081590 -0.101366 0.008348 -0.291979 -0.097189 0.005856 0.229428 0.122584 -0.035466 -0.248962 -0.099844 -0.120971 -0.265335 -0.223991 0.180500 0.164071 -0.225876 0.004740 -0.328962 -0.246813 -0.215366 -0.114002 0.207537 0.005069 -0.073802 0.243339 -0.028920 -0.104726
draw -0.224916 0.146210 0.097556 0.011109 -0.008176 -0.024885 0.147854 -0.027458 -0.171457 0.101676 0.120022 0.140084 -0.031980 -0.295024 0.140320 0.176551 -0.160285 0.039330 0.092972 0.047116 0.008621 0.033870 -0.180654 -0.170813 0.060298 -0.248314 0.041801 -0.065917 0.116062 0.121763 -0.087446 -0.064164 -0.048143 -0.091506 -0.022955 -0.111288 0.111199 0.107988 -0.085191 0.037988 -0.095570 -0.233980 -0.142362 -0.063989 -0.023381 -0.066591 0.049560 0.198258 0.079403 -0.061913
dream -0.331740 0.005210 0.641841 -0.002681 0.064514 -0.114941 0.299432 0.211636 -0.129893 -0.460488 0.525637 0.162575 -0.468666 -0.525019 0.143102 0.233624 0.024582 0.581964 0.276616 0.217684 -0.110616 -0.507095 -0.233775 -0.316014 0.344372 -0.305224 0.796064 -0.172434 -0.250705 0.524904 -0.016305 0.303475 -0.236391 -0.335858 0.264744 -0.343074 0.198685 0.236913 -0.636023 -0.104195 0.007470 -0.263433 -0.427520 -0.095158 -0.176573 -0.430449 0.000833 0.371652 -0.030988 -0.035569
drew -0.446212 -0.011857 0.560586 -0.426899 0.485144 -0.376033 0.514261 -0.262625 -0.593471 0.192223 0.301647 0.162042 0.309914 -0.226411 0.774524 0.323281 -0.358056 -0.278791 0.183306 -0.117165 0.073288 -0.071853 -0.406826 -0.451660 -0.042300 -0.258854 -0.437797 0.197599 0.324449 0.388670 -0.042252 -0.285185 0.127156 0.268825 -0.484213 -0.242501 0.076447 -0.014351 -0.470023 0.004339 -0.233266 -0.499637 -0.044234 0.116816 0.054708 -0.230932 0.061184 0.107938 -0.055411 -0.415630
drifted -0.009990 -0.233595 0.521090 -0.019876 0.425857 0.149060 0.360638 -0.213709 -0.185455 0.053285 0.210251 -0.010829 0.109086 -0.102800 0.274979 0.406403 0.031617 0.010306 0.177051 -0.050669 0.198338 -0.170252 -0.102956 -0.275184 0.129806 -0.315359 -0.047779 -0.018009 0.285193 0.282614 0.179781 -0.166519 -0.058526 0.156063 -0.513000 -0.236697 0.015815 0.094227 -0.200285 0.091637 -0.214507 -0.118665 -0.376847 0.186351 -0.024314 -0.138186 0.133423 0.211710 0.059902 -0.473815
drifting -0.340877 0.086273 0.319588 0.068269 0.070057 -0.054987 0.047608 -0.026807 -0.232809 -0.076261 0.159476 0.112940 -0.007573 -0.281173 0.059514 0.310814 -0.217435 0.082660 0.013702 0.044730 0.098007 -0.220510 -0.049064 -0.164062 0.187623 -0.309939 0.105383 -0.112278 0.047309 0.141107 -0.173260 0.098429 -0.035149 -0.105350 -0.223685 -0.144109 -0.093699 0.183140 -0.375551 0.115414 -0.102701 -0.141517 -0.368203 -0.211792 0.085049 -0.138244 0.077393 0.158277 0.105260 -0.161409
drink -0.124647 0.126729 0.220938 -0.052728 0.084593 -0.173802 0.134003 -0.205662 -0.332977 0.023115 0.099993 -0.002866 -0.052788 -0.083971 0.255453 0.154299 -0.281848 0.111065 0.115700 0.122666 -0.079101 -0.005690 -0.019461 -0.016343 0.031825 -0.247098 -0.051500 0.011308 -0.002327 0.047507 -0.206562 -0.049922 -0.143404 -0.136171 0.094978 -0.141569 0.210197 0.160954 -0.145844 -0.075676 -0.105008 -0.194514 -0.090924 -0.232980 0.165068 -0.037113 0.011945 0.023203 -0.045358 -0.071059
driving -0.249590 -0.093235 0.508218 -0.012560 0.170695 -0.169439 0.169505 -0.044142 -0.201600 -0.255201 0.234299 0.220137 -0.135327 -0.273300 0.145959 0.212844 -0.070129 0.136385 0.108800 0.080438 0.125422 -0.217188 0.005595 -0.126314 0.165558 -0.382739 0.152181 -0.212159 -0.091975 0.156720 -0.095088 0.118609 -0.010003 -0.061996 -0.014001 -0.015811 0.054379 0.336541 -0.425853 -0.052724 -0.038993 -0.176267 -0.276945 -0.218004 0.103605 -0.238662 0.175263 0.057915 0.004995 -0.218148
dropped -0.211966 -0.294195 0.587869 -0.226239 0.181058 -0.429885 0.632408 -0.377487 -0.118981 0.074348 0.645683 0.065353 0.235828 -0.471423 0.526477 0.114434 -0.527972 0.102748 0.064501 -0.613249 0.138050 0.142621 -0.372426 -0.771413 -0.210170 -0.417525 -0.168487 0.156920 0.610991 0.384875 -0.043368 -0.186456 -0.184256 -0.054655 -0.354470 -0.370897 0.492463 0.109940 -0.692606 0.290616 -0.107907 -0.535140 -0.115477 0.564568 0.019134 -0.443361 -0.243997 0.316169 -0.334765 -0.617929
dry -0.100956 0.025302 0.303056 0.239754 0.200895 0.171783 0.331420 -0.294830 -0.183372 0.060363 0.433081 -0.075388 -0.088746 -0.179274 0.124061 0.246240 -0.108487 0.126347 -0.090562 -0.051733 -0.011667 -0.146449 0.022792 -0.143819 0.163708 -0.370854 0.041617 -0.024834 0.010565 0.177523 0.126610 -0.155376 -0.081352 -0.128453 -0.276074 -0.154747 0.079585 0.077161 -0.387039 -0.011759 -0.134712 -0.196091 -0.473279 -0.066322 0.078331 -0.123179 0.050850 0.235016 0.042415 -0.206408
dug -0.180176 -0.163978 0.470802 -0.294770 0.199418 -0.388069 0.164219 -0.172371 -0.289911 0.080658 0.236206 0.118794 0.195794 -0.193484 0.454228 0.218140 -0.339990 -0.082823 0.113736 -0.131011 -0.004724 0.112191 -0.180146 -0.340472 -0.079453 -0.235408 -0.179713 0.175287 0.121844 0.193755 -0.028137 -0.158335 0.063434 0.051359 -0.229877 -0.218502 0.202828 0.183869 -0.437437 -0.008793 -0.197182 -0.337232 -0.061400 -0.018964 0.159242 -0.267805 -0.023808 0.117730 -0.075528 -0.352797
during -0.308227 0.090317 0.259897 -0.222580 0.043717 -0.239918 -0.022101 -0.169917 -0.389099 -0.022661 -0.053296 0.023504 -0.043051 -0.017053 0.116223 0.282442 -0.115965 -0.007415 0.313215 0.086103 0.039864 0.024368 -0.058962 0.097319 0.107824 -0.236416 -0.090089 -0.045052 -0.035802 -0.050845 -0.051680 0.057436 -0.036785 -0.117381 0.007261 -0.009951 -0.007775 0.119542 -0.219090 -0.155423 -0.176469 -0.184783 -0.004383 -0.240855 0.159752 0.028414 0.058413 -0.001633 -0.013545 -0.086122
dust -0.255525 0.009280 0.353842 0.117595 0.099679 0.029906 0.350411 -0.227337 -0.123476 -0.042823 0.397767 -0.176588 -0.149770 -0.124182 -0.021187 0.369989 -0.068900 0.250923 0.058825 0.072070 -0.070326 -0.228519 -0.063538 -0.094301 0.187325 -0.469499 0.249849 -0.069606 0.041030 0.144560 0.075910 0.088158 -0.138156 -0.196834 -0.296578 -0.291999 -0.025450 -0.011739 -0.496587 -0.072149 -0.168212 -0.173745 -0.497233 0.058696 0.086225 -0.129504 -0.064631 0.224273 -0.076460 -0.213149
dying -0.252350 -0.037421 0.272995 -0.112451 0.030859 -0.108930 -0.210172 -0.036346 -0.238155 -0.015973 0.120614 0.173071 -0.122105 -0.201711 0.151487 0.142935 -0.278905 0.058293 0.075176 -0.141671 0.035978 0.054946 0.057364 -0.195253 0.129229 -0.168142 -0.033699 0.048606 -0.034107 0.081362 -0.041390 -0.042604 -0.089662 -0.115636 -0.130255 -0.066724 0.125959 0.451805 -0.170409 0.158996 -0.129058 -0.191070 -0.209954 -0.389810 0.098253 -0.088525 0.042678 0.245702 0.182629 -0.115201
e -0.405243 0.335187 0.767040 0.274947 0.497182 0.579822 0.358486 -0.744260 -0.564313 -0.231449 -0.037348 -0.150368 0.021113 -0.366108 0.341753 0.477448 0.072384 -0.054859 -0.439044 0.484341 -0.108890 -0.440639 0.117526 0.232758 0.210130 -0.544698 -0.463092 0.486534 -0.934398 0.651870 0.261195 -0.828676 0.241535 0.002117 -0.194494 -0.546385 0.144575 0.306394 -0.377980 -0.434849 0.253045 -0.267165 -0.839872 -0.502560 -0.043246 0.275674 0.375768 0.375392 0.491764 -0.633563
each -0.068113 -0.781741 0.409986 0.230801 0.317939 0.341229 0.261573 -0.536544 0.002037 -0.029087 0.111714 0.270981 0.234814 -0.160981 -0.269506 0.595383 0.158786 -0.046977 0.320674 -0.018187 0.273994 -0.283293 0.094584 0.102809 0.195214 -1.029741 0.024846 -0.621158 0.355770 0.014331 0.397068 -0.230624 -0.029087 -0.162582 -1.058175 0.092938 -0.041833 0.225221 -0.352924 0.053432 -0.615519 -0.026326 -0.680278 0.125235 0.152292 0.086771 0.050998 0.337811 0.139792 -0.642733
eagerness -0.275244 -0.032198 0.431573 0.139985 0.144478 0.151722 0.178636 -0.136121 -0.173718 -0.013774 0.133861 -0.038320 0.028926 -0.199193 0.217552 0.277287 -0.160856 0.000163 0.023762 -0.049324 0.269434 -0.186583 0.023201 -0.257449 0.186075 -0.278125 0.052178 -0.051844 0.186606 0.281418 0.041529 -0.039325 -0.089883 0.010170 -0.300701 -0.295424 0.050574 0.190525 -0.223138 0.209263 0.088714 -0.066803 -0.418772 0.012886 -0.063586 -0.161434 0.188277 0.192240 0.155518 -0.330574
ear -0.287649 0.139314 0.391876 -0.104504 0.004591 -0.226052 0.152572 -0.117838 -0.231129 -0.205262 0.157828 0.073021 -0.295905 -0.220586 0.172714 0.217420 -0.211279 0.258991 0.149116 0.124809 -0.103813 -0.164515 -0.098780 -0.148751 0.142660 -0.229359 0.264519 0.003332 -0.048655 0.198954 -0.186820 0.222609 -0.261893 -0.240031 0.233744 -0.204023 0.072255 0.263669 -0.349793 -0.022058 -0.032197 -0.092914 -0.183620 -0.228452 0.069131 -0.165202 0.026892 0.135467 -0.164935 -0.046251
early 0.018234 -0.293883 0.542667 0.094347 0.328944 0.058796 0.422674 -0.094189 -0.060217 -0.214141 0.361411 0.047400 0.095499 -0.269297 0.145376 0.222515 0.120002 0.343862 -0.077060 0.136534 -0.015213 -0.297062 -0.017408 -0.277546 0.136240 -0.468591 0.344772 -0.316396 -0.176440 0.389437 0.105318 -0.084963 -0.128800 -0.023815 -0.197566 -0.241687 0.186274 0.140336 -0.343171 -0.011845 0.038808 -0.094526 -0.446980 0.066122 -0.056751 -0.327104 0.068912 0.139005 0.060858 -0.347996
ears -0.448446 0.358754 0.199288 -0.061674 0.005163 -0.006658 0.093825 -0.070920 -0.320153 -0.036047 0.318263 0.451075 -0.028679 -0.804544 0.390622 0.094510 -0.621681 0.200395 0.412369 -0.507331 0.319679 0.063580 -0.058355 -0.495102 0.360222 -0.231788 0.068951 -0.265362 0.482835 0.297169 -0.307120 -0.013242 -0.495414 -0.396976 0.141854 0.184810 0.377916 0.484943 -0.199316 0.619898 0.154772 -0.479257 -0.226897 -0.088270 -0.356114 -0.205877 0.277944 0.543710 0.172142 -0.023603
earth -0.146973 0.025961 0.537470 0.015509 0.149112 -0.065727 0.299008 -0.094974 -0.184576 -0.141384 0.460141 0.172469 -0.544247 -0.272767 0.330969 0.209249 -0.119498 0.417222 0.220521 0.342776 -0.275903 -0.263518 -0.089556 -0.142049 0.241214 -0.243185 0.467496 0.004444 -0.074392 0.377525 -0.071610 0.133307 -0.306144 -0.322879 0.184101 -0.290816 0.261398 0.530988 -0.323563 -0.154322 -0.290849 -0.134601 -0.345193 -0.314232 0.020497 -0.210575 -0.007832 0.335280 -0.177379 0.073175
easily -0.447212 0.179899 0.315683 0.183754 0.081842 0.111370 0.066293 -0.267168 -0.434680 -0.167468 -0.025298 -0.122257 0.005750 -0.185753 0.190862 0.312421 -0.249664 -0.049204 0.255124 -0.024246 0.295980 -0.322385 -0.007252 0.003597 0.242667 -0.325806 -0.058427 -0.031092 0.091715 0.220053 -0.059019 -0.114213 -0.150639 -0.173928 -0.046700 -0.220851 0.263341 -0.163130 -0.364525 0.173558 0.081823 -0.247671 -0.191172 -0.078363 0.027904 0.058432 0.085072 0.149755 0.161712 -0.265892
east -0.102836 0.158890 0.278864 -0.063024 0.163081 -0.072182 0.292803 -0.187396 -0.222471 -0.011881 0.262141 0.036997 -0.177646 -0.255742 0.304078 0.177774 -0.189641 0.238239 0.208634 -0.050430 -0.009805 -0.071989 -0.125060 -0.206535 0.131205 -0.215580 0.021005 0.071732 0.174433 0.193243 -0.060699 -0.063346 -0.157559 -0.101083 0.123333 -0.111052 0.201046 0.147539 -0.234802 -0.008180 -0.135209 -0.279711 -0.146638 -0.051137 -0.009859 -0.077790 0.067020 0.211645 -0.043406 -0.121293
easy -0.468130 0.089466 0.245150 0.538771 -0.083707 0.205812 -0.118454 -0.063520 -0.217627 -0.095620 -0.093385 -0.110646 0.189620 -0.291734 -0.121256 0.088194 -0.247196 0.024106 -0.297028 0.189763 0.263767 -0.497340 0.041564 0.098527 0.249038 -0.307397 0.146827 -0.264516 -0.204770 0.335644 -0.409919 0.012739 -0.177127 -0.307468 -0.232616 -0.351676 0.129019 0.011329 -0.377118 0.172711 0.289636 0.038198 -0.305283 -0.218662 -0.013095 -0.138797 -0.225334 0.017999 0.149947 -0.276203
eat -0.446596 0.367866 0.388486 0.192285 0.397424 -0.055213 0.438332 -0.393843 -0.520580 0.185585 0.139363 0.117592 -0.138612 -0.381306 0.665376 -0.130350 -0.809939 -0.032909 -0.147858 -0.000034 -0.138252 0.037457 -0.270283 -0.191961 -0.032403 -0.053308 -0.424211 0.479731 0.126045 0.647613 -0.413377 -0.473009 -0.099445 -0.228053 0.146167 -0.661013 0.500108 0.144477 -0.536765 -0.081571 0.003938 -0.501571 -0.105788 -0.167924 -0.049826 0.163061 -0.292660 0.082778 0.027030 -0.289116
eating -0.222492 -0.202827 0.534759 -0.013464 0.181120 -0.076074 -0.005015 -0.026650 -0.239703 -0.010822 0.268611 0.218670 -0.011415 -0.432068 0.311320 0.081968 -0.301901 0.193225 0.058846 -0.119669 0.050987 -0.100341 -0.005818 -0.462264 0.242416 -0.225357 0.148731 -0.070844 0.082286 0.396576 -0.039998 0.012597 -0.277810 -0.124793 -0.216774 -0.238865 0.356254 0.420524 -0.363350 0.196200 0.201940 -0.284920 -0.344424 -0.174282 -0.199578 -0.428131 -0.001576 0.286629 0.159602 -0.332727
ebook -0.107797 0.217402 0.320136 0.252031 0.076875 0.248476 0.456530 -0.176111 -0.137966 -0.104118 0.064531 -0.126358 -0.265434 -0.267878 0.150623 0.076343 -0.053255 0.119092 -0.084363 0.348120 0.026411 -0.249006 -0.019185 -0.049768 0.191338 -0.264570 0.165680 0.114945 -0.141472 0.226352 -0.022811 0.058109 -0.011888 -0.087927 0.067388 -0.227101 0.042388 0.148523 -0.198861 -0.180101 0.065636 -0.080823 -0.390434 -0.060815 -0.078178 -0.026910 0.084598 0.190757 0.067660 -0.132071
ebooks -0.080232 0.110936 0.307035 0.146844 0.155565 0.265390 0.134401 -0.345868 -0.223347 -0.078471 -0.041836 -0.317910 0.128124 0.003798 0.021918 0.178531 0.011783 -0.016184 -0.095386 -0.053776 0.289239 -0.178370 0.217569 0.126816 0.266285 -0.204012 -0.215899 0.073714 -0.171544 0.097510 0.057630 -0.244072 0.066430 0.191532 -0.310292 -0.167681 -0.019063 -0.023677 -0.165260 0.022369 0.185887 0.001275 -0.391685 0.002577 -0.054661 0.040224 0.151427 0.111417 0.152390 -0.333137
edge -0.036795 0.129860 1.031498 0.283403 0.492335 -0.013935 0.628547 -0.532356 -0.777035 -0.148939 0.896679 0.151212 -0.489644 -0.689358 0.893351 0.283887 -0.206652 0.664692 0.067298 -0.073017 0.090433 -0.369427 -0.057252 -0.408784 0.619270 -0.488455 0.313793 -0.028033 -0.033225 0.896511 -0.256090 -0.292179 -0.495276 -0.316782 0.242401 -0.440852 0.738564 0.671975 -0.719222 -0.049038 -0.079959 -0.583488 -0.675756 -0.401309 -0.158131 -0.354672 -0.176632 0.749185 -0.076118 -0.220908
effort -0.274359 0.782754 0.213864 0.575428 -0.193127 0.253028 0.436029 -0.200726 -0.207496 -0.006149 0.757230 -0.016497 -0.340058 -0.697793 0.164643 0.073604 -0.368033 0.245579 -0.212486 -0.036225 0.140361 -0.225461 -0.106683 -0.238937 0.404176 -0.396117 0.218747 0.074185 -0.028726 0.352674 -0.240724 -0.114582 -0.145177 -0.456146 0.243553 -0.124323 0.171362 0.236000 -0.493352 0.034936 -0.075317 -0.287879 -0.431084 -0.222927 0.189648 0.016715 0.060591 0.445928 0.148955 -0.000862
efforts -0.182088 0.144190 0.464843 -0.222954 0.043974 -0.344248 0.161837 -0.166977 -0.302557 -0.089128 0.355407 0.076474 -0.175589 -0.186634 0.311110 0.136865 -0.212122 0.187009 0.168582 -0.058301 -0.158653 0.090613 -0.086953 -0.211106 0.008863 -0.218861 -0.010300 0.141574 -0.110353 0.121097 -0.024528 0.028963 -0.104343 -0.199866 0.269561 -0.084708 0.244225 0.307711 -0.383159 -0.121540 -0.071363 -0.269237 -0.044211 -0.196945 0.167695 -0.163520 0.111330 0.058880 -0.079757 -0.171065
eight -0.115329 -0.040060 0.784912 -0.164005 0.005641 -0.264400 -0.210990 -0.093967 -0.318469 -0.145323 0.070223 0.170402 -0.293964 -0.269958 0.426910 0.255091 -0.158979 0.235175 0.348178 0.261349 0.072563 -0.206069 -0.042424 -0.086710 0.281155 -0.036749 0.243787 0.120641 -0.101948 0.366721 -0.219717 0.142653 -0.235325 -0.283365 0.335844 -0.307282 0.349602 0.603233 -0.236671 -0.173779 -0.132314 -0.067283 -0.059304 -0.502091 0.090073 -0.214241 -0.005252 0.206779 -0.099129 -0.205415
eighty -0.231644 -0.026910 0.503778 -0.100860 0.162769 -0.095965 -0.064644 -0.206686 -0.404969 -0.049460 0.003463 0.116535 0.069855 -0.169841 0.182545 0.315585 -0.064188 -0.138473 0.230914 -0.087793 0.329513 -0.274451 0.092426 0.021437 0.337931 -0.102896 -0.182806 -0.077646 -0.037371 0.086612 0.019548 0.004254 0.089536 0.048448 -0.267539 0.211838 -0.089361 0.168662 -0.325869 -0.006461 -0.127452 -0.222838 -0.264768 -0.315049 0.018278 -0.045561 0.145055 0.191314 0.040223 -0.099511
either -0.188969 0.052045 0.446300 0.152182 0.234821 0.139245 0.271708 -0.229082 -0.352076 -0.124376 0.091989 0.057374 -0.159983 -0.285960 0.277685 0.336332 -0.106965 0.238621 0.216996 0.301723 0.035653 -0.344888 0.054065 0.033491 0.330880 -0.321329 0.228037 -0.255613 -0.096219 0.292441 -0.044401 -0.088149 -0.258674 -0.176352 0.028183 -0.159881 0.269605 0.096305 -0.240605 -0.098477 0.019914 -0.240197 -0.470007 -0.234088 -0.197464 -0.101831 0.134748 0.254313 0.041565 -0.047893
electronic -0.340566 0.406634 1.028390 0.232357 0.303945 0.240607 0.629152 -0.499441 -0.718479 -0.160155 0.063030 -0.101189 0.379886 -0.632458 0.259887 0.818208 0.288957 0.131301 -0.187442 0.793074 0.135593 -0.553448 -0.042294 0.070155 0.442517 -1.145778 0.006815 -0.512716 -0.724198 0.323226 -0.177057 -0.254425 0.063867 0.104703 -0.561515 -0.199449 -0.113874 0.631313 -0.262754 -0.364962 0.207015 -0.060063 -0.886193 -0.281112 0.149423 -0.205466 0.629301 0.292629 0.420209 -0.668734
else -0.337015 -0.105206 0.405363 0.528705 0.142335 0.288385 -0.010232 -0.046653 -0.265141 -0.184897 -0.034416 0.080449 -0.056228 -0.235949 0.078041 0.154351 -0.141334 -0.060843 -0.048774 0.192607 0.236610 -0.358206 0.129026 -0.096218 0.236318 -0.372592 0.128867 -0.139365 -0.005473 0.386775 -0.118815 -0.046481 -0.067865 -0.238307 -0.115753 -0.466221 0.249705 0.158195 -0.475367 0.067850 0.273717 -0.104400 -0.336947 -0.219373 -0.030231 -0.058061 -0.026886 0.118643 0.302937 -0.422661
em -0.141583 -0.002863 0.175730 0.591249 0.199169 0.486264 0.298205 -0.332235 -0.057253 -0.250247 0.029642 -0.372154 0.048166 -0.148063 -0.056236 -0.135618 -0.251868 0.160024 -0.248035 -0.069985 0.213260 -0.585382 0.212367 0.106710 0.302317 -0.241449 0.126146 0.085705 -0.118777 0.331254 -0.016794 -0.174543 -0.100048 -0.150037 -0.239081 -0.354193 0.158223 -0.448381 -0.606755 0.141890 0.286619 -0.089264 -0.531995 0.112518 -0.225575 0.042841 -0.197847 0.133155 0.119263 -0.285056
emptied -0.266895 -0.100776 0.488469 -0.497494 0.087308 -0.514722 0.111294 -0.039274 -0.250045 0.001675 0.123499 0.178799 -0.115496 -0.145732 0.331959 0.147132 -0.228113 0.119517 0.189923 0.061101 -0.277927 0.179710 -0.260363 -0.312466 -0.167157 -0.155022 0.057383 0.226169 -0.027089 0.167515 0.013481 0.052260 -0.104778 -0.070949 0.137002 -0.302959 0.205940 0.282337 -0.444773 -0.198301 -0.085507 -0.247927 0.057862 -0.090378 0.067639 -0.273450 -0.021576 0.037319 -0.193233 -0.273892
empty -0.155962 -0.066767 0.332074 -0.012515 0.252489 0.080448 0.076914 -0.112430 -0.331480 -0.176464 -0.031561 -0.101127 0.055729 -0.087932 0.044032 0.165959 0.061653 0.194405 0.229461 0.066742 0.142762 -0.313341 0.062835 0.007957 0.345709 -0.252838 0.058687 -0.158163 -0.094549 0.109438 0.003443 0.046766 -0.156376 -0.079856 -0.189848 -0.077620 0.164523 -0.027016 -0.293056 0.029377 0.145427 -0.215750 -0.192141 -0.095691 -0.166816 -0.178250 0.052138 0.025279 0.100610 -0.275014
end -0.127499 0.022193 1.046601 0.075480 0.567199 0.065761 0.609260 -0.266647 -0.482641 -0.594047 0.657764 -0.274438 -0.749475 -0.538637 0.369352 0.052318 -0.085177 1.083442 0.344423 -0.019691 -0.144867 -0.593195 0.020212 -0.446655 0.655211 -0.544838 0.561180 0.270018 -0.316936 0.652322 0.217288 0.220393 -0.463155 -0.564973 0.482340 -0.502821 0.629809 0.145449 -1.158842 -0.226516 0.341782 -0.743390 -0.817994 -0.208647 -0.307649 -0.338168 0.024181 0.449935 0.274752 -0.626471
ends -0.175786 0.126074 0.453535 -0.218946 0.105738 -0.112505 -0.020215 0.071566 -0.236785 0.006005 0.149258 0.255106 -0.208653 -0.334930 0.346124 0.249311 -0.089097 0.228474 0.295966 0.119580 0.066855 -0.163578 -0.064597 -0.197934 0.318182 -0.027355 0.212429 -0.070876 0.028379 0.183076 -0.086310 0.165945 -0.188106 -0.144232 0.091687 0.036821 0.095634 0.461744 -0.027681 0.008014 -0.082647 -0.171781 -0.210589 -0.363515 -0.151137 -0.222810 0.250159 0.289549 0.055128 0.044292
enough -0.309306 0.033293 0.280876 0.434230 0.000907 0.385144 0.230444 -0.431211 -0.318882 0.031232 -0.105552 -0.148884 -0.121044 -0.247890 0.073893 0.318143 0.033765 0.044105 0.097150 0.203582 0.428632 -0.447715 -0.076347 0.159595 0.252170 -0.553427 0.200559 -0.199330 0.121266 0.385322 -0.027580 -0.302977 -0.194270 -0.164711 -0.126034 -0.370867 0.363574 -0.198052 -0.251425 0.013617 -0.044143 -0.075901 -0.203569 0.008564 -0.119531 0.127442 -0.081378 0.350309 0.098238 -0.356204
escaped -0.336344 -0.052547 0.319415 0.094630 0.113899 -0.070799 0.054991 -0.112171 -0.363500 -0.078344 0.043943 0.038545 -0.077630 -0.087218 0.255916 0.180942 -0.262990 -0.072678 0.041461 0.054564 0.050114 -0.071246 0.001675 -0.106686 0.041431 -0.174071 -0.014986 0.033594 -0.002756 0.249440 -0.020714 -0.168011 -0.071827 -0.047650 -0.064559 -0.349662 0.211655 0.030376 -0.380129 0.003681 0.045430 -0.176466 -0.150485 -0.171842 0.053105 -0.061728 -0.077745 0.113793 0.093173 -0.192171
especially -0.266325 0.196495 0.340576 0.034739 0.022792 -0.002042 0.165399 -0.271202 -0.235239 -0.048937 -0.004808 -0.059586 -0.088469 -0.135834 0.047993 0.305612 -0.117140 -0.007373 0.048605 0.122721 0.029692 -0.189569 -0.168176 -0.022135 0.071709 -0.283305 -0.024045 0.084769 -0.061911 0.194821 -0.027642 -0.090044 -0.047392 -0.100416 -0.022536 -0.218273 -0.064103 0.058913 -0.275637 -0.089869 -0.146524 -0.006559 -0.189517 -0.075026 0.169362 0.081172 0.061153 0.069452 -0.052748 -0.264851
even -0.457841 0.147379 0.627533 -0.139633 0.159466 0.048489 -0.058390 -0.332614 -0.360353 -0.178421 -0.030061 0.118315 -0.403217 -0.259741 0.111472 0.467535 -0.339622 0.109949 0.221683 -0.082645 0.012100 -0.451673 0.010187 -0.225930 0.396844 -0.233796 0.138299 0.303590 0.024255 0.236163 0.163348 0.049579 -0.248255 -0.109828 -0.195540 -0.099337 -0.305421 0.154206 -0.609731 0.139958 -0.200324 -0.009735 -0.502057 -0.489985 0.082685 0.025005 0.302756 0.392832 0.111878 -0.371605
ever -0.796860 -0.295642 0.185161 0.694486 0.768624 0.246253 0.095335 0.203573 -0.448702 -0.698738 -0.142677 0.386987 -0.318553 0.066992 0.161208 -0.213586 -0.481302 -0.306338 -0.334561 0.226281 0.004920 -0.970098 0.420783 -0.024455 0.201299 -0.016588 0.019290 0.239684 0.026939 0.751327 -0.177497 0.061985 -0.026509 -0.084122 -0.367305 -0.706288 -0.101080 -0.367368 -1.547442 -0.020682 0.401875 -0.248319 -0.250751 -0.528907 -0.116696 0.267344 -0.575670 -0.141969 0.373748 -0.018535
every -0.511295 -0.409533 0.301001 0.513429 -0.205945 0.142405 0.004056 -0.300401 -0.071818 0.060164 0.447893 -0.069972 0.136991 -0.041747 -0.336699 0.366579 -0.082700 -0.224050 -0.175736 -0.217465 0.346840 -0.310789 0.377298 -0.114558 0.213935 -0.824019 0.379471 -0.510280 0.130536 -0.028457 0.368656 0.119511 -0.225634 -0.343250 -0.852146 0.013288 -0.065956 -0.089286 -0.967793 0.208490 0.052286 0.082593 -0.462220 -0.056782 0.272740 -0.298290 -0.072821 0.269062 0.137842 -0.491756
evidently -0.362339 0.012083 0.343182 0.128848 0.009056 -0.054794 -0.169475 0.027009 -0.381388 -0.124446 0.042703 0.124320 0.042673 -0.220504 -0.021218 0.265310 0.036177 0.110566 0.162518 0.147660 0.202751 -0.360785 0.106461 0.056371 0.406420 -0.334475 0.247409 -0.367630 -0.142741 0.134579 -0.198457 0.259187 -0.189427 -0.279640 -0.096945 0.016430 0.037624 0.196123 -0.445141 0.008412 0.120686 -0.104160 -0.132992 -0.382932 0.007296 -0.189970 0.006755 0.060075 0.135703 -0.132629
evil -0.245024 -0.078648 0.498378 0.326338 0.032912 -0.183505 -0.036034 -0.352894 -0.494792 0.052741 0.254323 -0.436812 -0.020902 0.210058 0.237482 0.083147 -0.407558 -0.148727 -0.171909 -0.231282 0.290287 -0.058337 0.244412 -0.100717 0.182551 -0.203023 -0.258853 0.321450 0.034238 0.082181 -0.101593 0.011289 0.068423 -0.054263 -0.333750 -0.485841 0.166635 0.045394 -0.719954 0.014750 0.103876 -0.182409 -0.184135 -0.211337 0.409198 -0.162003 -0.278003 -0.035809 0.039916 -0.491635
examined -0.153932 -0.335359 0.562414 -0.214117 0.073422 -0.497580 -0.119262 -0.099536 -0.201742 0.132762 0.202070 -0.008013 -0.027417 0.072087 0.393100 0.213425 -0.380190 -0.016480 0.039923 -0.056647 -0.046440 0.184225 -0.046347 -0.268201 -0.211431 -0.147175 -0.101272 0.307159 0.197789 0.068260 -0.034489 0.013844 -0.036478 -0.130444 -0.138336 -0.412045 0.295001 0.295263 -0.437582 -0.100113 -0.188041 -0.197958 -0.005626 -0.174039 0.362889 -0.237587 -0.154862 -0.007530 -0.126495 -0.388442
excellency -0.633384 0.740102 0.252380 0.298264 0.089478 -0.215864 0.145214 -0.148897 -0.669597 -0.286486 0.184642 0.078908 -0.220280 -0.502935 0.598218 -0.135918 -0.661175 0.168032 -0.131994 -0.062180 0.339179 -0.284234 0.192223 -0.007229 0.255142 0.008252 -0.336059 0.043950 -0.186458 0.565057 -0.907291 -0.175690 -0.281742 -0.327395 0.680602 -0.125173 0.534460 0.262336 -0.470390 0.041177 0.442269 -0.498121 -0.057974 -0.567019 -0.074409 0.050746 -0.056285 0.074774 0.023050 0.210452
except -0.008704 0.028478 0.483231 0.253673 0.170549 0.202392 0.516889 -0.349927 -0.158536 -0.219479 0.274318 -0.180984 -0.321263 -0.161239 0.197003 0.187770 -0.155191 0.219835 0.144520 -0.020194 0.182005 -0.320170 0.091053 -0.146841 0.260231 -0.262309 0.208893 -0.019459 0.146890 0.166975 0.205649 0.061958 -0.252318 -0.133929 0.002283 -0.105958 0.152906 -0.097612 -0.380615 0.057699 0.043954 -0.073019 -0.481500 0.045712 -0.052705 -0.074715 0.140999 0.228694 0.028720 -0.254839
existence -0.345368 0.115979 0.344101 0.176752 -0.050239 -0.010125 0.102560 -0.111283 -0.106369 -0.126308 0.354957 0.131644 -0.137828 -0.236640 0.060615 0.084556 -0.211823 0.110958 0.043415 -0.117460 0.126253 -0.163606 0.148732 -0.185200 0.248610 -0.283012 0.164602 -0.281806 0.081048 0.114894 -0.096781 0.296169 -0.311413 -0.314368 -0.007231 0.086990 0.062475 0.338765 -0.306344 0.212136 0.246595 0.003514 -0.225285 -0.197718 0.030633 -0.201943 0.220480 0.034673 0.034526 -0.168938
experience -0.283787 0.078456 0.261662 0.182751 0.238683 0.116023 0.210744 -0.093191 -0.263811 -0.193165 0.166127 0.139735 -0.027656 -0.216508 0.243645 0.188503 -0.290359 0.033402 0.089900 -0.103424 0.216932 -0.295696 0.154756 -0.219690 0.295109 -0.167224 0.091421 -0.168441 0.233832 0.272829 -0.032691 0.018768 -0.252710 -0.089464 -0.178179 -0.084099 0.038460 0.019512 -0.397643 0.304887 0.132310 -0.127516 -0.298668 -0.130925 -0.131732 -0.077502 0.151913 0.157297 0.174183 -0.096927
explained -0.311239 -0.192365 0.479374 -0.071987 0.098419 -0.369666 -0.031378 -0.008062 -0.245797 -0.141680 0.130392 -0.068429 -0.044255 -0.015979 0.264464 -0.052550 -0.246018 0.049041 -0.075383 -0.044734 0.022465 -0.057375 0.022866 -0.147057 -0.024831 0.004273 -0.011115 0.196764 -0.157723 0.322513 -0.124731 0.026593 -0.011765 -0.057543 0.017301 -0.436658 0.303770 0.125840 -0.544119 -0.079140 0.226060 -0.216049 -0.023646 -0.093885 0.065805 -0.292877 -0.234029 -0.082405 -0.128204 -0.240653
explanation -0.022164 -0.056200 0.334352 0.101323 0.037116 -0.072414 0.139991 -0.046344 -0.052352 -0.075053 0.302583 -0.055826 -0.083827 -0.188231 0.092377 0.116701 -0.026730 0.289247 -0.027701 0.130727 -0.072891 -0.146574 0.006991 -0.053008 0.115632 -0.191997 0.253475 -0.092225 -0.162082 0.172522 -0.073868 -0.016342 -0.107448 -0.184311 0.111610 -0.173189 0.242350 0.137678 -0.273788 -0.121700 0.009055 -0.131518 -0.267283 -0.024334 -0.022560 -0.265850 -0.060043 0.115492 -0.125900 -0.070388
express -0.141649 0.246889 0.203008 0.272066 -0.028332 0.137827 0.140749 -0.136594 -0.275626 -0.086003 0.084160 -0.027855 -0.046078 -0.274718 0.075189 0.151951 0.072260 0.117758 0.014314 0.208208 0.141664 -0.329474 -0.053219 0.107888 0.273212 -0.221611 0.140354 -0.173415 -0.217457 0.245684 -0.174331 -0.055463 -0.060390 -0.167060 0.150244 -0.049423 0.127304 0.027280 -0.123963 -0.076662 0.045368 -0.113154 -0.150012 -0.150619 -0.038037 0.006093 -0.019677 0.177189 0.054016 -0.017660
expression -0.404255 0.149227 0.166378 0.251508 -0.044345 0.080786 0.123193 -0.125246 -0.256232 0.010854 0.390567 -0.022555 -0.130676 -0.226618 -0.077722 0.279679 -0.027348 0.104013 -0.114771 0.154166 0.015525 -0.344794 -0.028215 -0.120931 0.289245 -0.574119 0.215222 -0.118373 -0.066407 0.139218 -0.090283 0.255845 -0.085368 -0.336731 -0.373134 -0.104943 -0.106315 0.173535 -0.481639 -0.032323 -0.168016 -0.120995 -0.318507 -0.310407 0.283650 -0.157677 -0.077311 0.192436 0.146885 -0.120683
eye -0.724963 0.468506 0.414946 0.060670 -0.232877 -0.174991 0.252502 -0.143972 -0.310237 -0.048788 0.441749 0.091932 -0.465520 -0.412330 0.191576 0.061410 -0.521264 0.195997 0.148108 -0.014644 0.090415 -0.279036 -0.025993 -0.316224 0.449240 -0.220747 0.286365 0.024806 0.184394 0.183029 -0.239953 0.622837 -0.395381 -0.525978 0.132086 -0.052953 0.040816 0.237193 -0.528115 0.098638 0.281812 -0.177172 -0.214136 -0.316876 -0.040601 -0.307723 0.198172 0.178474 -0.133167 -0.075526
eyes -0.440601 0.379738 1.023634 0.006748 0.017875 -0.382283 0.206087 -0.233673 -0.174446 -0.826485 0.473109 0.492948 -0.633923 -0.760019 0.411884 0.232847 -1.193464 0.342870 0.043643 -1.148796 0.952622 -0.432051 0.390250 -0.721650 0.234061 0.124175 0.061263 0.125284 0.845477 0.128728 -0.253671 0.348859 -0.563316 -0.205607 0.639243 0.411915 -0.208503 0.373373 -1.200374 1.033047 0.311299 -0.057408 -0.653699 -0.386318 -0.049859 -0.089270 0.717505 0.489112 -0.093824 -0.300540
f -0.350222 0.176507 0.686311 0.035333 0.233282 -0.022470 0.285680 -0.332255 -0.407922 -0.043446 0.121187 -0.105117 -0.158740 -0.207641 0.389193 0.345598 -0.048237 0.183383 -0.016648 0.333417 0.003828 -0.242382 0.031447 0.054060 0.215103 -0.358545 0.039180 0.018591 -0.401652 0.358936 -0.003693 -0.234713 -0.046905 -0.120074 0.136162 -0.317632 0.281123 0.332376 -0.288254 -0.290263 0.100176 -0.217274 -0.442006 -0.324041 0.050948 -0.123057 0.247307 0.144119 0.058710 -0.286136
face -0.490459 0.376843 0.845126 0.194357 -0.443772 -0.391505 0.304495 -0.244734 -0.249237 -0.388930 1.107814 0.066646 -0.463209 -0.771008 0.429458 0.074424 -0.786008 0.295582 0.165610 -0.940067 0.596376 -0.444035 -0.028095 -1.227439 0.602412 -0.329158 0.536316 -0.004286 0.814841 0.553831 -0.403270 0.828320 -0.922404 -0.501625 0.123886 -0.066591 0.184628 0.514922 -0.877354 0.960901 0.452467 -0.053197 -0.156536 -0.026468 0.134525 -0.761240 0.044168 0.557822 -0.220285 -0.443460
faces -0.319513 0.015092 0.488469 0.136269 0.069620 0.021087 0.051973 -0.079767 -0.141624 -0.056317 0.236689 0.081592 -0.245400 -0.331276 0.125848 0.228040 -0.298535 0.266214 0.093729 0.004195 0.038211 -0.267977 -0.003606 -0.170328 0.310606 -0.231717 0.249286 -0.019192 0.132352 0.254743 -0.153612 0.212468 -0.275487 -0.336033 -0.088923 -0.259608 0.094264 0.379072 -0.426345 0.157158 -0.000153 -0.133067 -0.428086 -0.208728 -0.077124 -0.201666 0.010763 0.272145 -0.025224 -0.186704
fact -0.126522 -0.007952 0.429419 -0.006755 0.211235 0.068447 0.209662 -0.207964 -0.148759 0.054658 0.075599 0.048538 -0.380150 -0.098389 0.196193 0.200319 -0.116331 0.150047 0.031717 0.113982 -0.242465 -0.112232 -0.106378 -0.194833 0.043290 -0.118953 0.146456 0.208592 0.040243 0.347642 0.202184 -0.187857 -0.287260 -0.104300 -0.004187 -0.347029 0.094514 0.205023 -0.320449 -0.121093 -0.144648 -0.028811 -0.319564 -0.140678 -0.012460 0.051818 -0.017624 0.237828 -0.091376 -0.223374
failed -0.129583 -0.155625 0.257130 -0.026183 0.106970 -0.028632 -0.082985 -0.096481 -0.162336 0.216566 -0.006714 0.015472 -0.163418 -0.116239 0.155084 0.117564 -0.222903 0.089955 0.042675 -0.027682 -0.191470 0.013050 -0.141612 -0.244598 0.013381 -0.088466 0.028443 0.320393 0.185166 0.175808 0.113233 -0.133099 -0.216090 -0.161098 -0.149811 -0.382185 0.264288 0.094705 -0.368250 -0.025222 -0.058467 -0.220461 -0.091110 -0.054119 -0.063347 -0.108616 -0.230504 0.234292 -0.034832 -0.361631
faint -0.237797 0.018643 0.271215 0.022431 0.038009 -0.049538 0.038450 -0.060920 -0.088861 0.100941 0.255682 -0.008442 -0.135895 -0.049939 0.088034 0.324801 -0.159870 -0.009639 0.039323 0.039393 -0.007041 -0.120112 -0.048290 -0.157340 0.100593 -0.181903 0.097515 0.103398 0.175650 0.106527 -0.001434 0.110787 -0.019005 -0.089188 -0.313990 -0.202696 -0.167989 0.202834 -0.290694 -0.008207 -0.307184 -0.061027 -0.313046 -0.138867 0.202622 -0.069656 -0.037484 0.203392 -0.013288 -0.088709
fair -0.289219 0.233205 0.252984 0.154827 -0.006198 0.111546 -0.154884 -0.108921 -0.319118 0.052574 -0.011469 -0.052490 -0.073843 -0.122203 0.023700 0.245641 -0.090311 0.043445 0.007832 0.025897 0.096448 -0.153160 -0.057087 0.001678 0.219019 -0.142527 0.025920 0.072898 0.023049 0.255756 -0.054518 -0.050079 -0.211650 -0.201914 -0.132074 -0.282028 -0.016311 0.151960 -0.330115 0.018400 -0.008035 -0.015206 -0.230635 -0.240388 0.050594 0.126746 -0.167055 0.216711 0.164536 -0.174594
fairy -0.701593 0.132892 0.376897 -0.250071 -0.079390 -0.459517 0.017229 0.109412 -0.185734 -0.165005 0.422249 0.191382 -0.242645 -0.155397 0.119994 0.062351 -0.403705 0.052337 -0.010493 0.107782 -0.283994 0.042283 -0.175126 -0.222315 0.025648 -0.153993 0.110750 0.243468 -0.184505 0.267623 -0.290228 0.296844 0.090545 -0.224778 -0.046590 -0.531241 -0.037784 0.544215 -0.547853 -0.106781 -0.163840 -0.174534 -0.094269 -0.295949 0.279495 -0.276260 -0.172788 0.038773 -0.189455 0.039718
fall -0.096826 0.041508 0.582195 0.150535 0.126085 0.058950 0.243696 -0.280503 -0.140297 0.035876 0.439118 -0.142499 -0.498254 -0.122166 0.155745 0.256913 -0.083259 0.488764 0.183742 0.150246 -0.156900 -0.286970 -0.029911 -0.059368 0.335725 -0.270284 0.450817 0.131471 0.042667 0.305266 0.150742 0.015441 -0.335841 -0.384157 0.053256 -0.402608 0.278272 0.159500 -0.423923 -0.156008 -0.190767 -0.116158 -0.430067 -0.172655 0.014346 -0.116481 -0.018786 0.345770 -0.150190 -0.209448
fallen -0.206160 -0.150065 0.082502 0.279933 0.223228 0.326252 -0.075163 0.137493 -0.215370 -0.171570 -0.054701 0.028198 0.022244 -0.143062 -0.027500 0.174938 0.124727 0.077176 0.166300 0.021120 0.394216 -0.350567 0.254183 0.010986 0.408379 -0.257729 0.201471 -0.304414 0.134978 0.115884 0.016069 0.066402 -0.063515 -0.097231 -0.273519 -0.104346 0.091929 -0.091208 -0.352167 0.149652 0.177354 -0.228652 -0.267553 -0.087692 -0.292127 -0.107862 0.011635 0.195414 0.372490 -0.100288
falling -0.339234 0.081662 0.342215 0.210363 0.110457 0.147587 0.286807 -0.090337 -0.194935 -0.052588 0.415600 0.180348 -0.281460 -0.502350 0.193231 0.195732 -0.253459 0.157980 0.099741 -0.081136 0.040338 -0.326758 -0.209847 -0.364650 0.282642 -0.303653 0.262214 -0.044252 0.234368 0.419164 -0.061932 0.018001 -0.208720 -0.225258 -0.200422 -0.253598 0.154010 0.197579 -0.435797 0.170073 -0.078767 -0.325084 -0.427134 -0.025958 -0.176853 -0.217303 -0.055622 0.472114 0.010607 -0.071625
familiar -0.146973 -0.032758 0.425774 -0.069279 0.208680 -0.200746 0.302288 -0.063768 -0.203926 -0.136479 0.307660 0.094515 -0.249684 -0.104670 0.341318 0.094107 -0.107915 0.182746 0.081943 0.176047 -0.143655 -0.166975 -0.071937 -0.132816 0.103025 -0.072791 0.128915 0.063706 -0.097803 0.272700 -0.040225 0.092094 -0.053947 -0.044679 0.071539 -0.213173 0.133783 0.188280 -0.326694 -0.171400 -0.066058 -0.168596 -0.167203 -0.151136 0.007351 -0.163815 -0.013798 0.050873 -0.121326 -0.011630
far -0.176186 -0.131148 0.244835 0.074739 0.328071 0.237612 0.120866 -0.256922 -0.205364 0.173449 0.362698 -0.149707 -0.422242 -0.076525 0.132622 0.219518 -0.104380 0.366081 0.078306 -0.163292 -0.016038 -0.172435 0.067493 -0.390372 0.295598 -0.502827 0.219458 0.301291 0.367081 0.334783 0.142386 -0.070205 -0.455179 -0.302951 -0.430391 -0.480331 0.306658 0.371718 -0.508901 0.151475 -0.278319 -0.269793 -0.417710 -0.168093 0.019750 -0.160626 -0.202559 0.539292 0.110825 -0.364559
farther -0.299043 0.158222 0.349060 -0.152035 0.133226 -0.098627 -0.005140 0.026030 -0.384177 -0.198620 0.096120 0.033905 -0.177543 -0.217108 0.264849 0.153572 -0.104761 0.190429 0.231684 0.015929 0.085863 -0.165103 -0.051499 -0.140556 0.280343 -0.053621 0.107661 0.054951 -0.108042 0.315689 -0.067742 0.012557 -0.128390 -0.092058 0.114001 -0.244047 0.210929 0.230651 -0.260949 0.058461 0.088931 -0.266799 -0.162063 -0.248036 -0.135047 -0.186361 -0.003256 0.230012 0.076824 0.036433
fashion -0.196910 0.147905 0.376728 0.098068 0.135211 0.190292 0.172136 -0.211090 -0.129557 -0.038826 0.177068 -0.263538 -0.114062 0.001594 0.105406 0.260642 -0.094119 0.014456 0.022913 -0.136522 0.193097 -0.248639 0.064961 -0.215450 0.162646 -0.154005 0.017675 0.173217 0.124279 0.219627 0.211943 0.010369 -0.116138 -0.043262 -0.227029 -0.217443 -0.099519 -0.001149 -0.300983 0.157883 -0.010325 -0.003059 -0.398439 0.004713 0.082587 0.039690 0.133834 0.202282 0.154434 -0.266678
fast -0.374678 0.037949 0.498789 -0.237869 0.171250 -0.237410 -0.240237 -0.027993 -0.401884 0.031589 -0.052208 0.035295 -0.280814 -0.177910 0.252233 0.247559 -0.142403 0.307722 0.080984 0.097626 -0.007257 -0.231439 0.096864 -0.226442 0.301846 -0.128124 0.123532 0.138368 -0.091413 0.234455 -0.129322 0.198500 -0.335130 -0.235348 -0.049294 -0.118089 0.173831 0.542990 -0.324773 -0.014294 0.015245 -0.243728 -0.186018 -0.649322 0.106262 -0.269322 0.071225 0.156941 0.048948 -0.182147
fat -0.369666 0.006193 0.688343 0.067532 0.134908 -0.346924 -0.112640 -0.077992 -0.452049 -0.108878 0.182976 -0.135436 -0.311896 -0.017414 0.399974 0.287778 -0.377158 0.278837 0.055717 0.211592 0.026725 -0.142209 0.082594 -0.086901 0.222466 -0.204994 0.157526 0.157640 -0.027579 0.252809 -0.378176 0.146441 -0.280721 -0.305803 0.110004 -0.583635 0.385267 0.514084 -0.451719 -0.071228 0.068029 -0.235516 -0.297713 -0.493808 0.260950 -0.297053 -0.143560 0.093014 -0.156932 -0.242873
father -0.585202 0.065197 0.613219 0.350950 -0.299994 -0.298431 -0.231610 0.025271 -0.329265 -0.422755 0.296771 0.086814 -0.197185 -0.269620 -0.007680 0.080896 -0.212628 0.253110 -0.101058 -0.258825 0.411204 -0.574177 0.301131 -0.181941 0.461730 -0.216114 0.419019 -0.391298 -0.081649 0.162224 -0.580891 0.811005 -0.427833 -0.499597 0.209005 0.079861 -0.097207 0.541908 -0.732405 0.361535 0.511307 0.131478 -0.072594 -0.476698 0.166996 -0.470260 -0.020588 -0.088719 -0.120722 -0.187271
favored -0.231846 -0.062289 0.525861 -0.376546 0.091241 -0.356649 -0.078374 0.011593 -0.158376 0.087549 0.151324 0.276979 -0.211149 -0.211735 0.377924 0.251798 -0.266672 0.149880 0.288604 0.107082 -0.170965 0.067217 -0.094910 -0.235251 0.045983 -0.013809 0.116311 0.049866 0.087183 0.178605 -0.043465 0.149870 -0.211726 -0.178652 0.140627 -0.094786 0.167455 0.555524 -0.137972 -0.061044 -0.117094 -0.151663 -0.105234 -0.326871 0.013420 -0.261657 0.166004 0.117248 -0.120541 -0.065469
fear -0.127343 0.272573 0.289455 0.271212 0.107359 0.100099 0.396690 -0.195464 -0.310276 -0.078902 0.440486 -0.234979 -0.233899 -0.117450 0.166962 0.128114 -0.014214 0.221062 -0.025042 -0.063975 0.151160 -0.252672 0.054053 -0.135239 0.325045 -0.255972 0.195836 -0.101054 0.048539 0.288679 0.004285 -0.037642 -0.307998 -0.073105 -0.056460 -0.187553 0.113317 -0.050702 -0.380455 0.034417 0.092051 -0.108088 -0.326336 -0.001267 0.020302 -0.091771 -0.060335 0.247653 0.011272 -0.126063
fed -0.158237 -0.268621 0.571868 -0.170540 0.108525 -0.182300 -0.143592 -0.107975 -0.153145 0.063334 0.126065 0.147337 -0.030031 -0.190307 0.325958 0.297883 -0.333786 0.028455 0.147721 -0.058141 0.009778 0.004465 -0.093001 -0.325325 0.054379 -0.126337 0.042718 0.184211 0.166066 0.266710 0.055454 -0.046388 -0.088847 -0.054010 -0.269120 -0.360554 0.161838 0.394997 -0.290624 0.090672 -0.191441 -0.101747 -0.261280 -0.198087 0.102611 -0.247556 -0.021959 0.227046 0.017717 -0.304101
fee -0.334484 0.372813 0.210697 0.091204 -0.049360 -0.058643 0.274686 0.000320 -0.239583 -0.099316 0.395845 0.088274 -0.437781 -0.348269 0.104334 0.167529 -0.002594 0.294459 0.104422 0.308128 -0.116126 -0.190581 -0.171873 -0.035788 0.231731 -0.365740 0.296817 -0.014187 -0.209900 0.215202 -0.222674 0.153708 -0.018878 -0.321171 0.266459 -0.174528 0.066803 0.336708 -0.319662 -0.298978 -0.214734 -0.288722 -0.233343 -0.267891 0.102939 -0.095940 -0.019273 0.241353 -0.080723 0.151146
feel -0.251752 0.004659 0.378319 -0.026152 0.065489 -0.126294 0.023888 0.005396 -0.189006 -0.018163 0.374280 0.188024 -0.391970 -0.255309 0.241639 0.289858 -0.157974 0.221131 0.118335 0.133150 -0.119973 -0.144321 -0.042812 -0.283736 0.146094 -0.349519 0.295891 0.083565 0.079415 0.228018 -0.025817 0.125549 -0.228762 -0.282829 -0.006379 -0.210041 0.195523 0.435607 -0.459779 -0.116600 -0.216846 -0.258531 -0.298264 -0.369732 0.148870 -0.199771 -0.020594 0.346509 0.021030 -0.075042
feeling -0.301134 0.111919 0.299598 0.199672 0.078472 0.095901 0.185064 -0.077247 -0.228088 0.009471 0.498892 0.125229 -0.405638 -0.337809 0.127748 0.266855 -0.202707 0.316962 0.109635 0.130134 -0.174324 -0.226743 -0.032285 -0.164626 0.320889 -0.410893 0.354610 -0.018877 0.018340 0.205455 -0.034658 0.157911 -0.149213 -0.404827 -0.087259 -0.184431 0.083139 0.352067 -0.508949 -0.078550 -0.308919 -0.315429 -0.499235 -0.359541 0.056410 -0.145118 -0.039011 0.431182 0.086882 0.056365
fees -0.243942 0.149663 0.223810 0.047136 0.047863 -0.032466 -0.076546 -0.157203 -0.245079 0.187575 -0.009250 0.130036 -0.011875 -0.196172 0.145153 0.199624 -0.258499 -0.076328 -0.071384 0.030801 -0.071479 -0.018726 -0.125220 -0.142604 0.022671 -0.188070 -0.154300 0.193263 0.060028 0.127436 -0.111693 -0.108372 -0.031239 -0.157000 -0.128761 -0.167579 -0.019318 0.263754 -0.257181 -0.029742 -0.156299 -0.117244 -0.116528 -0.268563 0.192079 0.079214 -0.011424 0.120347 0.074636 -0.224840
feet -0.328456 0.445319 0.678355 -0.015149 0.029796 -0.368006 1.065772 -0.635144 -0.537194 -0.160482 1.092331 0.776196 0.005411 -0.825705 0.763931 0.102938 -0.599552 -0.471777 0.492708 -0.706353 0.520723 0.000616 -0.383326 -0.823550 0.258457 -0.587320 -0.154940 -0.427106 0.844210 0.313784 -0.002189 0.202075 -0.125251 -0.107802 -0.096541 0.557820 -0.002969 0.211428 -0.673510 0.422449 -0.188650 -0.408386 -0.043157 0.193436 0.179429 -0.103484 0.431904 0.540111 -0.022924 -0.262841
fell -0.280577 0.012062 0.544904 -0.103832 0.448826 -0.012093 0.624766 -0.230226 -0.190032 0.208069 0.632413 0.307786 -0.222677 -0.557932 0.589506 0.006831 -0.469893 -0.103923 -0.065141 -0.284413 -0.183976 0.128898 -0.601008 -0.748473 -0.137483 -0.193446 -0.320709 0.690483 0.392494 0.742555 0.091087 -0.515064 0.197806 -0.003399 -0.334221 -0.747601 0.386161 0.420026 -0.581374 -0.087414 -0.371333 -0.666647 -0.290710 0.312257 -0.017041 -0.207128 -0.201469 0.466621 -0.141089 -0.460730
fellow -0.422223 0.260301 0.185357 -0.201642 -0.070099 -0.249472 0.039585 0.213802 -0.163769 -0.181289 0.168164 0.158462 -0.474246 -0.155632 0.150480 0.216665 -0.144109 0.157118 0.243665 0.369233 -0.224428 -0.169782 -0.233479 -0.050454 0.151141 0.056445 0.315884 0.117804 -0.118238 0.166994 -0.205655 0.336744 0.037336 -0.110485 0.268891 -0.258237 -0.127527 0.267531 -0.140259 -0.176570 -0.176130 -0.150916 -0.160889 -0.265796 0.010435 -0.128141 0.009500 0.150330 -0.171107 0.375775
felt -0.342937 -0.287155 0.595364 -0.362878 0.133004 -0.889189 0.248847 -0.376174 -0.474698 0.106197 0.467758 -0.182511 -0.031560 0.074410 0.502855 0.018548 -0.753956 0.063250 -0.192900 -0.404141 -0.504868 0.323942 -0.100251 -0.721636 -0.341701 -0.399511 -0.096206 0.539634 0.042390 0.038227 0.090744 -0.030298 -0.141963 -0.140755 -0.144358 -0.527100 0.361149 0.039353 -1.161139 -0.032685 -0.024715 -0.482198 -0.053806 -0.096426 0.549181 -0.467393 -0.323540 -0.031239 -0.330191 -0.578543
fence -0.266680 0.306893 0.578926 -0.269307 0.052305 -0.344228 0.126457 -0.182626 -0.493766 -0.068928 0.162117 0.120343 -0.300675 -0.447608 0.486061 0.304678 -0.182079 0.396494 0.496876 0.195086 0.000091 -0.141750 -0.305946 -0.053856 0.240556 -0.215133 0.170391 0.003059 -0.101650 0.353349 -0.280674 -0.065882 -0.256084 -0.298287 0.486827 -0.159968 0.487162 0.353520 -0.194380 -0.235658 -0.208019 -0.419581 -0.065699 -0.320066 -0.007176 -0.096933 0.035590 0.289564 -0.136237 -0.024976
few -0.728057 0.456969 0.484598 -0.095170 -0.119982 -0.245929 0.395385 -0.098628 -0.710337 -0.113873 0.405420 -0.026963 -0.603970 0.001611 0.118117 0.796028 0.119884 -0.127550 0.552646 0.653728 0.017820 -0.430648 -0.195368 0.254804 0.619876 -0.457492 0.295805 -0.124627 -0.054448 -0.077684 -0.139316 0.588336 0.127906 -0.116350 -0.252995 -0.056358 -0.572515 0.201242 -0.547754 -0.477873 -0.718681 -0.248488 -0.396322 -0.413249 0.386975 0.023373 -0.026348 0.413351 -0.320534 0.440994
fifteen -0.215698 -0.042026 0.306895 0.004960 0.082414 -0.100484 0.029244 -0.052922 -0.249806 0.041297 0.074931 0.021247 0.012239 0.037450 0.145463 0.111635 0.003413 -0.185714 -0.000348 0.106970 0.143403 -0.135848 0.039476 0.045921 0.120612 -0.058950 -0.084448 -0.026644 -0.032626 0.103322 -0.038542 0.101628 0.059555 0.071780 -0.249730 -0.080023 -0.079096 0.093989 -0.262518 -0.114472 0.037764 -0.032126 -0.089042 -0.146007 0.047466 -0.098444 -0.059212 0.004077 -0.014212 -0.078851
fifty -0.186857 0.279527 0.370062 0.885035 0.166848 0.673391 0.468715 -0.306627 -0.382206 0.241606 0.449369 0.087068 -0.068498 -0.458262 0.140618 0.306857 -0.120707 -0.498884 -0.268419 0.105172 0.516521 -0.339193 -0.145433 -0.094712 0.407722 -0.594042 -0.170969 -0.067275 0.331080 0.373002 -0.211734 -0.312460 0.162292 0.059880 -0.694616 -0.242638 -0.221477 0.233308 -0.492808 0.017733 -0.333613 -0.186768 -0.704535 0.088432 0.209136 0.122480 -0.084498 0.507801 0.223769 -0.475302
fight -0.374142 0.268485 0.157909 0.286216 0.146588 0.145312 0.262676 -0.347535 -0.354371 -0.030149 0.171061 -0.223550 -0.270157 -0.102537 0.086508 0.136869 -0.187772 0.097831 0.009540 -0.018924 -0.004634 -0.308434 -0.110996 0.055003 0.156829 -0.326054 -0.021005 0.245209 0.010416 0.265887 -0.088271 -0.202542 -0.017203 -0.235727 -0.054439 -0.378787 0.172627 -0.190525 -0.551684 -0.061415 -0.121954 -0.353715 -0.260449 -0.005302 0.086126 0.127851 -0.173348 0.233558 -0.055469 -0.156719
fighting -0.184586 -0.100733 0.411528 0.274755 0.231409 0.182622 0.262203 -0.175747 -0.242960 -0.047476 0.290618 -0.090956 0.007741 -0.150058 0.176500 0.172307 -0.126135 0.042334 -0.076916 -0.078393 0.192862 -0.296740 0.071203 -0.172983 0.246620 -0.323666 0.049737 -0.030737 0.073668 0.244154 0.089597 -0.072144 -0.064559 -0.023147 -0.385162 -0.268884 0.091066 0.027245 -0.498588 0.091162 0.036312 -0.138405 -0.429575 -0.032461 -0.021965 -0.170479 -0.023276 0.205150 0.146779 -0.333975
filled -0.115987 -0.444505 0.654053 -0.132901 0.122736 -0.329273 0.202045 -0.030251 -0.261405 -0.236937 0.098041 0.038593 0.005809 -0.080795 0.270115 0.415217 0.175207 0.104375 0.300220 0.271302 0.486999 -0.357321 0.037373 -0.050464 0.240132 -0.439178 0.199970 -0.310857 0.188917 0.048899 -0.083406 0.361899 0.029217 0.105807 -0.231346 -0.134012 0.166468 0.095588 -0.411900 -0.123468 0.021551 -0.113870 -0.118188 -0.042977 0.015500 -0.452507 0.078450 -0.014589 -0.139332 -0.403655
filling -0.041710 0.020561 0.217391 0.066090 0.101661 0.183330 0.156479 -0.152640 -0.101477 0.152418 0.089140 -0.004900 -0.203933 -0.098238 0.182273 0.279225 -0.028975 0.034788 0.200437 0.112603 0.057340 -0.108323 -0.102049 -0.060313 0.133896 -0.130273 0.095959 -0.003903 0.274182 0.180847 0.065311 -0.094738 -0.193582 -0.043774 -0.159826 -0.158881 0.063768 0.093924 0.018620 0.013967 -0.278715 -0.071046 -0.256683 0.025361 -0.066395 0.044891 0.017756 0.319730 -0.042030 -0.032626
final -0.141973 0.162843 0.194026 0.437147 0.043082 0.375737 0.165637 -0.280402 -0.260539 0.167779 0.152919 -0.080458 -0.101442 -0.255267 0.040057 0.283495 0.008866 0.067585 -0.003079 0.121451 0.157198 -0.267050 -0.037691 0.045754 0.282044 -0.428021 0.097648 -0.162127 0.081930 0.208679 -0.038207 -0.197884 -0.174934 -0.232603 -0.171115 -0.162562 0.177105 0.087252 -0.176763 0.003220 -0.136355 -0.140122 -0.329811 -0.090089 0.009504 0.059090 -0.062151 0.341350 0.097963 -0.167976
finally -0.438800 0.051375 0.398747 0.012581 0.148334 -0.238181 0.129866 -0.290260 -0.442660 -0.101196 0.003278 -0.277431 0.120507 -0.099199 0.136178 0.188092 -0.486084 0.129869 -0.093432 -0.153077 -0.049097 -0.201821 -0.092880 -0.270581 0.080509 -0.321119 -0.093319 0.326660 0.018692 0.235734 -0.223005 -0.026291 -0.201860 -0.187401 -0.235313 -0.594434 0.179041 -0.056694 -0.839497 0.081016 0.103704 -0.274344 -0.221691 -0.080566 0.154041 -0.172255 -0.345922 0.031874 -0.113432 -0.501694
find -0.798256 0.594916 0.202749 0.197396 -0.006801 0.068487 0.093394 -0.373297 -0.641001 0.452249 0.151109 -0.080756 -0.188378 -0.245991 0.283593 0.361794 -0.549459 -0.080438 0.102525 0.065574 -0.118193 -0.060139 -0.310337 0.050398 0.187700 -0.317473 -0.170045 0.239765 0.021289 0.207335 -0.199333 -0.337009 0.032381 -0.427037 -0.147231 -0.437834 0.233569 0.076514 -0.295604 -0.038403 -0.285369 -0.498299 -0.302640 -0.320643 0.165443 0.158796 0.005931 0.331833 0.045848 -0.047230
fine -0.354337 0.074098 0.285124 0.039652 0.053635 -0.046544 0.004679 -0.300957 -0.329315 -0.044265 -0.033840 -0.083630 -0.083017 -0.103546 0.141296 0.363102 -0.325438 0.056558 0.137159 0.055271 0.035160 -0.214140 -0.039580 -0.074245 0.119751 -0.389450 0.044349 0.045722 0.154452 0.128108 -0.143962 -0.000871 -0.318584 -0.208626 -0.163535 -0.281738 0.117351 0.120711 -0.370035 0.103457 -0.173334 -0.089803 -0.203924 -0.238555 0.181528 -0.022974 -0.068010 0.163541 -0.032890 -0.229627
finger -0.162094 0.071239 0.444988 -0.233053 0.056952 -0.279469 0.016584 -0.234607 -0.214910 -0.159922 0.092829 0.074231 -0.459749 -0.038082 0.219998 0.183555 -0.215205 0.366077 0.257578 -0.011255 -0.214327 -0.091572 -0.013705 -0.196102 0.124982 -0.076990 0.201073 0.132512 0.115490 0.181654 -0.061453 0.245786 -0.469878 -0.275049 0.330497 -0.160061 0.175060 0.423594 -0.218630 0.080672 -0.063482 0.000257 -0.066830 -0.298516 0.104444 -0.129112 0.051847 0.088792 -0.261185 -0.107145
fingers -0.752572 0.181298 0.476398 -0.101200 0.230985 -0.041287 0.088997 0.111109 -0.284236 -0.152860 0.486790 0.805503 -0.233839 -0.808073 0.600571 0.129963 -0.669964 0.017606 0.209732 -0.430424 0.282955 -0.096143 -0.013604 -0.843746 0.182302 -0.322686 0.053111 -0.052759 0.510334 0.549504 -0.062443 0.046737 -0.374022 -0.396624 0.033177 -0.054568 0.421603 0.808681 -0.577175 0.577132 0.213165 -0.428582 -0.170477 -0.438640 -0.182416 -0.303860 0.536693 0.466367 0.446158 -0.249360
finished -0.375685 0.003572 0.450744 -0.102727 0.290036 -0.098100 0.105456 -0.132927 -0.355539 -0.152131 0.215897 0.131806 -0.173617 -0.205244 0.499235 0.159617 -0.348099 0.040688 0.221658 -0.118077 0.049197 -0.200937 0.025425 -0.263190 0.196890 -0.066321 -0.018007 0.245269 0.133000 0.398601 0.030346 -0.086206 -0.109846 -0.105830 -0.083440 -0.313128 0.259956 0.192164 -0.501631 0.097245 -0.005429 -0.326710 -0.205509 -0.218229 -0.099343 -0.104597 0.030918 0.248743 0.079789 -0.089150
fire -0.425961 0.275668 0.610218 -0.179985 0.055227 -0.358397 0.083983 0.007757 -0.501647 0.033435 0.340194 0.400488 -0.483618 -0.461786 0.562835 0.221173 -0.429746 0.127730 0.227973 0.067453 -0.077655 0.122055 -0.220487 -0.400882 0.132559 -0.151280 0.033151 0.146434 0.039638 0.314138 -0.276119 0.102443 -0.104376 -0.249878 0.395568 -0.204766 0.275419 0.765726 -0.321210 -0.070502 -0.150398 -0.410653 -0.077140 -0.477332 0.151357 -0.236477 0.171449 0.229451 -0.016383 -0.087232
first -0.119616 -0.545733 0.724058 0.116610 0.732980 -0.221590 0.722268 -0.021045 -0.344090 -0.550298 0.294962 0.733218 -0.604179 -0.458739 0.693088 -0.198794 -0.516244 0.217563 0.383898 0.129734 -0.047784 -0.360965 0.051118 -0.437607 0.092810 -0.303065 0.388935 -0.410528 0.364134 0.601144 0.065272 0.205148 -0.577330 -0.221925 0.195834 -0.096873 0.460002 0.230849 -0.896711 0.046522 0.219835 -0.403862 -0.520156 -0.210421 -0.350431 -0.177769 -0.044869 0.210240 0.104079 -0.205546
fish -0.201353 0.124546 0.584382 0.104088 0.238763 -0.018154 0.251579 -0.226126 -0.230133 -0.056675 0.668106 -0.029772 -0.474865 -0.153071 0.236609 0.235736 -0.128843 0.302689 -0.021178 -0.011401 -0.148513 -0.218110 0.006990 -0.218934 0.328716 -0.250991 0.135406 0.232237 -0.077841 0.332677 0.045674 0.081253 -0.044477 -0.166196 -0.035799 -0.356359 0.026347 0.422441 -0.546377 -0.119322 -0.182310 -0.231348 -0.522805 -0.277519 0.157831 -0.213342 0.040304 0.278208 -0.074319 -0.174406
fisherfolk -0.189492 -0.006688 0.463750 -0.138312 0.113588 -0.128083 -0.107765 -0.093527 -0.211149 -0.055129 0.070206 0.213841 -0.366356 -0.164946 0.249156 0.234101 -0.156814 0.315662 0.285674 0.178504 -0.166044 -0.194050 0.002142 -0.014639 0.228188 -0.088140 0.214019 0.084312 -0.073476 0.203870 -0.066309 0.143839 -0.192563 -0.319893 0.225195 -0.142482 0.196780 0.459085 -0.191867 -0.100701 -0.126289 -0.127823 -0.186699 -0.462053 -0.030778 -0.097940 0.110525 0.165687 -0.043457 -0.006171
five -0.270068 -0.123522 0.572030 0.148790 0.365220 0.128443 0.548962 -0.116839 -0.270092 0.152350 -0.144718 0.564608 -0.097092 -0.297095 0.320214 0.157097 0.038317 -0.581029 0.146597 0.481400 0.445561 -0.363312 -0.145310 0.010626 0.244153 -0.304616 -0.151888 -0.299945 0.389912 0.193014 -0.015883 0.193089 0.159427 0.205438 -0.401791 0.160237 -0.289226 0.131196 -0.338134 -0.324734 -0.104946 -0.067546 -0.171962 -0.084005 -0.077960 0.091618 0.199112 0.057433 0.056870 -0.394742
fixed -0.367515 0.018691 0.485398 -0.041316 0.290529 -0.449165 0.298750 -0.291809 -0.529528 -0.072839 0.129881 -0.245278 0.212844 0.032996 0.563281 -0.005098 -0.470111 0.008961 -0.149375 0.062077 0.093160 -0.139689 0.107866 -0.003377 0.029294 -0.044032 -0.180826 -0.001073 -0.238711 0.358146 -0.381783 -0.171257 -0.132626 0.046694 -0.040783 -0.340568 0.293719 -0.094614 -0.516201 -0.084100 0.247945 -0.252558 -0.138581 -0.136152 0.094901 -0.265590 -0.214597 -0.197444 -0.220082 -0.151948
flattened -0.026143 -0.057374 0.014767 -0.177736 0.148546 0.020515 -0.028667 -0.036675 -0.124016 0.172709 0.028755 -0.023581 0.124947 -0.086019 0.135524 0.131157 0.077852 0.155027 0.224561 -0.098898 0.172688 -0.017695 0.032701 -0.071549 0.226761 -0.113087 -0.022584 -0.083297 0.175115 0.025372 -0.035078 0.001219 -0.112587 -0.054093 -0.240876 0.069423 0.160140 0.126237 0.010980 0.088263 -0.089944 -0.246736 -0.035748 -0.031686 -0.213235 -0.148289 -0.020278 0.237300 0.065586 -0.006672
flesh -0.446364 -0.053679 0.387003 0.214390 0.169457 0.100118 0.134338 -0.145216 -0.237254 -0.061930 0.297937 0.182170 0.085324 -0.436628 0.146407 0.254281 -0.390077 0.005742 -0.025374 -0.273272 0.343068 -0.243516 0.056845 -0.436765 0.167118 -0.538628 0.055893 -0.288056 0.320179 0.256241 -0.034082 -0.050212 -0.280075 -0.154138 -0.373500 -0.086799 0.157898 0.192387 -0.530051 0.411377 0.128569 -0.205239 -0.395416 -0.126643 0.002652 -0.259580 0.215988 0.246944 0.282243 -0.508418
flies -0.221455 0.096188 0.388421 -0.264086 -0.003551 -0.211075 -0.112732 -0.118134 -0.253789 0.161332 0.075251 0.064506 -0.304692 -0.193929 0.236267 0.282623 -0.259711 0.283167 0.309325 0.120750 -0.199837 0.098800 -0.170116 -0.101769 0.140082 -0.151417 0.157557 0.161410 0.045372 0.082370 -0.035154 0.021913 -0.231036 -0.305278 0.135568 -0.199374 0.241938 0.392387 -0.187846 -0.148764 -0.240067 -0.232821 -0.170653 -0.346226 0.045568 -0.094342 0.011229 0.272270 -0.070940 -0.071488
floor -0.289647 0.115937 0.944131 -0.485554 0.275771 -0.309781 0.185564 -0.239649 -0.603744 -0.118317 0.147212 0.321433 -0.728510 -0.635967 0.802965 0.445728 -0.173008 0.512005 0.693140 0.315285 -0.211501 -0.312048 -0.541543 -0.321749 0.305691 -0.104006 0.297589 0.331287 -0.043743 0.713121 -0.077506 -0.146259 -0.336602 -0.217703 0.500151 -0.467526 0.707509 0.606328 -0.233920 -0.309394 -0.282249 -0.626171 -0.282212 -0.391734 -0.322081 -0.280180 0.027050 0.661828 -0.247113 -0.024669
flora -0.114371 0.062852 0.640437 -0.276386 0.180443 -0.313564 0.028169 0.150215 -0.234418 -0.278759 0.232766 0.262701 -0.369701 -0.391833 0.282149 0.048650 0.002625 0.607258 0.261997 0.167678 -0.130626 -0.177764 -0.001251 -0.216660 0.380613 -0.040369 0.437426 -0.085834 -0.298936 0.317694 -0.217535 0.266135 -0.310993 -0.278627 0.546738 -0.087239 0.257939 0.632077 -0.304469 -0.186972 0.157019 -0.216606 -0.153318 -0.415280 -0.183892 -0.404395 0.143355 0.089695 -0.093802 -0.046866
flung -0.283785 -0.012586 0.374660 0.058291 0.069322 -0.252943 -0.000106 -0.261436 -0.474980 0.284926 0.294439 -0.208691 -0.024484 -0.089231 0.422448 0.178669 -0.501751 -0.019690 -0.132115 -0.170084 -0.044949 0.102454 -0.049593 -0.269937 0.023414 -0.203305 -0.145735 0.347890 0.144681 0.248929 -0.154056 -0.308907 -0.195551 -0.140151 -0.364085 -0.520066 0.365342 0.203949 -0.572492 -0.009856 -0.203930 -0.414315 -0.245576 -0.178382 0.265256 -0.170044 -0.446734 0.349932 -0.139640 -0.237381
flush -0.272399 0.107985 0.307109 0.106139 0.047400 0.003575 0.163123 -0.057886 -0.152351 0.083501 0.352584 0.128802 -0.169355 -0.269540 0.153902 0.251539 -0.175833 0.101517 0.006609 0.077465 -0.049179 -0.081665 -0.067699 -0.200129 0.159734 -0.259215 0.155935 -0.057314 0.094609 0.192204 -0.079406 0.060446 -0.146405 -0.186826 -0.128840 -0.156436 0.035977 0.348867 -0.232753 0.003981 -0.115717 -0.117464 -0.327931 -0.161844 0.063038 -0.164085 0.057514 0.228760 -0.036880 -0.082392
flying -0.164125 0.127706 0.456794 0.057488 0.205373 -0.092112 0.356595 -0.295176 -0.506264 0.028882 0.274445 -0.011971 -0.181479 -0.199787 0.422792 0.445947 -0.134033 0.113720 0.305754 0.145043 0.214214 -0.146056 -0.117836 -0.052846 0.254076 -0.434690 0.016579 -0.119209 0.219203 0.197037 -0.188330 -0.163017 -0.148496 -0.048748 -0.093851 -0.207339 0.262154 0.185171 -0.256345 -0.084617 -0.335284 -0.336027 -0.261586 -0.127295 0.155050 -0.058833 0.020564 0.312180 -0.105796 -0.148234
fog -0.130946 -0.089720 0.425735 0.069732 0.224578 0.144548 -0.028186 0.123123 -0.077475 -0.224423 0.097758 0.282771 -0.253905 -0.388190 0.154708 0.164358 -0.061491 0.359152 0.028067 0.130455 -0.097460 -0.256568 0.035063 -0.148522 0.223690 -0.074794 0.305779 -0.041405 -0.148923 0.352237 -0.005548 0.010756 -0.213310 -0.259787 0.158760 -0.203071 0.200394 0.440538 -0.229922 0.027558 0.146604 -0.138357 -0.420626 -0.308935 -0.279694 -0.202059 0.136109 0.243452 0.151441 -0.090311
followed -0.411327 -0.196532 0.697677 -0.435930 0.439027 -0.491434 -0.090895 -0.176652 -0.493389 -0.021208 -0.301716 0.304474 -0.091741 -0.223070 0.539537 0.260100 -0.658869 -0.004335 0.261633 -0.055917 -0.301303 0.001828 -0.366956 -0.490697 -0.246411 -0.129964 -0.163581 0.496683 0.152970 0.405017 0.025521 -0.272404 -0.216914 -0.121698 -0.044718 -0.550449 0.285795 0.247461 -0.744822 -0.004123 -0.200278 -0.300331 0.076772 -0.307357 0.170904 -0.048215 -0.082778 0.013299 0.029847 -0.631149
following -0.158544 -0.075302 0.580206 -0.130553 0.286740 0.015358 0.252423 -0.270784 -0.301893 0.032335 0.113080 0.258190 -0.188591 -0.335733 0.362435 0.364986 -0.028192 0.133244 0.264735 0.168746 0.010784 -0.160483 -0.187647 -0.131001 0.216678 -0.306182 0.034587 -0.081765 0.053899 0.332701 0.055926 -0.164564 -0.106381 -0.096829 -0.128535 -0.115418 0.207412 0.455643 -0.110704 -0.116294 -0.230810 -0.233619 -0.339937 -0.202522 -0.099512 -0.098083 0.161409 0.333332 -0.034175 -0.187762
food -0.425406 0.241098 0.327585 0.084131 -0.001378 -0.000525 -0.092854 -0.173425 -0.382811 0.186363 0.124683 0.208402 -0.227280 -0.380704 0.498516 0.059888 -0.495121 -0.058320 0.047701 -0.083884 -0.078692 -0.004147 -0.148335 -0.215084 0.058928 -0.005819 -0.194016 0.391554 0.081973 0.402440 -0.075826 -0.333191 -0.159299 -0.364718 0.063709 -0.370183 0.494597 0.408050 -0.269074 0.012548 -0.068140 -0.358645 -0.046419 -0.343842 -0.038799 0.093421 -0.099116 0.345185 0.098027 -0.085812
fool -0.202537 0.150819 0.083524 0.191696 -0.015207 0.012540 0.237963 -0.028438 -0.176816 -0.085787 0.299160 0.023042 -0.086929 -0.146834 0.032158 0.097800 -0.101652 0.008409 -0.072174 0.082634 0.022857 -0.193617 -0.015111 -0.081528 0.188725 -0.256349 0.092584 -0.100888 -0.011587 0.070480 -0.185858 0.168399 0.013357 -0.084990 -0.163153 -0.068624 -0.117113 0.061489 -0.284384 0.014537 -0.084455 -0.119013 -0.195771 -0.106608 0.125941 -0.079029 -0.053139 0.106349 -0.000647 0.012836
foot -0.527877 0.260962 0.617815 -0.049504 -0.001012 -0.245491 0.129256 -0.149447 -0.433935 0.035261 0.443249 0.127983 -0.354767 -0.287944 0.442327 0.283900 -0.603809 0.026438 0.258712 -0.009602 0.041950 -0.059944 -0.042858 -0.335466 0.229293 -0.167276 0.078500 0.126694 0.255405 0.221472 -0.135690 0.197877 -0.192592 -0.322480 0.096594 -0.248856 0.205208 0.329913 -0.518248 0.044657 -0.027339 -0.328796 -0.287959 -0.311434 0.106912 -0.267996 0.171069 0.229457 -0.080235 -0.137452
footing -0.093694 -0.175943 0.253505 0.126020 0.192214 0.097631 0.142705 0.109990 -0.030923 0.010707 0.041151 0.153771 0.057283 -0.324037 0.148991 -0.075680 -0.055085 0.074123 -0.128373 -0.015314 0.144303 -0.161101 -0.074470 -0.226079 0.147548 -0.042544 0.056917 -0.026668 0.096216 0.349386 -0.131209 0.013617 -0.025544 0.002314 -0.185004 -0.222218 0.114961 0.164295 -0.215172 0.068534 0.183708 -0.140067 -0.160421 0.073557 -0.287713 -0.227064 -0.142162 0.138219 0.051185 -0.222094
for -0.647037 -0.313030 0.869991 -0.066314 -0.587957 -0.904469 -0.052971 -0.507296 -0.777290 -0.088391 -0.098515 0.850549 -0.161047 -0.559170 0.288058 0.113155 -0.434015 -0.485444 0.534322 0.427555 -0.316847 0.062900 -0.248138 0.281965 -0.205572 -0.921187 -0.290711 -0.257358 -1.191542 -0.182635 -0.083734 -0.469695 0.308272 -0.829350 0.657776 0.771501 0.496035 0.758477 -0.514415 -1.092494 -0.548078 -0.458460 0.255210 -0.748633 0.968662 0.280421 -0.005444 -0.341695 -0.030056 -0.641004
forget -0.285336 0.091232 0.382717 -0.000070 0.218559 -0.119062 0.079169 -0.279206 -0.396656 -0.064388 0.021388 0.007631 -0.060409 -0.197282 0.410361 0.152608 -0.348550 -0.014210 0.061077 -0.064678 0.012878 -0.118088 -0.151153 -0.086842 -0.047466 -0.110544 -0.228664 0.348365 -0.029014 0.345491 -0.040801 -0.417657 -0.000918 -0.111941 0.127948 -0.368003 0.378093 -0.016213 -0.467586 -0.076157 -0.074308 -0.387263 -0.081315 -0.152505 0.081461 0.064944 -0.088446 0.153295 0.012034 -0.255767
forgotten -0.212869 -0.156828 0.397483 0.058975 0.277636 -0.061002 0.043499 -0.192669 -0.332796 -0.218491 -0.048644 -0.156988 0.059709 -0.067467 0.185275 0.228552 -0.332591 0.104902 0.149890 -0.099057 0.174355 -0.252729 0.142524 -0.089392 0.183930 -0.222957 -0.003116 0.053986 0.071853 0.127493 0.015874 -0.054816 -0.103134 -0.080662 -0.186906 -0.268218 0.174410 -0.190007 -0.592758 0.112476 0.106933 -0.275563 -0.341254 -0.111930 -0.017940 -0.090004 -0.041061 0.091033 0.116681 -0.322803
form -0.281481 0.274449 0.411292 0.210301 0.163166 0.058065 0.407529 -0.307891 -0.352794 -0.074767 0.274648 -0.108548 -0.096045 -0.302090 0.201852 0.158509 -0.146271 0.128748 -0.088773 0.063990 0.021577 -0.173360 -0.076617 -0.137051 0.153903 -0.371474 -0.047113 0.076038 -0.166544 0.415642 -0.082060 -0.210799 -0.048801 -0.113558 0.063290 -0.327960 0.160680 0.022099 -0.504719 -0.131817 0.076532 -0.298859 -0.314245 -0.039558 0.043186 -0.044636 -0.006493 0.162376 0.071543 -0.311391
forth -0.310214 0.119618 0.298170 -0.386753 0.432552 -0.004151 -0.024498 -0.053337 -0.274756 0.240372 0.124981 -0.121394 0.090889 -0.409719 0.569708 0.433158 -0.191972 0.339609 0.164659 -0.133417 0.374677 -0.266042 0.006162 -0.576015 0.347982 -0.295811 -0.106497 0.430087 0.373519 0.370760 -0.277140 -0.057151 -0.088176 -0.021475 -0.285262 -0.195699 0.235555 0.430551 -0.204173 0.157605 -0.321547 -0.690586 -0.325036 -0.349025 -0.103053 -0.297510 0.107018 0.604391 0.239586 -0.217118
forty -0.206571 0.032947 0.324081 0.288651 -0.004479 0.161631 0.003397 -0.232557 -0.319876 0.047345 0.015351 -0.056531 -0.079850 -0.016159 0.140185 0.326711 -0.063415 -0.235889 0.135232 0.050389 0.417179 -0.433106 0.093842 0.054306 0.369831 -0.169927 -0.022355 -0.006425 0.309751 0.030414 -0.054621 0.180039 -0.020815 -0.049878 -0.351214 -0.035713 -0.134774 -0.004050 -0.304030 0.087718 -0.139307 -0.001776 -0.207327 -0.184905 0.083066 0.059636 -0.040337 0.209419 0.036033 -0.142384
forward -0.256591 0.202361 0.073369 0.134629 0.246134 0.094377 0.302390 -0.204209 -0.232325 -0.121451 0.183034 0.051816 -0.017802 -0.317717 0.248460 0.141474 -0.370168 0.030586 0.095484 -0.382188 0.159752 -0.119617 -0.127167 -0.327528 0.021696 -0.279813 -0.165346 0.159235 0.345096 0.257082 0.011198 -0.303808 -0.042544 -0.081520 -0.112252 -0.181640 0.187355 -0.121582 -0.447840 0.295325 -0.100695 -0.418414 -0.164109 0.102793 0.038055 0.126743 0.064638 0.287002 0.156762 -0.210368
fought -0.074431 -0.220963 0.504182 -0.059785 0.261246 -0.297341 0.471535 -0.254534 -0.220841 -0.073045 0.351561 0.056418 -0.050554 -0.196549 0.555043 -0.135484 -0.336140 -0.055999 0.018864 -0.273320 0.010052 0.104278 -0.245134 -0.424684 -0.173553 -0.106257 -0.221358 0.392508 0.195223 0.475344 0.076788 -0.371281 0.017752 0.090607 0.002769 -0.542311 0.544456 -0.029926 -0.590083 -0.071908 0.065417 -0.384686 0.075513 0.345580 -0.021963 -0.172264 -0.247322 0.082991 -0.186557 -0.513536
found -0.386932 -0.531941 0.873850 -0.466385 0.374333 -0.711825 -0.003326 -0.097395 -0.414560 -0.225839 -0.139770 -0.046365 0.146296 0.092124 0.406340 0.148503 -0.743348 -0.018141 0.043490 -0.234934 -0.030895 0.109450 -0.033813 -0.608213 -0.206378 -0.077047 -0.094235 0.495472 0.099723 0.314412 0.138359 -0.009859 0.086261 0.084825 -0.131106 -0.800062 0.070995 -0.082155 -1.072780 0.005829 0.069620 -0.166174 -0.134938 -0.151980 0.315228 -0.315802 -0.148720 -0.221112 0.027703 -0.750369
foundation -0.496960 0.250962 0.977447 -0.507561 0.202463 -0.514679 0.077070 0.062081 -0.382154 -0.177807 0.052619 0.539059 -0.198805 -0.804868 0.682774 0.149114 -0.246987 0.595861 0.050216 0.656866 -0.368544 -0.020633 -0.241208 -0.321418 0.267255 -0.295145 0.264625 -0.134124 -0.632738 0.620138 -0.629194 0.217775 -0.265527 -0.329628 0.538092 -0.270425 0.365363 1.471457 0.075908 -0.364788 0.317291 -0.192352 -0.282890 -0.795075 -0.074581 -0.423380 0.467278 0.084106 0.094195 -0.152874
four -0.336262 0.081509 0.511559 -0.295109 -0.050967 -0.308465 0.056775 -0.108276 -0.218292 -0.055635 0.362917 0.462270 0.020305 -0.367542 0.263492 0.402354 -0.146612 -0.103661 0.415642 -0.063044 0.384640 -0.137614 0.024797 -0.288643 0.358435 -0.348223 0.106616 -0.456784 0.310661 -0.043143 -0.139040 0.598371 -0.107827 -0.132973 -0.152053 0.508158 -0.270995 0.605133 -0.181722 0.146029 -0.200639 -0.059164 -0.140557 -0.394676 0.165014 -0.251218 0.464233 0.179374 0.068334 -0.055416
fourth -0.233281 -0.057168 0.367241 0.042868 0.140909 -0.028763 -0.036042 -0.202807 -0.401645 -0.042847 0.028306 -0.028411 -0.066036 -0.047948 0.197131 0.254870 -0.038940 0.032343 0.157400 0.036607 0.143036 -0.250076 0.097766 0.039341 0.238417 -0.203465 -0.006558 -0.099487 -0.041542 0.157899 -0.011063 -0.041631 -0.173859 -0.132805 -0.159941 -0.109220 0.211087 0.178632 -0.259225 0.000228 -0.019829 -0.166892 -0.206294 -0.270507 0.026109 -0.100342 -0.044379 0.161409 0.030442 -0.119396
fred -0.182684 -0.137672 0.371356 -0.199681 0.153541 -0.329129 -0.055686 -0.011671 -0.246697 -0.156926 -0.047640 -0.036829 0.057672 -0.000310 0.311433 -0.016445 -0.148570 0.093809 0.022533 0.007108 -0.100208 -0.066354 -0.029910 -0.077719 -0.056059 0.094345 -0.060812 0.169631 -0.260439 0.219457 -0.085173 -0.055207 0.049420 0.006593 0.156627 -0.286356 0.293090 0.084126 -0.280618 -0.100926 0.228465 -0.204761 0.013464 -0.118556 -0.043803 -0.221267 -0.100877 -0.103177 -0.100082 -0.132318
free -0.136182 0.099866 0.463309 0.374878 0.239148 0.151277 0.388790 -0.156229 -0.355817 -0.075321 0.309371 -0.103545 -0.024287 -0.223797 0.295918 0.052325 -0.095227 0.085122 -0.215872 0.181740 0.236487 -0.308755 0.136869 0.025011 0.266433 -0.249460 -0.014678 -0.089209 -0.176762 0.351229 -0.134310 -0.174269 -0.028453 -0.019919 -0.107122 -0.265722 0.222746 0.045179 -0.511858 -0.161786 0.146509 -0.211256 -0.391941 -0.174374 -0.107176 -0.093991 -0.094805 0.131684 0.147903 -0.187355
fresh -0.407503 0.089817 0.426909 0.114096 0.007173 -0.083885 0.197898 -0.190810 -0.299149 -0.283916 0.308130 -0.123267 -0.252288 -0.092922 0.074338 0.068770 -0.267007 0.077140 0.120792 0.011523 0.048638 -0.301479 0.033874 -0.006824 0.266136 -0.206144 0.045015 0.161558 -0.110106 0.188767 -0.038964 0.183007 -0.064921 -0.187063 -0.057926 -0.283340 0.043332 -0.028032 -0.662594 -0.065367 0.040739 -0.183210 -0.251875 -0.133646 0.113414 -0.070651 -0.129300 0.034323 0.009702 -0.222336
frightened -0.248608 0.041593 0.270826 -0.198057 -0.022892 -0.367217 0.019429 0.029032 -0.234104 -0.003330 0.154896 0.129923 -0.068523 -0.166730 0.287605 0.036248 -0.273258 0.049399 0.079853 0.039599 -0.070509 0.104148 -0.145265 -0.200178 -0.002555 -0.046161 -0.010710 0.091136 0.014645 0.214749 -0.241486 0.074523 -0.038916 -0.064306 0.165017 -0.258421 0.180218 0.258862 -0.181531 -0.077927 -0.029109 -0.166648 0.107758 -0.167958 0.088220 -0.195572 -0.118184 -0.009516 -0.079507 -0.060801
from 0.054803 0.023667 1.319973 -0.636888 -0.073966 -0.672288 -0.513949 -0.315667 -0.664986 0.794931 0.877239 0.277780 0.437626 -0.245006 1.169429 0.474591 0.146449 -0.703135 0.928335 0.198753 0.629060 0.310566 0.305449 0.461434 0.221802 -0.115901 -0.153818 -0.587851 -0.091953 0.043366 -0.061424 -0.201211 0.088310 -0.223300 0.245264 0.879528 0.233996 0.961756 0.119416 -0.934910 -0.471962 -0.427184 0.151093 -0.359758 0.527090 -0.394288 0.525208 0.391287 -0.205549 0.036336
front 0.156111 -0.159084 0.140035 0.457882 0.192356 0.498654 0.283049 -0.281201 0.027777 -0.069230 0.399350 -0.328240 0.004393 0.045050 -0.249664 0.139186 0.215029 0.176217 -0.141797 -0.197266 0.083975 -0.247726 0.261390 0.019200 0.250318 -0.416650 0.137496 -0.178232 -0.075766 0.020234 0.418682 -0.215690 -0.126045 -0.054895 -0.465231 -0.006248 -0.020953 -0.253896 -0.309204 0.088747 -0.009651 -0.011192 -0.601125 0.188798 -0.021201 0.030110 0.013707 0.256533 0.221007 -0.290454
frost -0.293314 0.120139 0.609808 -0.034791 0.073246 -0.199084 0.014743 -0.030999 -0.175586 -0.040647 0.267421 0.119523 -0.295492 -0.336224 0.379552 0.053628 -0.419815 0.362802 0.062454 0.226019 -0.117896 -0.129335 -0.077952 -0.219652 0.184965 0.000694 0.280613 0.165837 -0.116453 0.493502 -0.343785 0.085008 -0.232247 -0.341176 0.332197 -0.525131 0.342233 0.567914 -0.270328 -0.089429 -0.003735 -0.096806 -0.229377 -0.371297 -0.015810 -0.301489 -0.048860 0.083184 -0.142886 -0.110836
full -0.032737 -0.058683 0.810298 0.168008 0.286886 -0.005275 0.546599 -0.215974 -0.199645 -0.140011 0.745839 0.295914 -0.193980 -0.563457 0.275780 0.354875 0.142084 0.373158 -0.140475 0.401593 -0.049291 -0.418518 0.032689 -0.133057 0.367559 -0.661362 0.346404 -0.327940 -0.334422 0.437690 -0.098966 -0.085446 -0.083040 -0.075068 -0.278124 -0.049789 0.022787 0.662625 -0.562788 -0.389686 -0.279301 -0.221214 -0.636924 -0.291962 0.114631 -0.303493 0.059988 0.403035 -0.031036 -0.229833
further -0.158636 0.123529 0.346348 0.156064 0.173424 0.091166 0.228217 -0.268994 -0.355806 0.019321 0.055566 -0.085496 -0.022610 -0.288655 0.342057 0.184256 -0.176429 0.130070 -0.018221 0.029501 0.223612 -0.249759 -0.087678 -0.031722 0.152278 -0.181406 -0.065749 0.065508 -0.042113 0.313327 -0.120505 -0.359690 0.016403 0.019413 0.036175 -0.273107 0.289885 -0.049776 -0.247020 -0.029259 -0.056184 -0.273906 -0.288342 -0.112058 -0.124257 -0.004897 -0.055168 0.278129 0.030330 -0.143418
gained -0.149433 -0.108484 0.421701 -0.152976 0.151398 -0.264778 0.067990 -0.150776 -0.311057 -0.131159 0.124392 0.023461 0.142452 -0.067255 0.227599 0.175014 -0.095977 0.064406 0.169289 -0.152402 0.168762 -0.026679 0.146654 -0.126923 0.115954 -0.203901 -0.038078 -0.109895 -0.057276 0.047207 0.030491 0.001809 -0.069035 -0.030844 -0.006612 0.028901 0.153574 0.051545 -0.444665 0.017826 0.112298 -0.229387 -0.061472 -0.116470 0.016119 -0.222368 0.115393 0.001595 0.038217 -0.262994
gale -0.322216 0.158691 0.218292 0.119724 0.092748 -0.040008 0.442570 -0.020757 -0.328429 -0.287260 0.403153 -0.047613 -0.145608 -0.262288 0.030259 0.189605 0.073589 0.257083 0.189493 0.170422 0.038655 -0.275375 -0.179655 -0.090402 0.304460 -0.507416 0.317592 -0.260188 -0.123550 0.250286 -0.170481 0.061373 -0.083523 -0.136442 -0.057846 -0.246522 0.104236 -0.021605 -0.467641 -0.059954 -0.085137 -0.313121 -0.194832 0.086571 0.033165 -0.209572 -0.098735 0.196154 -0.029293 -0.066986
gate -0.161367 -0.054634 0.579855 -0.358315 0.244658 -0.289665 0.195156 0.078002 -0.220402 -0.173001 0.260966 0.282626 -0.326030 -0.256259 0.387484 0.308227 -0.027405 0.325119 0.406112 0.248119 -0.154621 -0.116098 -0.231754 -0.238284 0.142680 -0.152672 0.289382 -0.005665 0.018041 0.283320 -0.057182 0.172483 -0.156700 -0.073850 0.152476 -0.216715 0.136405 0.465485 -0.194242 -0.114545 -0.225364 -0.200569 -0.200925 -0.191392 -0.076351 -0.282986 0.170241 0.199234 -0.133305 -0.049869
gave -0.760059 0.318916 0.385723 -0.466969 0.266658 -0.573322 0.168577 -0.127516 -0.772890 0.080670 0.168760 0.033593 -0.187703 -0.036004 0.707756 -0.024469 -0.746664 -0.251676 0.155881 0.054826 -0.316154 0.341242 -0.307733 -0.152554 -0.135647 0.012695 -0.638683 0.659471 -0.178362 0.258538 -0.260736 -0.282754 0.233450 -0.074991 0.098632 -0.484885 0.274239 0.233319 -0.305249 -0.360997 -0.176951 -0.675432 0.133262 -0.421785 0.328695 0.029960 -0.131817 -0.146611 0.081393 -0.174538
gaze -0.258919 0.076983 0.447128 -0.369118 0.017202 -0.408116 0.082142 0.009442 -0.132603 -0.139388 0.356134 0.182895 -0.168932 -0.173248 0.341241 0.135063 -0.294499 0.184618 0.336602 -0.167530 -0.046915 0.087711 -0.036513 -0.390619 0.041617 -0.052097 0.141231 -0.035466 0.120698 0.128892 -0.005902 0.265149 -0.297387 -0.172461 0.292279 0.052980 0.173232 0.344852 -0.229226 0.134004 0.102981 -0.125129 0.008852 -0.129399 0.036285 -0.298558 0.321115 0.016680 -0.079834 -0.083742
gazed -0.074927 -0.157515 0.402102 -0.039093 0.283455 0.041287 0.169175 -0.184515 -0.152720 0.015634 0.078738 0.105731 0.042808 -0.242626 0.337883 0.219056 -0.302365 -0.002707 0.071041 -0.088259 0.067428 -0.095785 -0.112620 -0.299753 0.060239 -0.174335 -0.073304 0.157473 0.284525 0.265953 0.036522 -0.182098 -0.064000 0.082327 -0.298204 -0.257434 0.114579 0.118349 -0.315655 0.143564 -0.096436 -0.208899 -0.368546 0.051491 -0.096947 -0.116000 0.042141 0.261549 0.051402 -0.339233
gazing -0.178064 -0.133579 0.178823 0.329719 0.153596 0.354807 0.183410 -0.055155 -0.100553 -0.188336 0.012131 0.032231 0.005467 -0.367252 -0.039289 0.098878 -0.040692 0.092542 0.000613 0.024375 0.243842 -0.476911 -0.053375 -0.150276 0.273698 -0.375721 0.212838 -0.230048 0.158671 0.301260 -0.031283 0.011656 -0.185062 -0.065344 -0.300561 -0.136144 0.135357 -0.182502 -0.334346 0.205216 0.201447 -0.178794 -0.382100 0.115826 -0.301559 -0.148568 -0.036188 0.291509 0.175821 -0.282944
gems 0.011733 -0.118578 0.509874 0.017439 0.094014 -0.023593 0.082315 -0.100244 -0.147139 0.052204 0.276985 0.145652 -0.144326 -0.157999 0.205048 0.280153 0.159290 0.150209 0.165307 0.207596 0.088620 -0.187353 -0.015088 -0.042249 0.219266 -0.256446 0.227931 -0.195028 0.028214 0.164632 0.026999 0.089042 -0.157287 -0.125416 -0.043714 0.003532 0.112769 0.360772 -0.124723 -0.139504 -0.184508 0.004651 -0.167632 -0.231451 0.103584 -0.144792 0.077619 0.169484 -0.027769 -0.176871
general -0.033504 0.068231 0.240070 0.167562 0.159295 0.156502 0.327492 -0.236626 -0.109971 0.047029 0.085049 -0.158987 0.049378 -0.115648 0.094162 0.189491 0.008775 0.085610 -0.107943 0.087967 0.074419 -0.131545 -0.032246 -0.014647 0.065106 -0.256978 -0.009781 -0.078240 -0.023287 0.204825 0.030774 -0.207243 -0.076038 0.048416 -0.145987 -0.167839 0.062409 -0.070873 -0.131633 -0.069513 0.015088 -0.050982 -0.327023 0.089265 -0.061919 -0.012452 0.040754 0.135752 0.017457 -0.192981
gently -0.113135 0.060576 0.326772 0.020227 -0.009143 -0.008625 -0.046325 -0.199289 -0.245019 0.215661 0.090741 -0.046181 -0.231815 -0.150143 0.230204 0.304284 -0.121521 0.154736 0.233991 0.046814 0.091510 -0.007411 -0.080958 -0.045214 0.184228 -0.173926 0.087611 0.055606 0.203241 0.126159 -0.021646 -0.065361 -0.237926 -0.237323 0.011877 -0.205720 0.321416 0.269736 -0.059552 -0.036978 -0.149565 -0.229518 -0.213080 -0.156753 -0.006982 -0.056469 -0.043246 0.353915 -0.062703 -0.091128
george -0.358838 -0.221109 0.234414 -0.056925 -0.230007 -0.285414 -0.338570 -0.190883 -0.181596 0.054335 -0.087457 -0.062115 0.274115 -0.096361 -0.096918 0.359130 -0.137496 -0.037591 0.239058 -0.007003 0.200070 -0.290724 0.120435 0.159388 0.127152 -0.378731 0.007504 -0.293038 0.039773 -0.226170 -0.090470 0.324553 -0.127048 -0.378660 -0.270683 0.268418 0.149856 -0.080970 -0.376856 0.008896 0.051223 -0.181153 -0.078107 -0.287184 0.106813 -0.195800 -0.033027 0.023776 -0.046660 -0.163968
get -0.765809 1.231347 0.033851 0.537882 0.150522 0.301737 0.566508 -0.617092 -1.369047 -0.359373 0.156531 -0.193497 -0.376733 -0.454534 0.552079 0.544283 -0.244765 -0.055449 0.109564 0.060379 -0.263956 -0.654848 -0.657648 0.042903 0.263179 -0.570732 -0.203858 0.422397 -0.597539 0.537599 -0.105493 -0.987900 0.174587 -0.267865 0.499997 -0.439167 0.359410 -0.515005 -0.457809 -0.015215 -0.359004 -0.785527 -0.215442 -0.313335 0.457816 0.509462 -0.031321 0.472706 0.093237 0.135683
gets -0.028901 -0.224492 0.492991 -0.096677 0.114271 -0.285451 0.118329 -0.108391 -0.166788 -0.000658 0.218077 0.020391 0.082213 0.036519 0.329826 -0.062594 -0.077042 -0.218252 -0.082482 -0.031897 0.034934 0.090056 -0.128096 -0.178930 -0.186172 -0.048439 -0.235372 0.306827 -0.055425 0.241004 0.033055 -0.123983 0.208940 0.128712 -0.050393 -0.389873 0.211298 0.159150 -0.389857 -0.199603 0.045070 -0.106364 0.108741 0.119027 0.181847 -0.171928 -0.173719 -0.120495 -0.089076 -0.472902
getting -0.347867 0.210794 0.335189 0.150933 -0.009612 -0.008284 0.263063 -0.090287 -0.193282 -0.058938 0.401826 0.235682 -0.182552 -0.548970 0.141933 0.223115 -0.280402 0.131287 0.059872 0.002459 0.110078 -0.183597 -0.246566 -0.230877 0.206763 -0.377848 0.151092 -0.049860 0.128490 0.268628 -0.125894 0.004744 -0.022365 -0.235028 -0.031389 -0.144535 0.020735 0.177034 -0.520003 0.002260 -0.233264 -0.278673 -0.287187 -0.149677 0.081175 -0.037719 -0.004865 0.347190 0.103666 -0.152450
girl -0.510783 0.033916 0.776000 -0.311200 0.145833 -0.326010 -0.082267 0.015683 -0.529398 -0.070243 0.153194 0.262330 -0.406530 -0.093807 0.422341 0.330358 0.051523 0.185384 0.484416 0.408190 0.104451 -0.249113 -0.039407 -0.004405 0.443808 -0.202909 0.175282 -0.137414 -0.037347 0.333106 -0.340852 0.482933 -0.269325 -0.239018 0.149289 -0.174450 0.215187 0.788667 -0.116924 -0.141156 -0.052586 -0.166573 -0.025736 -0.591107 0.073974 -0.333721 0.111958 0.021575 -0.115800 -0.100304
give -0.511084 0.656550 0.254174 0.259767 0.040443 -0.265034 0.123507 -0.162489 -0.986188 -0.339415 0.358087 -0.079228 -0.047903 -0.376253 0.565131 -0.007846 -0.557002 0.001180 -0.039437 -0.049652 0.280698 -0.167670 0.026530 0.068290 0.324503 -0.297177 -0.257030 -0.004118 -0.478490 0.221832 -0.677158 -0.393629 0.077285 -0.154852 0.381631 -0.093106 0.411664 0.116134 -0.430306 -0.002745 0.081224 -0.625369 -0.182556 -0.586355 0.371179 -0.000639 -0.108569 0.108936 0.200772 0.078718
given -0.367828 0.344653 0.144712 0.329376 0.000106 0.243533 -0.148731 0.018119 -0.526171 -0.089847 -0.074805 0.114706 0.080758 -0.487552 0.177484 0.227314 -0.131512 -0.105685 0.012821 -0.116937 0.394365 -0.217318 -0.108096 -0.088185 0.255857 -0.258215 0.013617 -0.111761 -0.127403 0.357309 -0.187926 -0.510905 0.025561 -0.048111 0.053505 -0.209660 0.175517 0.062125 -0.303970 0.168937 0.069746 -0.288737 -0.224812 -0.194478 -0.060896 0.115140 -0.016546 0.410443 0.376599 -0.134751
glance -0.408333 0.585563 0.072986 0.188806 0.005659 0.088830 0.591022 -0.099193 -0.433024 -0.080494 0.357240 -0.149451 -0.407813 -0.475867 0.170047 0.077569 -0.257593 0.279284 0.259205 0.192913 0.020901 -0.132415 -0.295803 -0.094854 0.413656 -0.390159 0.175568 -0.000338 0.077801 0.235333 -0.370418 0.064689 -0.062355 -0.161121 0.144048 -0.336147 0.157656 -0.019020 -0.312461 -0.164340 -0.024604 -0.566804 -0.430958 0.107276 -0.162948 -0.070388 -0.073721 0.412890 -0.031019 0.096221
glanced -0.027294 -0.453628 0.573133 -0.180158 0.356885 -0.301456 0.339258 -0.371219 -0.322635 -0.144837 0.153157 -0.075830 0.133714 -0.178819 0.472208 -0.043965 -0.543016 -0.048082 -0.077403 -0.349058 -0.093060 0.130111 -0.146711 -0.529254 -0.213121 -0.319618 -0.281382 0.395477 0.143250 0.287425 0.117912 -0.284790 -0.027976 0.242365 -0.277107 -0.486215 0.361248 -0.084290 -0.735671 0.071809 0.128469 -0.388712 -0.286384 0.239764 0.035067 -0.275517 -0.186095 0.078309 -0.022001 -0.776666
gloom -0.136324 -0.118265 0.158765 0.092210 0.178456 0.001407 0.081550 0.151297 -0.117599 -0.204056 0.277333 0.222546 -0.238754 -0.155050 0.060602 0.340087 0.098140 0.285424 0.227785 0.225916 -0.003056 -0.293817 0.092249 -0.043399 0.294174 -0.344283 0.423927 -0.266204 0.075075 0.058632 -0.026161 0.233021 -0.069992 -0.215884 -0.054773 -0.028219 -0.010137 0.187986 -0.345335 -0.042840 -0.234151 -0.184250 -0.249598 -0.286902 0.049652 -0.133884 0.081091 0.202570 0.119062 0.108808
gluk -0.344240 0.092928 0.118113 0.315014 -0.043554 0.156474 -0.096014 -0.159205 -0.329464 0.010587 -0.087482 -0.143131 -0.016495 -0.081835 -0.017244 0.237340 -0.229245 -0.052384 0.071683 0.037093 0.224194 -0.442791 0.086612 0.071902 0.393651 -0.227344 0.080027 -0.104843 0.194960 0.088338 -0.287471 0.212811 -0.263392 -0.184362 -0.360184 -0.164913 -0.045525 -0.090378 -0.338626 0.162405 0.006228 -0.044764 -0.255928 -0.200006 -0.062468 -0.040810 -0.240941 0.204301 -0.038399 -0.067605
go -0.598818 0.886255 0.033023 0.748113 0.156456 1.036892 0.221211 -0.686151 -0.872366 0.700873 0.402649 -0.441498 -0.229522 -0.489632 0.425869 -0.109907 -0.725828 -0.173061 -0.347496 -0.600357 0.159612 -0.037772 -0.151679 -0.585793 0.624715 -0.062765 -0.388833 0.619617 0.031201 0.916066 0.168004 -1.037624 -0.329507 -0.275596 -0.342418 -0.843491 0.635840 -0.057508 -0.102410 0.530457 0.315423 -0.506881 -0.795679 -0.061996 -0.447735 0.038968 -0.136052 0.901882 0.598252 -0.339087
god -0.498159 0.283353 0.200388 0.599971 0.017101 0.564401 0.065997 0.044513 -0.268235 -0.453051 0.291282 -0.177304 -0.772617 -0.353623 0.005523 0.047473 -0.227002 0.326121 0.203288 -0.032724 0.116160 -0.722803 0.086976 -0.147710 0.615812 -0.236700 0.530145 0.262122 0.072052 0.466306 0.042741 0.112451 -0.389422 -0.475313 0.096889 -0.589223 0.337134 -0.010552 -0.750631 0.276503 0.157763 -0.274840 -0.473094 -0.220837 -0.278944 0.008100 -0.212214 0.622456 0.249127 -0.004131
goes -0.006263 -0.084531 0.577805 -0.289770 0.147755 -0.350301 0.059249 -0.250290 -0.248341 0.064451 0.103777 -0.195698 -0.379674 0.033057 0.438102 0.289914 -0.291274 0.286445 0.267365 0.034045 -0.120578 0.177399 -0.247728 -0.197690 -0.097281 -0.089718 0.009636 0.465400 0.196341 0.243631 -0.010379 -0.203695 -0.190781 -0.090103 0.231531 -0.614537 0.474121 0.278615 -0.203513 -0.129730 -0.275765 -0.217022 -0.091288 -0.055665 0.211553 -0.096116 -0.101602 0.157218 -0.240384 -0.349967
goin -0.484389 0.728227 0.133282 0.599579 0.086826 0.418569 0.218604 -0.483728 -0.733810 0.152998 0.034754 -0.215247 -0.131881 -0.339155 0.376886 0.086732 -0.211128 -0.092973 -0.093108 0.009895 0.289157 -0.357527 -0.099942 0.256299 0.308324 -0.220819 -0.252189 0.108803 -0.187714 0.548738 -0.261027 -0.719655 -0.073976 -0.268821 0.215953 -0.341159 0.508668 -0.207188 -0.304181 -0.029178 0.075760 -0.465511 -0.152811 -0.172516 -0.033574 0.375668 -0.129954 0.383783 0.146346 -0.032917
going -0.454085 0.209349 0.199628 0.668694 0.237261 0.474155 0.444353 -0.100369 -0.643881 -0.234682 0.543938 -0.243824 0.187321 -0.631088 0.290769 -0.260408 -0.089553 0.282066 -0.453840 -0.229738 0.420931 -0.493242 0.021082 -0.262783 0.685986 -0.390782 0.165303 -0.266324 -0.434225 0.963977 -0.353127 -0.592927 -0.188120 -0.052452 -0.308631 -0.752403 0.853304 -0.004880 -0.502902 0.387869 0.707677 -0.571810 -0.511665 0.122154 -0.642284 -0.505291 -0.528245 0.652416 0.260080 -0.056583
gold -0.080923 -0.223251 0.758382 0.478210 0.155686 0.305418 0.395202 -0.053995 0.146551 -0.089900 0.755735 0.079085 -0.264833 -0.450908 0.216513 0.249745 -0.299998 0.335879 0.204808 0.218661 -0.009374 -0.518776 -0.149115 -0.473472 0.320862 -0.543441 0.839953 -0.214828 0.376867 0.600856 -0.013495 0.198679 -0.541507 -0.451759 -0.274799 -0.661936 0.259355 0.259734 -0.624861 0.151606 -0.236232 0.051799 -0.678409 0.135468 -0.022128 -0.430546 -0.182231 0.443373 -0.012052 -0.500399
golden -0.267872 -0.259471 0.756904 -0.235092 0.079104 -0.539164 0.064336 -0.226923 -0.285638 -0.012535 0.463226 0.347569 -0.041426 -0.232655 0.382646 0.364493 -0.385367 0.072163 0.159813 -0.079078 -0.082448 0.057459 -0.053687 -0.391943 -0.051028 -0.430853 0.029166 -0.094241 0.195641 0.101485 -0.013247 0.168976 -0.229089 -0.282267 -0.123526 -0.031217 0.222574 0.524027 -0.638259 0.024999 -0.189045 -0.218327 -0.103687 -0.322560 0.356948 -0.341950 0.086110 0.047552 -0.156585 -0.414790
gone -0.355627 -0.126957 0.215956 0.421572 0.669131 0.211233 0.155746 0.606039 -0.506268 -0.503546 0.010769 0.380901 0.287691 -0.642917 0.157123 -0.140932 0.073165 0.311796 0.036168 0.000803 0.400573 -0.419792 0.189918 -0.327561 0.603771 -0.241883 0.445406 -0.648270 -0.231376 0.674283 -0.277603 -0.115433 -0.109077 -0.073054 -0.020398 -0.403373 0.331458 -0.073406 -0.874912 0.211901 0.760699 -0.582976 -0.185580 -0.049474 -0.681929 -0.489544 -0.059370 0.062101 0.602328 -0.265018
good -0.702950 0.325343 0.433041 0.562770 0.097682 0.116537 0.002901 -0.103646 -0.201970 -0.201362 0.077375 -0.288169 -0.188751 -0.053972 -0.062591 0.159833 -0.486401 0.390852 -0.606386 0.436761 -0.342394 -0.293314 0.074466 0.258521 0.088191 -0.265231 0.257980 0.214122 -0.649368 0.555447 -0.481102 -0.285906 -0.023798 -0.505130 0.141030 -1.072034 0.054082 0.438686 -0.628206 -0.145748 0.077114 0.126005 -0.688688 -0.524742 0.368187 0.082752 -0.309424 -0.117493 0.037123 -0.079546
goods -0.319951 -0.013011 0.585323 -0.334613 0.114451 -0.330974 -0.179339 0.023812 -0.337633 0.034676 0.131109 0.310296 -0.138220 -0.332316 0.456375 0.248997 -0.216783 0.190687 0.194224 0.170264 -0.055337 -0.083411 -0.053972 -0.195971 0.179395 -0.059561 0.089245 0.025897 -0.118038 0.296214 -0.209967 0.108025 -0.169458 -0.208293 0.109977 -0.079486 0.262967 0.674017 -0.207652 -0.097789 -0.059679 -0.283751 -0.139866 -0.525294 -0.030807 -0.309242 0.100804 0.181744 -0.040966 -0.041259
got -0.430916 0.148298 0.232797 0.241456 0.707046 -0.042595 0.109743 -0.025230 -0.884197 -0.246842 0.601333 -0.433546 -0.166121 0.017266 0.713470 0.002204 -0.450412 -0.098607 -0.286113 -0.493119 0.063494 0.131459 0.337957 -0.331642 0.214284 0.089693 -0.394817 0.694360 -0.368024 0.769157 0.039900 -1.107121 0.218834 0.175465 -0.136172 -0.996317 0.502702 0.023484 -0.990589 -0.089348 0.017520 -1.029269 -0.367382 -0.145255 0.193931 -0.140722 -0.525839 0.295929 0.199632 -0.012457
government -0.247123 0.052982 0.561465 -0.197911 0.159251 -0.232427 -0.043001 -0.023401 -0.403555 -0.005246 0.135435 0.148468 -0.247498 -0.346771 0.598951 0.056081 -0.338421 0.259228 0.241352 0.028096 -0.099360 -0.053907 -0.119247 -0.252220 0.200517 0.064701 0.048445 0.288268 -0.050245 0.460479 -0.163423 -0.141340 -0.218612 -0.207646 0.257724 -0.427132 0.569604 0.457468 -0.315780 -0.065900 0.068232 -0.391701 -0.092902 -0.335629 -0.209170 -0.227969 -0.096172 0.299131 -0.000614 -0.112635
governor -0.348961 0.001379 0.585697 -0.420737 0.191120 -0.398673 -0.719692 0.278041 -0.555872 -0.221804 -0.203162 0.398307 -0.294089 -0.410779 0.542696 0.294222 -0.225089 0.642427 0.645943 0.331696 0.008965 -0.443403 0.201433 0.007211 0.691674 0.093019 0.441834 -0.153962 -0.092543 0.234931 -0.622969 0.587915 -0.602097 -0.645687 0.453919 0.075944 0.489029 0.873951 -0.169379 0.014132 0.131320 -0.391528 -0.072542 -1.074333 -0.383354 -0.407256 0.006031 0.327841 0.070051 0.283240
grass -0.389243 0.038341 0.738650 -0.315230 0.101802 -0.279771 0.192718 0.104339 -0.245503 0.013158 0.369240 0.382655 -0.435479 -0.517835 0.430174 0.376292 -0.147070 0.366775 0.355613 0.385046 -0.216756 -0.163517 -0.377275 -0.405469 0.216517 -0.272460 0.484026 -0.015246 -0.019495 0.432212 -0.110782 0.209798 -0.211653 -0.251382 0.131543 -0.306348 0.166190 0.660337 -0.272053 -0.233946 -0.264252 -0.283456 -0.322116 -0.321539 -0.046832 -0.405040 0.153878 0.372091 -0.091204 -0.072102
gray -0.389958 -0.235866 0.684785 -0.094051 0.325075 0.035999 -0.127534 0.061194 -0.075925 -0.223409 0.084702 0.558603 -0.195768 -0.495189 0.200482 0.531653 -0.113402 0.168065 0.165044 0.072363 0.358458 -0.567213 0.033125 -0.344980 0.304243 -0.426271 0.162029 -0.161444 0.229514 0.292316 -0.086420 0.170653 -0.043222 -0.103298 -0.360803 0.060562 -0.107917 0.734273 -0.399722 0.217559 -0.318886 -0.146903 -0.485785 -0.594203 0.076218 -0.179294 0.438122 0.320565 0.267141 -0.371101
great -0.678535 0.292901 0.299785 0.290822 -0.013633 -0.191709 0.931981 0.001164 -0.521522 -0.192165 0.686554 -0.072624 -0.294043 -0.123034 0.076791 0.326614 -0.001268 -0.151682 0.116713 0.455805 0.071509 -0.044594 -0.162167 -0.071901 0.294931 -0.874876 0.135690 -0.334992 -0.061995 0.030402 -0.195343 0.319431 0.306943 0.011367 -0.310065 -0.396938 -0.160826 0.026188 -0.711468 -0.443530 -0.069567 -0.381352 -0.280579 0.137174 0.357490 -0.272203 0.010679 -0.065256 -0.069319 -0.155443
greater -0.181617 0.096094 0.242392 0.259618 -0.024630 0.207340 0.094964 -0.258417 -0.208642 0.015193 0.129791 -0.187175 -0.058245 -0.130337 -0.113494 0.369571 0.022768 0.072013 0.150214 0.040358 0.196769 -0.365863 0.049152 0.082037 0.377027 -0.416085 0.194049 -0.187150 0.057316 0.014546 0.044307 0.066811 -0.162344 -0.174511 -0.364908 -0.001762 -0.098052 -0.075607 -0.338561 0.019458 -0.157029 -0.068809 -0.429361 -0.068200 0.063897 -0.006836 -0.001600 0.292556 0.027936 -0.127219
green -0.142645 0.112897 0.331997 0.186578 0.012064 0.057185 0.455979 -0.320962 -0.165619 0.023411 0.291457 0.033173 -0.153874 -0.273627 0.085097 0.294529 0.100029 0.326283 0.067599 0.308318 -0.048533 -0.220872 -0.151366 0.066258 0.173283 -0.542289 0.300164 -0.369319 -0.067219 0.210004 -0.112557 -0.040059 -0.233771 -0.267047 0.131286 -0.093016 0.186426 0.142747 -0.162434 -0.194014 -0.170196 -0.057836 -0.231794 -0.014525 0.045867 -0.082965 0.097729 0.141778 -0.181350 -0.143893
grew -0.222121 -0.270256 0.898687 -0.347459 0.206341 -0.535804 0.126993 -0.162631 -0.274209 0.062753 0.171091 0.140773 -0.208506 -0.208314 0.667049 0.380938 -0.447199 0.219871 0.411452 0.218052 0.007561 -0.025636 -0.202548 -0.289706 0.025694 -0.173161 0.136453 0.147580 0.367142 0.375459 -0.275580 0.118557 -0.269458 -0.116635 0.072945 -0.511630 0.434431 0.481269 -0.355954 -0.155085 -0.240925 -0.234919 -0.137302 -0.169858 0.074359 -0.361160 -0.036328 0.130360 -0.295292 -0.366702
grip -0.595350 0.200783 0.855829 -0.145589 -0.047275 -0.250417 0.208772 -0.088061 -0.209922 0.066425 0.731482 0.275826 -0.547524 -0.778929 0.341712 0.238787 -0.652649 0.576437 0.170393 -0.231230 -0.219274 0.037211 -0.216838 -0.681229 0.436034 -0.290875 0.612787 0.106875 0.151865 0.514221 -0.126963 0.311082 -0.364282 -0.476990 0.100175 -0.500300 0.107370 0.785875 -0.713216 0.083660 -0.004380 -0.334179 -0.787952 -0.257863 -0.235592 -0.564311 0.114527 0.661188 -0.108750 -0.194135
gripsack -0.233522 -0.025564 0.607846 0.026546 0.065414 -0.229082 0.272030 -0.129454 -0.297222 -0.015261 0.389121 0.041942 -0.530861 -0.382663 0.505920 0.178304 -0.396297 0.373561 0.229884 0.066993 -0.168883 -0.065565 -0.262472 -0.295400 0.087030 -0.195075 0.320454 0.282781 0.173450 0.428445 -0.093750 -0.033598 -0.262650 -0.444442 0.304420 -0.622594 0.595179 0.301387 -0.565929 -0.154298 -0.177763 -0.467948 -0.273660 -0.077852 -0.026761 -0.189190 -0.316297 0.458017 -0.212654 -0.157010
ground -0.003298 -0.028411 0.650654 0.091171 0.258607 0.046469 0.361161 -0.233606 -0.286242 0.004437 0.278854 -0.068597 -0.339842 -0.420481 0.483370 0.185970 -0.105333 0.355476 0.128119 0.016058 0.106794 -0.283031 -0.349612 -0.353505 0.175739 -0.157617 0.201721 0.273968 0.129718 0.641513 -0.006886 -0.261191 -0.169966 -0.122178 0.166597 -0.542744 0.490423 0.144351 -0.364666 -0.110718 -0.101651 -0.370661 -0.333020 0.092539 -0.194901 -0.174629 -0.204372 0.473274 -0.119427 -0.307469
group -0.280526 0.118976 0.396650 0.027710 0.138434 -0.076896 0.288556 -0.140613 -0.243747 -0.084894 0.466225 -0.080904 -0.287305 -0.155764 0.190501 0.250495 -0.070666 0.281864 0.029622 0.152449 -0.132782 -0.253000 -0.044100 -0.122155 0.196196 -0.340875 0.226340 0.062086 -0.136563 0.246622 0.000514 0.069540 -0.126929 -0.219560 -0.030408 -0.242975 0.085771 0.184222 -0.489769 -0.193031 -0.163641 -0.244405 -0.364601 -0.208165 0.131486 -0.178688 -0.023207 0.240910 -0.043271 -0.045420
growing -0.209905 -0.142752 0.537703 -0.065628 0.098042 -0.185482 -0.170657 0.117758 -0.199782 -0.178481 0.080021 0.122889 -0.123599 -0.190526 0.179824 0.147803 -0.127818 0.144801 0.060098 0.074390 0.199333 -0.161538 0.094649 -0.145681 0.224247 -0.056190 0.186173 -0.113127 -0.099545 0.223539 -0.188413 0.166481 -0.127354 -0.039709 -0.013028 -0.162911 0.058578 0.439909 -0.218413 0.061046 0.083065 -0.013518 -0.238159 -0.341189 0.018701 -0.310645 0.071358 0.058406 0.058166 -0.189261
grown -0.062515 0.001274 0.124289 0.392611 0.194821 0.356640 0.230272 -0.234432 -0.212956 -0.002777 0.015584 0.081508 0.085795 -0.216807 0.015475 0.207181 0.057152 -0.082884 -0.052884 0.032892 0.196639 -0.245821 -0.059138 -0.039337 0.142742 -0.449888 -0.028581 -0.177789 0.189539 0.204787 -0.004897 -0.203378 -0.096603 -0.039501 -0.329109 -0.122052 0.064697 -0.043101 -0.259835 0.075861 0.022501 -0.075844 -0.282633 0.072923 -0.041807 0.104127 -0.038306 0.187789 0.179883 -0.341414
grub -0.343300 -0.033845 0.332312 0.068584 -0.004677 -0.007351 -0.168590 -0.115297 -0.200479 0.082509 -0.012343 0.021376 -0.135193 -0.072759 0.055697 0.240289 -0.286796 0.028203 0.037374 0.097787 -0.005972 -0.164368 0.015856 -0.058162 0.188325 -0.106342 0.099909 0.081500 0.082787 0.170397 -0.078144 0.121622 -0.189078 -0.248724 -0.204945 -0.278048 0.013482 0.246432 -0.283390 0.071686 -0.086246 0.005492 -0.253226 -0.317337 0.070729 -0.054664 -0.107401 0.142139 0.001919 -0.136892
guess -0.365459 0.074222 0.407382 0.196858 0.691149 -0.456269 1.276994 -0.458219 -0.505236 -0.151260 0.582709 -0.129121 0.145796 -0.099762 0.851467 -0.430886 -0.777517 -0.110732 -0.585943 -0.014020 -0.060359 -0.064899 -0.039984 -0.329380 -0.155031 -0.024414 -0.624256 0.282551 0.027603 0.786717 -0.524998 -0.367873 0.030797 0.367753 -0.174989 -0.709655 0.300660 -0.403281 -0.926727 -0.302968 0.300274 -0.522184 -0.104047 0.246974 -0.030827 -0.106503 -0.581324 -0.342515 -0.372508 -0.202637
gutenberg -0.635283 1.113741 1.870610 -0.197866 0.859965 0.314988 1.632453 -0.875414 -1.360338 -0.141766 0.061333 0.237051 0.400085 -1.372774 1.326984 0.947900 0.842843 -0.083140 -0.297013 2.074395 -0.255944 -0.576193 -0.241229 0.417022 0.990883 -1.848162 -0.633270 -0.907231 -2.049103 0.621213 -0.281028 -0.300376 0.924674 0.594234 -0.657189 0.159779 -0.132772 2.206654 0.744601 -1.348500 0.653241 -0.302629 -1.488905 -0.906399 0.083353 -0.061444 2.054686 0.305696 1.146826 -0.306434
had -1.082362 -0.128974 0.825181 -1.841508 0.099433 -0.671123 -0.350271 -0.909005 -0.259362 -0.311930 0.433878 0.455607 0.172662 -0.139265 -0.274115 0.810925 -0.814771 0.264492 1.562619 -1.005820 -1.020305 1.173332 -1.152179 0.390495 -1.092053 -0.416615 -0.616819 1.191890 0.271252 0.411425 1.885910 -0.365711 -1.059483 -1.637616 -0.040765 -0.330160 0.038454 -0.490005 -2.408114 -0.297825 -1.262917 -0.419575 0.211305 0.408947 0.478380 1.323496 -0.625475 0.081744 0.612991 -0.806810
hadn -0.356699 0.244648 0.000009 0.124418 0.037120 0.144718 -0.155669 0.057475 -0.160190 -0.163414 -0.175107 0.009076 -0.080971 -0.066721 -0.082763 0.059052 -0.048603 0.034439 0.012003 0.170487 -0.018824 -0.212072 0.057129 0.241022 0.125047 0.030163 0.028625 0.041609 -0.248376 0.108190 -0.063193 -0.034913 -0.071136 -0.233882 0.177107 -0.110212 0.019448 -0.012179 -0.175327 -0.029152 0.163388 -0.067947 -0.085501 -0.269415 -0.099272 0.113490 0.015034 -0.010235 0.180141 0.055324
hair -0.204150 -0.138196 0.520930 0.305551 0.111825 0.175388 0.171908 -0.065973 -0.155047 -0.217728 0.541834 0.070072 0.028699 -0.369006 0.085061 0.066866 -0.135917 0.196325 -0.099130 -0.215428 0.124758 -0.298992 0.183401 -0.371635 0.436823 -0.394102 0.293064 -0.218500 -0.045354 0.329489 0.052417 0.141960 -0.207786 -0.194305 -0.342908 -0.133676 0.137162 0.332729 -0.542052 0.299961 0.292674 -0.089869 -0.496897 -0.063926 -0.090064 -0.406999 0.051584 0.243163 0.203823 -0.374915
hairy -0.247946 -0.078837 0.224910 0.185237 0.027416 0.070133 -0.027885 -0.037480 -0.020892 0.156559 0.125883 0.055420 -0.009581 -0.093885 0.051304 0.252410 -0.263585 -0.160352 -0.072271 0.029694 0.159206 -0.165066 -0.019815 -0.215855 0.074000 -0.226206 0.012019 0.023656 0.374911 0.100511 -0.147690 0.164110 -0.061931 -0.104891 -0.452032 -0.216271 -0.123954 0.203325 -0.242099 0.155263 -0.176536 0.022907 -0.219003 -0.112146 0.175221 -0.084571 -0.036703 0.112740 0.022856 -0.270993
half -0.635228 0.066108 0.395117 0.363131 -0.156974 -0.224829 0.310690 0.127793 -0.275304 0.036332 0.802997 0.076210 -0.133327 -0.227668 0.295359 0.160568 -0.352730 -0.390680 -0.346092 0.338685 0.345616 -0.233514 -0.064544 -0.346677 0.198909 -0.315920 0.103443 0.156616 0.173895 0.194917 -0.425276 0.613592 0.345974 -0.225590 -0.568167 -0.404460 -0.357404 0.294769 -0.779720 -0.239632 -0.277275 -0.059513 -0.218473 -0.308245 0.575292 -0.392953 -0.387874 0.032391 -0.047082 -0.104403
hand -0.617128 0.554835 0.529854 -0.318133 0.061342 -0.437518 1.030552 -0.487430 -0.257608 -0.407961 1.314258 -0.038746 -0.297976 -0.666740 0.458810 0.091267 -0.924590 0.562746 0.195555 -0.766613 -0.005969 -0.050572 -0.337983 -1.237927 0.025737 -0.554151 0.139303 0.060682 0.718119 0.684623 -0.194687 0.194506 -0.770089 -0.492696 0.298561 -0.324629 0.481535 0.132671 -0.792175 0.698653 0.216063 -0.597641 -0.312015 0.498771 0.057144 -0.428306 0.217926 0.356509 -0.236051 -0.360354
handful -0.262766 0.176441 0.219798 0.230646 0.042955 0.141431 0.358189 -0.157330 -0.280702 -0.026726 0.248696 -0.160637 -0.159043 0.006953 -0.022472 0.316401 0.065200 0.008463 0.021920 0.269361 0.007952 -0.251558 -0.048694 0.097394 0.214404 -0.412344 0.153225 -0.131644 -0.064121 0.078282 0.031952 0.054809 -0.020118 -0.069308 -0.204341 -0.217732 -0.114485 -0.100846 -0.325329 -0.137920 -0.135306 -0.049437 -0.324886 -0.029806 0.141795 -0.038387 0.002585 0.125589 -0.022413 -0.082692
handkerchief -0.108500 -0.259862 0.648391 -0.274069 -0.114773 -0.173340 0.040738 0.041881 -0.247453 -0.101228 0.269810 -0.222719 -0.045637 -0.095356 -0.130738 0.629767 0.314274 0.610363 0.586956 0.127383 0.530742 -0.044694 0.132652 0.080896 0.677502 -0.570499 0.734103 -0.910422 0.236441 -0.051596 -0.201681 0.691843 -0.585459 -0.208789 -0.191131 -0.305219 0.235488 0.398616 -0.057210 0.067551 0.284870 -0.050198 -0.601634 0.068668 -0.439644 -0.586818 -0.042743 0.244175 -0.039664 -0.256994
hands -0.398559 0.547349 0.739078 -0.406462 0.383286 -0.217570 0.210062 -0.234615 -0.760713 -0.159991 0.511987 0.134407 -0.103896 -0.350307 1.146702 0.391279 -0.662705 -0.168759 0.487489 -0.633067 0.746343 -0.309162 0.279196 -0.661899 0.697862 0.360366 -0.197861 0.209896 0.479866 0.397504 0.071461 0.035850 -0.248331 0.206715 -0.125464 0.399699 0.090774 0.278843 -0.335932 0.650019 0.189000 -0.496882 -0.521199 -0.450199 -0.206459 -0.323892 0.727235 0.648127 0.213171 0.283465
happen -0.196173 0.620941 -0.009310 0.723704 0.119479 0.574982 0.474178 -0.502042 -0.472757 0.255796 0.148052 -0.334448 -0.165085 -0.443168 0.280093 0.071852 -0.174174 0.046849 -0.114670 -0.000621 0.230960 -0.328894 -0.311563 0.127828 0.232569 -0.301389 -0.096971 0.118194 0.058932 0.596878 -0.231789 -0.860385 -0.168712 -0.193635 0.080417 -0.442898 0.518448 -0.356489 -0.259618 -0.064294 -0.136020 -0.510281 -0.289228 0.217848 -0.134153 0.404088 -0.375259 0.569038 0.031890 -0.080742
happened -0.443130 0.133364 0.189031 0.216955 0.211933 0.048381 0.047657 0.054009 -0.356958 -0.129337 -0.190789 0.007508 -0.112589 -0.217432 0.237777 -0.002310 -0.200818 0.115989 -0.039743 0.226540 0.076923 -0.343477 -0.054850 0.030937 0.131694 -0.053205 0.079969 0.073065 -0.134537 0.429619 -0.241439 -0.183145 -0.083083 -0.157616 0.204083 -0.495802 0.325932 -0.128025 -0.476930 -0.133348 0.288316 -0.264301 -0.044142 -0.211113 -0.232975 -0.022404 -0.188788 0.043301 0.120166 -0.131934
happy -0.199345 -0.141963 0.212184 -0.086614 0.039458 -0.189865 -0.074610 0.045760 -0.069080 -0.086073 0.005891 0.107106 -0.064889 -0.248820 0.108371 -0.084600 -0.257598 0.161098 -0.048232 -0.077890 -0.072158 -0.072231 -0.069845 -0.274642 0.013512 -0.123354 0.113042 0.186300 0.004194 0.187783 -0.121325 0.062949 -0.120020 -0.144210 -0.039537 -0.264308 0.219382 0.177885 -0.404033 0.040094 0.118443 -0.203339 -0.073159 -0.114992 -0.062012 -0.187198 -0.203807 0.120446 0.028081 -0.229260
hard -0.410196 0.191297 0.346935 0.157220 0.176194 0.011648 0.145160 -0.370272 -0.405380 -0.060183 0.041700 -0.229197 -0.111516 0.056851 0.333977 0.162970 -0.283307 0.004940 0.006197 0.061106 0.117600 -0.190264 0.114193 0.118450 0.143938 -0.203093 -0.173191 0.172133 -0.071288 0.283589 -0.223750 -0.167297 -0.063252 -0.207657 -0.073053 -0.478945 0.344062 0.216579 -0.228904 0.042132 0.049129 -0.187061 -0.234491 -0.210518 0.144378 0.059519 -0.021570 0.101680 -0.044831 -0.101450
harsh -0.265040 0.097081 0.070802 0.494240 0.081918 0.377723 0.076608 -0.234053 -0.234178 0.010180 0.145089 -0.156843 -0.060625 -0.160451 0.046784 0.107537 -0.311498 -0.012905 -0.055654 -0.160659 0.143772 -0.317546 0.028451 -0.063794 0.255986 -0.248642 -0.031436 0.108729 0.207161 0.210418 -0.029440 -0.176330 -0.161470 -0.222666 -0.373614 -0.321863 0.133627 -0.132567 -0.455684 0.250348 -0.039567 -0.209863 -0.355264 -0.015347 -0.028496 0.116266 -0.215513 0.317021 0.169984 -0.181398
has -0.517413 0.492375 0.726685 -0.752372 -0.063905 -0.727914 -0.440362 -0.448179 -0.687452 -0.020450 -0.115133 0.076145 -0.234099 -0.061370 0.481001 0.410514 -0.642377 0.083097 0.437963 -0.203455 -0.468925 0.231059 -0.539916 -0.058115 -0.361949 0.196530 -0.442129 1.006173 -0.204480 0.256079 0.139054 -0.183284 -0.196227 -0.548054 0.810827 -0.395855 0.177469 0.120397 -0.831984 -0.206492 -0.457041 -0.280108 0.397861 -0.538258 0.579837 0.420360 -0.088790 -0.166169 -0.070013 -0.390434
hast -0.160840 0.143014 0.233923 0.194612 0.030428 -0.098874 0.067555 -0.130083 -0.349980 -0.248167 0.046473 -0.274061 -0.077920 0.017548 0.079476 0.127538 -0.167985 0.094476 0.119242 -0.075409 0.302939 -0.395841 0.000406 0.060219 0.245653 -0.131895 -0.019589 0.087310 0.014295 0.016554 -0.366988 0.178939 -0.043871 -0.080506 0.050516 -0.140539 0.034544 -0.146238 -0.445379 0.093051 0.001078 -0.189408 -0.051182 -0.043638 0.149256 -0.059206 -0.162084 -0.046149 -0.094359 -0.184856
hatch 0.042419 -0.066534 0.482922 -0.583253 0.313466 -0.445847 0.176146 -0.024185 -0.142661 -0.200254 0.122492 0.448393 0.014842 -0.260826 0.464392 0.231321 -0.019817 0.187840 0.364501 0.019749 -0.015109 0.027400 -0.150961 -0.226650 -0.011935 -0.067955 -0.020840 -0.096315 0.038658 0.112293 -0.027852 0.083598 -0.029388 0.075381 0.248758 0.245579 0.073436 0.439312 -0.040267 -0.064218 -0.127700 -0.180408 0.032443 -0.206969 0.010948 -0.196353 0.412041 -0.028248 -0.081275 -0.098142
have -1.044870 0.689517 0.201398 0.254268 0.877031 0.157399 0.195628 -0.533550 -0.875102 -0.449255 -0.601890 0.328383 -0.526384 -0.499637 0.427818 0.275656 -1.312869 0.447932 0.577836 -0.039825 -0.852697 -0.760367 -0.753450 0.450161 -0.237140 0.291241 -0.665078 1.030708 0.050304 0.569673 0.088500 -0.389498 -0.300225 -1.413500 0.902625 -0.304510 0.245851 -1.244861 -1.721747 -0.246334 -0.526851 -1.240887 -0.143377 -0.637907 -0.031710 1.480623 -0.648700 -0.210232 0.420452 0.066821
having -0.236132 0.077141 0.173793 0.013087 0.171896 0.110284 0.134133 -0.281147 -0.294983 -0.014043 -0.032342 -0.038272 -0.071822 -0.157618 0.123878 0.053642 -0.233436 0.083431 0.123639 -0.087552 0.010935 -0.032496 -0.040910 -0.101242 0.132263 -0.247555 -0.099965 0.079373 0.062037 0.241041 -0.013161 -0.156106 -0.212713 -0.128544 -0.086227 -0.225617 0.206549 0.065052 -0.243849 0.069614 0.004436 -0.251575 -0.219132 -0.034630 -0.079084 0.083184 -0.076575 0.198928 0.103742 -0.188278
he -1.026552 0.602558 -0.775330 0.137727 0.175770 0.535202 -0.715522 0.247295 -0.815269 0.595166 -0.592096 -0.428551 -0.341045 0.132497 -0.213881 0.134895 -0.481034 0.718189 1.822706 0.105330 -0.451523 -0.863311 0.217550 0.364486 1.247673 -0.613091 0.519520 -0.138617 1.354989 -0.959589 0.075253 1.535987 -1.238074 -2.326883 -0.542214 0.225119 1.040634 -0.774864 -0.302705 0.141143 0.931221 -1.173826 -0.073524 -0.728923 -0.958846 0.198812 -0.225618 0.466354 1.237477 0.311369
head -0.223383 0.421233 0.760191 0.485088 0.058947 0.013860 0.149148 -0.465054 -0.296521 -0.001043 1.169641 0.274738 -0.381565 -0.356403 0.666305 -0.103057 -0.216692 0.191344 0.064038 -0.632255 0.629900 -0.475578 0.517997 -0.301751 0.566391 -0.123906 -0.119495 -0.138188 0.690656 0.537185 -0.285012 0.621507 -0.895107 -0.716995 0.268235 0.421410 0.518627 0.702538 -0.814714 0.302796 0.799787 -0.099204 -0.086404 -0.281675 -0.230183 -0.419110 0.222863 0.140540 -0.081922 -0.429443
heads -0.097983 0.227461 0.490617 0.026428 0.239289 0.115268 0.102225 -0.227965 -0.389475 0.093133 0.235403 0.017246 -0.088895 -0.250548 0.169160 0.412714 -0.137195 0.172610 0.060795 -0.099570 0.061813 -0.056729 0.085893 -0.212472 0.356791 -0.349305 -0.021102 0.024454 0.028000 0.041024 0.098749 -0.076554 -0.139683 -0.082749 -0.226962 0.009785 -0.081985 0.399943 -0.360432 0.075791 -0.157515 -0.213984 -0.552627 -0.366971 0.091772 -0.096381 0.288973 0.349581 0.220385 -0.246657
heap -0.200130 0.149460 0.334491 0.137574 0.107050 0.083982 0.232999 -0.192167 -0.265212 0.061962 0.328757 -0.018258 -0.209112 -0.228547 0.200101 0.299640 -0.105391 0.169338 0.067581 0.076032 -0.053507 -0.170225 -0.107627 -0.114512 0.194924 -0.293069 0.119747 0.026804 0.003564 0.246446 -0.001246 -0.091240 -0.115363 -0.185516 -0.093611 -0.234561 0.120228 0.172360 -0.329368 -0.052900 -0.195490 -0.245038 -0.390028 -0.107528 0.011194 -0.056418 -0.024481 0.343311 -0.001738 -0.083489
hear -0.362788 0.413515 0.212024 0.295690 0.059291 0.096749 0.063046 -0.175083 -0.570442 -0.177852 -0.079526 -0.063191 -0.173158 -0.259295 0.259497 0.141900 -0.135981 0.076635 0.116577 0.146553 0.217572 -0.344973 -0.008398 0.185364 0.280801 -0.250296 -0.027496 -0.094172 -0.197454 0.233541 -0.303582 -0.192454 -0.139080 -0.233064 0.339765 -0.101710 0.387734 -0.036144 -0.208953 -0.050457 0.186878 -0.350435 -0.101671 -0.352578 -0.000131 0.143174 0.014987 0.134388 0.144674 -0.031751
heard -0.679333 -0.255039 0.584779 -0.216491 0.582150 -0.791059 0.443553 -0.207417 -0.791974 -0.281756 0.521565 0.331756 0.013703 0.066631 0.742929 -0.292733 -0.681912 -0.129251 -0.392234 0.128494 -0.383396 0.108551 0.344905 -0.189746 -0.055529 -0.079216 -0.461568 0.025938 -0.577189 0.514053 -0.301959 -0.058338 -0.052305 0.055530 -0.196189 -0.334418 0.212953 0.288406 -0.928006 -0.331688 0.205784 -0.404730 0.045183 -0.774317 0.282456 -0.319263 -0.353697 -0.456029 -0.069785 -0.055766
heart -0.420413 0.065003 0.566067 0.220574 0.219599 -0.149388 0.124417 -0.086413 -0.304225 -0.303511 0.454245 0.251974 -0.374044 -0.396001 0.417502 -0.021722 -0.559547 0.198313 -0.080256 -0.061342 -0.101746 -0.281498 0.248041 -0.332729 0.162100 -0.130757 0.179520 0.007306 -0.051361 0.456096 -0.184651 0.071268 -0.461727 -0.401888 0.250999 -0.156802 0.347393 0.397511 -0.806964 0.081090 0.288060 -0.318001 -0.383684 -0.461123 -0.005478 -0.208063 -0.007437 0.181403 0.034284 -0.033114
heathen -0.293969 0.024034 0.691347 -0.358720 0.264562 -0.442019 0.139303 0.113778 -0.254715 -0.287021 0.179798 0.351595 -0.486638 -0.257540 0.441245 0.032131 -0.165805 0.363795 0.253263 0.330210 -0.244911 -0.196821 -0.138129 -0.098915 0.178470 0.055321 0.229831 0.104683 -0.300569 0.373231 -0.197684 0.273136 -0.061502 -0.161382 0.505524 -0.202631 0.198103 0.521906 -0.315332 -0.347758 0.058434 -0.259085 -0.141848 -0.484477 -0.071745 -0.259421 0.147876 -0.032489 -0.157640 0.052037
heavily -0.104393 -0.089256 0.245500 -0.106351 0.168784 -0.046529 0.080718 -0.183665 -0.233915 0.185827 0.089249 0.105330 0.086754 -0.205598 0.272726 0.098708 -0.251757 -0.057347 0.119828 -0.176082 0.063278 0.074275 -0.054574 -0.288482 0.101642 -0.168137 -0.157351 0.049112 0.295395 0.123274 0.016668 -0.090773 -0.161967 -0.041959 -0.339270 -0.067700 0.191305 0.194621 -0.210725 0.129980 -0.063536 -0.290914 -0.188855 -0.029872 -0.088879 -0.149159 -0.037688 0.272397 0.047980 -0.227589
heavy -0.625003 -0.093139 0.411175 0.116816 0.030117 -0.080947 0.028139 0.034071 -0.027005 0.064595 0.470473 0.440552 -0.192195 -0.476986 0.047366 0.520954 -0.533102 0.289934 -0.034184 0.109484 -0.218784 -0.251919 -0.005888 -0.522737 0.271312 -0.575562 0.455979 -0.192181 0.334917 0.136476 -0.146282 0.532044 -0.406901 -0.608914 -0.444335 -0.105635 -0.133724 0.709111 -0.608651 0.305571 -0.284114 -0.145967 -0.522660 -0.572230 0.265258 -0.403321 0.138836 0.295378 0.050494 -0.141287
heels -0.353968 0.086952 0.615597 0.006290 0.205973 -0.047709 0.389088 -0.288569 -0.395353 -0.168244 0.474157 0.053482 -0.318713 -0.397844 0.469179 0.180387 -0.183964 0.135419 0.122198 -0.181790 0.202982 -0.325358 -0.188631 -0.459561 0.300891 -0.242600 0.176630 0.115556 0.088072 0.593171 0.058198 0.018932 -0.170692 -0.054210 -0.072404 -0.332717 0.233288 0.160525 -0.568944 0.093820 0.089185 -0.298474 -0.423845 -0.067268 -0.135431 -0.325165 0.012004 0.439173 0.004195 -0.207284
held -0.080018 -0.151985 0.486305 -0.224485 0.345889 -0.337191 0.356081 -0.318313 -0.554397 0.147350 0.275861 -0.312238 0.295583 -0.095028 0.551224 0.210071 -0.285416 -0.016650 0.220517 -0.308387 0.250284 0.235580 -0.129172 -0.378591 0.057474 -0.272462 -0.332030 0.103009 0.241229 0.259884 -0.026305 -0.355417 -0.099035 0.222900 -0.333303 -0.363125 0.481216 -0.074513 -0.353465 -0.028742 0.009349 -0.535263 -0.125262 0.293326 0.023522 -0.372112 -0.172274 0.156762 -0.046196 -0.483111
help -0.539972 0.407632 0.366385 0.145464 0.022554 0.016057 -0.153914 -0.184806 -0.484455 -0.043522 -0.161685 -0.138679 0.012759 -0.034028 0.226617 0.134760 -0.311116 -0.184821 -0.133820 0.066177 0.154624 -0.172508 0.017297 0.120664 0.189282 0.054673 -0.262610 0.341595 -0.222669 0.293488 -0.230188 -0.097056 0.068147 -0.124930 0.102650 -0.435478 0.008279 0.128120 -0.320261 0.023113 0.209860 -0.006233 -0.093266 -0.394396 0.099039 0.116632 -0.032258 -0.025083 0.135446 -0.194501
helpless -0.279182 0.063754 0.201305 0.176565 0.173033 0.131303 -0.096374 0.038828 -0.189941 -0.078557 0.050638 0.188602 -0.017042 -0.333647 0.108883 0.164777 -0.272474 0.033286 -0.044281 -0.092650 0.085479 -0.209590 -0.044413 -0.214337 0.175432 -0.136208 -0.002664 0.021912 0.015173 0.291656 -0.138633 -0.130349 0.006916 -0.105947 -0.171107 -0.205179 0.032940 0.274370 -0.255708 0.188860 -0.038825 -0.224354 -0.323892 -0.238102 -0.001492 -0.037218 -0.000425 0.236883 0.207113 -0.097077
her 0.427010 -0.301475 0.235853 0.176958 0.351088 0.165702 -0.122570 -0.507603 0.320486 0.430489 -0.011140 -0.063872 0.437839 -0.898002 0.161577 0.574725 -0.191628 0.428445 0.046475 -0.635936 0.701425 -0.889310 -0.049626 -0.160598 0.487100 -0.089896 0.134340 0.121849 1.172477 0.261916 -0.240141 -0.196905 -0.239396 -0.100479 -0.925702 0.570093 -0.141196 -0.499282 -0.859138 0.335283 -0.749095 -0.810335 -0.878306 0.417059 -0.363660 0.041436 -0.584143 1.298111 -0.357385 -0.033698
here -0.489336 -0.055034 0.497409 0.251366 0.021343 -0.096131 -0.183074 0.053814 -0.096631 -0.344440 0.001513 -0.409497 0.136135 0.056349 0.089204 0.209390 -0.493105 -0.029013 -0.347772 -0.022758 0.242415 -0.402667 0.087641 -0.225402 0.079297 0.168758 0.036522 0.443378 -0.085936 0.525312 -0.383749 0.089434 -0.054019 0.026608 -0.283648 -1.079341 0.021077 0.102135 -0.576595 0.322888 0.250107 0.165622 -0.463397 0.046559 0.099009 -0.277623 -0.448780 -0.016540 -0.209971 -0.275356
herself -0.079496 0.001197 0.118251 0.113246 0.071578 0.117750 0.160352 -0.220218 -0.127680 -0.061493 0.148543 -0.160607 -0.092082 0.014496 0.080746 0.089660 -0.062912 -0.103445 0.056335 -0.146977 0.173350 -0.226175 -0.003669 -0.042290 0.148493 -0.072142 -0.073372 0.180808 0.197337 0.147443 0.064186 -0.027365 -0.017935 0.066570 -0.301802 -0.138271 -0.056495 -0.155630 -0.307130 0.078244 -0.116436 -0.081424 -0.159425 0.140796 0.014718 0.056575 -0.145491 0.195908 -0.060894 -0.111169
hide -0.172171 0.005274 0.196567 -0.031733 0.165816 -0.071429 -0.023471 -0.061297 -0.199153 0.045712 -0.060081 0.156546 -0.056288 -0.102621 0.271463 0.019427 -0.163622 -0.023136 0.107892 0.044623 -0.050046 0.004718 -0.004651 0.023939 -0.014731 0.019091 -0.141829 0.073211 0.017089 0.158211 -0.044968 -0.130665 -0.053088 -0.163371 0.135310 -0.099056 0.261961 0.060978 -0.183151 -0.100330 0.070433 -0.210061 0.044968 -0.168946 -0.094810 0.053592 -0.016180 -0.029160 0.027958 -0.093773
higgins -0.109894 0.019500 0.190765 -0.062454 0.061276 -0.028261 0.028731 -0.189959 -0.268615 0.061373 -0.073257 -0.089082 0.140276 -0.068578 0.130454 0.315212 -0.014077 0.031850 0.254677 0.096776 0.166772 -0.095258 0.002306 0.109953 0.195445 -0.192512 -0.063187 -0.171696 0.060577 -0.021693 -0.097493 0.016084 -0.100350 -0.049822 -0.161865 0.031241 0.116678 0.009747 0.005076 0.012006 -0.037575 -0.157166 -0.142190 -0.043245 -0.076538 -0.060074 0.091076 0.107030 0.000590 -0.058312
high -0.297064 -0.335006 0.452214 -0.246782 0.258089 -0.222629 -0.001460 0.051297 -0.240743 -0.055918 -0.061209 0.404382 0.377721 -0.501418 0.356133 0.218182 -0.289125 -0.087709 -0.004207 -0.143757 0.261089 -0.185408 -0.140385 -0.547169 0.041145 -0.364746 -0.076273 -0.089389 0.169487 0.203316 -0.039702 -0.015123 0.085313 0.133912 -0.485798 -0.052733 0.113504 0.323139 -0.458790 0.271157 0.109192 -0.291359 -0.216264 -0.166828 -0.123541 -0.446002 0.196786 0.178028 0.242322 -0.474337
hill -0.298696 0.144412 0.800391 -0.659815 0.231451 -0.566935 0.389294 -0.160497 -0.697480 0.073416 0.408449 0.290992 -0.062424 -0.597739 0.899387 0.357341 -0.182526 0.449016 0.738452 0.241534 0.065729 0.103473 -0.156219 -0.373001 0.466069 -0.382352 0.248659 -0.372730 0.004405 0.422840 -0.378052 0.049220 -0.447357 -0.195635 0.311270 0.028449 0.663171 0.815510 -0.039877 -0.152030 -0.088048 -0.586951 -0.082934 -0.253960 -0.302660 -0.598727 0.295490 0.406749 -0.210205 -0.013480
hillside -0.377751 -0.122749 0.779038 -0.174857 0.230696 -0.261828 0.175685 -0.031531 -0.353349 -0.187434 0.155222 0.309916 -0.269378 -0.549531 0.520790 0.212618 -0.321133 0.380311 0.340735 0.205907 -0.003878 -0.177878 -0.133953 -0.410487 0.242368 -0.343821 0.338435 -0.129799 0.023569 0.513406 -0.191026 0.062242 -0.378313 -0.278006 0.245962 -0.354056 0.538646 0.575652 -0.415193 -0.025923 0.157874 -0.381213 -0.294024 -0.261498 -0.210341 -0.422941 0.130119 0.268335 -0.001223 -0.322582
him -0.222549 0.653349 0.185987 0.667171 0.486378 0.616158 0.749636 0.064777 -0.594754 0.208445 0.203344 -0.335155 -0.308651 -0.898869 0.092531 -0.620895 -0.880270 0.477200 0.975471 -0.935323 0.006299 -0.435160 -0.053258 -0.590606 1.564221 0.436426 0.352691 0.180833 0.711891 0.014801 0.550123 -0.165113 -0.209821 -0.244137 -0.784910 -0.036981 0.246331 -0.517225 -1.519008 0.385668 -0.037909 -1.284166 -0.088656 0.209629 -0.968178 -0.119282 -0.092231 0.626517 0.145200 0.235788
himself -0.205768 0.313326 0.209448 0.230314 0.032684 0.412723 0.260864 -0.177041 -0.380212 0.272684 0.100057 -0.102711 -0.320982 -0.765484 0.383104 0.004776 -0.458087 0.258223 -0.008247 -0.314907 0.008147 -0.388673 -0.427866 -0.821802 0.460127 -0.182884 0.234101 0.755336 0.547766 0.601209 0.126173 -0.199852 -0.460146 -0.196397 -0.185795 -0.649774 0.413853 -0.156807 -0.757568 0.320742 0.049890 -0.494075 -0.265459 0.068360 -0.492090 -0.110712 -0.445525 0.949810 0.194345 -0.487519
his 0.314482 -1.132131 1.439159 0.624990 -0.803466 -0.349160 -1.078181 -0.051650 0.308606 1.836173 0.371944 -0.041143 0.828161 -1.321705 0.834448 1.478619 -0.921397 -0.509598 0.386120 -0.504789 1.202085 -1.060604 -0.697799 0.183949 0.490225 0.940405 1.084171 -0.130374 1.268840 -0.119620 0.935381 -0.070270 0.575768 -0.015211 -1.167343 0.826719 -0.408701 -2.538139 -1.924468 -0.290143 -0.724131 -0.402486 -1.457025 0.336509 -1.249678 -0.934133 -0.720675 1.902597 -0.556844 0.064145
ho -0.908304 0.629348 1.042052 -0.291250 0.369525 -0.203479 -0.338993 0.200067 -0.938374 -0.508122 -0.240506 -0.007494 0.628276 -0.662790 0.878491 0.100714 -0.085078 -0.464322 0.171025 -0.635690 0.573484 -1.239491 -0.240623 -0.588560 0.764847 0.851224 -0.782364 0.696341 -0.490038 0.781498 -0.428784 0.198655 0.333703 0.222086 -0.312088 0.179679 -0.422627 -0.418777 -1.356244 0.298498 0.731632 -0.753412 -0.766748 -0.173556 -0.964125 -0.304484 -0.151834 0.407336 -0.312671 0.059640
hold -0.105170 0.254058 0.279917 0.103774 0.274977 0.162243 -0.126453 -0.034632 -0.352306 0.009455 0.186318 0.241579 -0.196597 -0.368133 0.321719 0.259289 -0.132074 0.189066 0.156663 0.031232 -0.011070 -0.180381 0.011579 -0.098379 0.310267 -0.133837 0.041849 0.036478 -0.040325 0.263335 -0.076375 -0.246582 -0.150174 -0.223299 0.110727 0.002453 0.257606 0.407699 -0.116509 0.050713 -0.181036 -0.364740 -0.302365 -0.438086 -0.015885 0.004449 0.180446 0.361113 0.195999 0.063786
holding -0.001974 0.055193 0.232581 0.172480 0.123706 0.277866 0.359238 -0.207949 -0.117696 0.138554 0.316064 0.051111 -0.321378 -0.359236 0.240779 0.149537 -0.042426 0.152971 0.163632 -0.081856 0.051740 -0.087923 -0.285061 -0.314466 0.182948 -0.220878 0.180577 0.096284 0.318124 0.415751 0.107336 -0.263094 -0.158893 -0.059194 -0.094411 -0.344972 0.317543 0.128961 -0.095013 0.083248 -0.187223 -0.271223 -0.300945 0.229970 -0.226633 -0.068038 -0.077724 0.550039 -0.019593 -0.145220
hole -0.198358 0.025164 0.735436 -0.015200 0.077244 -0.383379 0.124409 -0.072214 -0.471904 -0.214469 0.492369 -0.005769 -0.450291 -0.426205 0.425031 0.325032 -0.325420 0.543933 0.310690 0.130520 -0.022199 -0.338781 -0.140633 -0.332202 0.373330 -0.354356 0.551564 0.056295 -0.032243 0.392210 -0.309645 0.156209 -0.358301 -0.357633 0.151666 -0.431222 0.443966 0.443286 -0.643125 -0.051164 -0.381668 -0.455304 -0.320820 -0.421200 0.243315 -0.397305 -0.292883 0.479851 -0.157314 -0.052960
holes -0.127118 -0.058061 0.321230 0.226662 0.166608 0.203114 0.093204 -0.223354 -0.235625 -0.175576 0.058031 -0.004339 0.026246 -0.140589 0.011095 0.286295 -0.011530 0.071274 0.097094 0.004650 0.326597 -0.369567 0.180665 0.108579 0.315209 -0.354591 0.044541 -0.237358 0.031056 0.070198 0.018099 -0.027301 -0.069117 -0.078966 -0.249879 0.028576 0.010109 -0.011890 -0.368105 0.085104 -0.008982 -0.094864 -0.393495 -0.176931 -0.021680 0.000649 0.128275 0.167154 0.168682 -0.236513
home -0.321700 -0.006217 0.513415 -0.099222 -0.020716 -0.315139 -0.032909 -0.070552 -0.272832 0.019075 0.090328 0.035135 -0.260804 -0.191845 0.258016 0.259807 -0.243178 0.235157 0.148425 0.082319 0.051128 -0.124807 -0.112323 -0.206187 0.085539 -0.190926 0.200409 0.047335 0.125452 0.217354 -0.186700 0.159792 -0.286185 -0.244746 0.090136 -0.264831 0.266406 0.391852 -0.366998 -0.043809 -0.009702 -0.180130 -0.153093 -0.269872 0.082785 -0.250338 -0.071033 0.181150 -0.166590 -0.162784
hope -0.245859 0.178795 0.183663 0.012723 0.220660 -0.216491 0.243852 -0.409476 -0.545783 0.148599 -0.101258 -0.198189 0.132779 0.029275 0.368443 0.057707 -0.245478 -0.064338 -0.055980 0.030216 -0.058333 -0.111652 -0.153308 0.071423 -0.060852 -0.184147 -0.327749 0.118784 -0.100813 0.221597 -0.247011 -0.363420 -0.135378 0.005623 -0.044141 -0.194211 0.250528 -0.192208 -0.296766 -0.154528 -0.003585 -0.257032 0.078222 -0.057520 0.145286 0.073205 -0.252208 -0.104311 -0.195685 -0.200744
horn -0.326037 0.033492 0.482121 -0.364652 0.140688 -0.450899 0.283943 0.080729 -0.257470 -0.197220 0.233052 0.106214 -0.482184 -0.098516 0.356858 0.111652 -0.205490 0.268415 0.335402 0.272090 -0.357940 0.050278 -0.204727 -0.162816 0.044287 -0.036340 0.244976 0.202192 -0.139464 0.142015 -0.044238 0.283749 0.048639 -0.105303 0.335451 -0.370588 0.134451 0.267297 -0.341635 -0.316715 -0.101438 -0.312236 -0.137651 -0.150426 0.001391 -0.232761 0.030146 0.044207 -0.231875 0.086835
horse -0.615102 0.126761 0.531414 0.170184 0.012697 -0.128716 0.244695 -0.091689 -0.309581 -0.101509 0.271484 0.136903 -0.063168 -0.511592 0.262883 0.217114 -0.547914 -0.051435 0.157795 -0.103064 0.323104 -0.163151 -0.153691 -0.380345 0.153678 -0.368346 0.081179 -0.143872 0.334890 0.340356 -0.254272 0.068874 -0.152589 -0.232401 -0.060438 -0.305398 0.199700 0.201361 -0.640730 0.211665 0.077367 -0.306944 -0.209125 0.031037 0.044511 -0.305299 0.082527 0.168405 -0.052637 -0.346158
horses -0.136731 0.009519 0.277104 0.258731 0.087598 0.104804 0.191099 -0.116760 -0.152652 0.007402 0.355336 0.088149 -0.235067 -0.207174 0.027859 0.258292 0.000623 0.199305 -0.035384 0.202852 -0.209423 -0.221606 -0.010635 -0.053059 0.164233 -0.372156 0.250588 -0.099321 -0.076244 0.142964 0.066125 0.040309 -0.108547 -0.288438 -0.079702 -0.141698 0.051922 0.189712 -0.428812 -0.141402 -0.171364 -0.181213 -0.385219 -0.200224 0.090731 -0.063061 -0.047216 0.230079 0.019723 -0.043620
hosses -0.262125 -0.050767 0.377468 -0.001194 0.163536 -0.096114 0.117341 -0.286259 -0.316744 -0.186024 -0.028153 -0.154184 0.065838 -0.042961 0.156301 0.086242 -0.149956 0.036941 -0.049473 -0.021746 0.035576 -0.190805 -0.032687 -0.044941 0.068005 -0.119094 -0.091019 0.155341 -0.206599 0.330177 0.025006 -0.174803 -0.058201 0.033262 -0.099222 -0.379589 0.171226 -0.118233 -0.477788 -0.030526 0.146661 -0.131197 -0.173098 -0.048186 -0.024027 -0.096128 -0.190966 0.003873 -0.036112 -0.253763
hot -0.351385 -0.030227 0.553935 -0.295860 -0.077052 -0.453821 0.023736 -0.070286 -0.171377 -0.117520 0.203811 -0.026830 -0.025156 -0.047681 0.167689 0.188746 -0.219157 0.016608 0.076995 0.071084 -0.033270 -0.006573 -0.107489 -0.201197 0.012049 -0.113293 0.065730 0.130556 -0.114288 0.188411 -0.115335 0.271629 0.022821 -0.044338 -0.003542 -0.350386 -0.050250 0.244436 -0.407715 -0.077010 -0.027299 -0.024572 -0.076547 -0.116068 0.229300 -0.303877 -0.009685 -0.062987 -0.197413 -0.242884
hour -0.432058 0.028690 0.709360 0.332739 0.010763 -0.068446 0.043690 0.173155 -0.344937 0.005939 0.278200 0.136221 -0.153845 -0.116057 0.531843 -0.238015 -0.421673 -0.504899 -0.202467 0.522599 0.360675 -0.279687 -0.011987 -0.186739 0.199082 0.214554 -0.078391 0.438606 0.013109 0.499591 -0.558566 0.435313 0.202568 -0.241249 -0.059485 -0.627281 0.073624 0.537640 -0.373352 -0.240581 0.183525 0.130410 0.122644 -0.326369 0.283680 -0.320255 -0.255232 -0.310756 -0.037205 -0.440942
hours 0.097523 0.072513 0.470612 0.060084 0.434787 0.129444 0.524941 -0.454522 -0.386389 -0.367013 0.100307 0.135057 -0.247827 -0.196440 0.128095 0.360785 0.139363 0.162257 0.357250 -0.099451 0.162253 -0.524042 -0.076850 -0.045235 0.330901 -0.349195 0.019312 0.016911 0.178007 0.139269 0.240548 -0.001448 -0.067977 -0.068337 0.016081 0.226910 -0.168055 -0.230228 -0.781319 -0.073748 -0.396169 -0.260865 -0.177712 -0.078342 0.057772 0.266046 0.098984 0.219558 0.014497 -0.316578
house -0.389187 0.778751 0.570221 0.104419 0.093617 -0.167452 0.960555 -0.241787 -0.398662 -0.059913 0.499023 -0.122612 -0.865612 -0.829702 0.389408 0.052656 -0.528137 0.895259 0.047435 0.219911 -0.285855 -0.295118 -0.627626 -0.472168 0.317940 -0.374200 0.623144 0.291802 0.105252 0.702240 -0.577597 0.003773 -0.628146 -0.361669 0.657256 -0.672895 0.286510 0.116936 -0.772676 -0.315012 -0.011086 -0.493063 -0.606887 0.073573 -0.297554 -0.208996 -0.266164 0.626612 -0.481415 -0.167432
hove -0.106153 0.179717 0.031546 0.390083 0.102169 0.433858 0.300432 -0.262790 -0.190166 0.034939 0.140001 0.046221 0.009292 -0.453505 0.059291 0.040415 -0.017329 0.092064 0.065482 -0.136711 0.245304 -0.253674 -0.157999 -0.095066 0.293152 -0.344358 0.033864 -0.161437 0.139513 0.401301 -0.072156 -0.344914 -0.150856 -0.171699 -0.159272 -0.128267 0.288041 0.009910 -0.093656 0.202053 -0.055649 -0.267801 -0.201361 0.148826 -0.176063 0.087951 -0.135507 0.393744 0.145413 -0.145451
how -0.430456 0.081957 0.404984 0.561624 -0.031925 0.217404 -0.257681 -0.252336 -0.518722 -0.724381 -0.287700 0.108819 0.189343 -0.538212 0.142324 0.060452 -0.291190 0.036378 -0.402970 0.202931 -0.172611 -0.681619 -0.153738 -0.114843 -0.061133 -0.670098 -0.006302 0.095487 -0.798964 0.568223 -0.312320 -0.533895 -0.180937 -0.190065 0.264817 -0.590504 0.749374 0.044447 -0.461320 0.316176 0.611880 -0.249194 -0.093875 -0.453265 0.168049 0.026733 -0.025746 0.095861 0.480863 -0.729269
however -0.329091 -0.077437 0.383202 0.267342 0.382843 0.076512 0.328406 -0.193939 -0.402163 -0.268435 -0.007372 -0.092339 0.000643 -0.097099 0.228199 0.080155 -0.159131 0.060850 0.008702 0.107269 0.083831 -0.444077 0.108434 0.004078 0.185838 -0.268017 0.020910 -0.040669 -0.099139 0.341158 0.027819 -0.103295 -0.115976 -0.115323 -0.101823 -0.320139 0.241706 -0.323213 -0.681351 -0.053801 0.285132 -0.300373 -0.241189 -0.074882 -0.142847 -0.043352 -0.096537 -0.028370 0.163703 -0.293427
howling -0.415593 0.092981 0.057124 0.174269 -0.064324 0.045038 -0.028298 -0.065526 -0.171748 0.085764 0.134089 -0.025610 -0.069535 -0.136150 -0.013283 0.135000 -0.285781 -0.042915 -0.009845 -0.047361 0.016113 -0.091347 -0.024239 -0.143034 0.130055 -0.256101 0.033404 -0.023031 0.112115 0.106463 -0.117643 0.072334 -0.101799 -0.237527 -0.262041 -0.215832 0.032985 0.134761 -0.246706 0.167219 -0.062423 -0.156482 -0.163179 -0.152676 0.105900 -0.063917 -0.084441 0.145136 0.093144 -0.075009
huge -0.348188 0.142202 0.422037 -0.155434 0.002969 -0.285688 0.101599 -0.043759 -0.254737 -0.098540 0.127311 0.181498 -0.090588 -0.314615 0.204318 0.345444 -0.220720 0.156989 0.164855 0.148813 0.054665 -0.112338 -0.094992 -0.151102 0.109789 -0.270066 0.168514 -0.217601 -0.022445 0.104451 -0.203505 0.188304 -0.149050 -0.125431 0.128840 -0.003606 0.013424 0.295383 -0.271464 -0.003856 -0.030660 -0.136543 -0.220487 -0.275934 0.081225 -0.231382 0.207833 0.098649 -0.062071 -0.061958
human -0.092647 -0.096253 0.426849 0.106053 0.110070 -0.024377 0.189943 -0.018267 0.001847 -0.128337 0.349990 0.034990 -0.059323 -0.289473 0.137469 0.221511 -0.134327 0.112962 0.112414 0.029579 0.106727 -0.253534 -0.165884 -0.176615 0.074570 -0.190703 0.269628 -0.044804 0.020374 0.276812 0.059998 -0.107909 0.057310 -0.051409 -0.092617 -0.217520 0.049907 0.004027 -0.333800 -0.013033 -0.278904 -0.128099 -0.298037 0.073810 0.116777 -0.170122 0.003969 0.195830 -0.049837 -0.145384
hundred -0.584187 0.640690 0.874975 0.000522 -0.129820 -0.326542 0.616159 0.015918 -0.723654 0.199985 0.740118 0.623528 0.071219 -0.580788 0.415984 0.458895 -0.235704 -0.795146 0.386290 0.318347 0.423718 -0.161803 -0.422219 -0.234382 0.733733 -0.258191 -0.207629 -0.307133 0.253867 0.013806 -0.477551 0.866515 0.592522 0.031583 -0.474019 0.482713 -0.962582 0.688940 -0.535455 -0.338037 -0.492442 -0.262204 -0.277114 -0.395172 0.390443 -0.215504 0.318869 0.080622 -0.064833 0.002993
hungry -0.347719 -0.026388 0.383271 0.157109 0.110374 0.128376 -0.180551 -0.007798 -0.280353 0.077911 0.095543 0.132306 -0.021162 -0.156769 0.171700 0.223620 -0.227241 -0.221929 -0.044439 -0.046420 0.187320 -0.247281 0.050151 -0.166901 0.267846 -0.034451 -0.089643 0.155786 0.134475 0.210559 -0.068973 0.093298 0.030448 -0.022797 -0.436275 -0.233287 -0.115715 0.355702 -0.349467 0.163709 0.035258 -0.076805 -0.335267 -0.288453 -0.030661 -0.120291 -0.023233 0.236172 0.180111 -0.196499
hunt -0.246872 0.270020 0.119770 0.175862 -0.086810 0.112743 0.137388 -0.321602 -0.209490 0.129026 0.131298 -0.001046 -0.277646 -0.264696 0.140182 0.246188 -0.244230 -0.025098 0.174358 -0.008609 0.057759 -0.079587 -0.236762 -0.077727 0.095684 -0.253848 -0.050881 0.150196 0.261398 0.195457 -0.071640 -0.158021 -0.135124 -0.213505 0.027994 -0.198099 0.174236 0.064380 -0.150824 0.023140 -0.256798 -0.229119 -0.146339 -0.011289 0.076983 0.174686 -0.051131 0.345761 -0.054174 -0.122538
hunter -0.566423 0.177772 0.197912 0.051651 0.014413 -0.281910 0.160644 0.041315 -0.210160 -0.153216 0.188981 0.005938 -0.110931 -0.057401 0.157521 -0.131006 -0.306312 -0.030336 -0.168186 0.161037 0.025949 -0.178369 0.035209 0.004023 0.072789 -0.049199 -0.021536 0.135729 -0.183309 0.240286 -0.375436 0.259437 0.129475 -0.135401 0.055722 -0.309772 -0.050251 0.069142 -0.444505 -0.164151 0.169476 -0.100873 0.015654 -0.248102 0.125590 -0.128118 -0.147445 -0.184996 -0.060217 -0.005532
hunters -0.180877 0.076217 0.450871 -0.206353 0.128897 -0.289930 -0.042755 -0.014365 -0.161639 -0.043600 0.102671 0.195076 -0.198427 -0.281106 0.251370 0.313222 -0.291806 0.238781 0.077810 0.105079 -0.128003 -0.127070 -0.120147 -0.197377 0.106615 -0.030804 0.157185 0.148688 -0.047716 0.163877 -0.174397 0.073695 -0.053854 -0.076719 0.085953 -0.111955 -0.079309 0.389367 -0.286849 -0.059164 -0.293967 -0.154538 -0.317371 -0.426638 0.148613 -0.169009 0.084453 0.180135 -0.126069 0.006988
hunting -0.257428 0.171812 0.383598 0.499941 0.041333 0.087746 0.308059 -0.000100 -0.268287 -0.372082 0.307761 -0.211873 -0.304441 -0.174758 0.034359 0.095834 -0.115410 0.261113 -0.127970 0.155419 0.283486 -0.490340 0.149784 -0.061267 0.404607 -0.328328 0.390925 -0.194516 -0.024247 0.227205 -0.356445 0.375811 -0.246880 -0.179347 0.010496 -0.326376 -0.016789 0.107941 -0.613044 0.038956 0.233191 -0.012280 -0.453370 -0.118895 0.046258 -0.272583 -0.151637 0.098777 -0.043318 -0.149354
hurled -0.079852 -0.226350 0.247438 0.061176 0.252080 0.036867 0.052217 -0.076470 -0.142348 -0.007348 0.121286 -0.010895 0.156028 -0.164344 0.196562 -0.053669 -0.256504 -0.048328 -0.155451 -0.279842 0.045635 0.010926 -0.021341 -0.344700 0.018304 -0.106588 -0.126812 0.225957 0.078759 0.282615 0.094677 -0.204656 0.079735 0.075909 -0.333323 -0.374689 0.154382 0.002650 -0.459578 0.163478 0.140807 -0.217370 -0.267338 0.066651 -0.102881 -0.195954 -0.133038 0.153012 0.188121 -0.376062
hurricane -0.072349 0.034174 0.425439 0.117979 0.200182 0.046637 0.229332 0.006777 -0.150796 -0.021423 0.586457 0.079520 -0.443890 -0.302497 0.156729 0.278259 -0.034044 0.442881 0.077161 0.113278 -0.309072 -0.211849 -0.078195 -0.266974 0.286886 -0.272229 0.446232 0.062856 -0.067796 0.246236 0.131464 0.070769 -0.157992 -0.277927 -0.022213 -0.195230 0.049029 0.305031 -0.523878 -0.143347 -0.279518 -0.297518 -0.508959 -0.241338 0.030759 -0.225745 -0.030838 0.436668 -0.024260 0.012505
hurt -0.210585 0.119042 0.281092 0.227491 0.224707 0.121808 0.226105 -0.204511 -0.231142 -0.126328 0.197919 -0.064077 -0.119835 -0.142638 0.159678 0.073545 -0.184063 0.172497 0.068554 -0.086918 0.047758 -0.234289 0.090022 -0.011680 0.165403 -0.162477 0.033172 -0.012322 -0.014694 0.269190 0.059367 -0.181492 -0.145494 -0.198396 0.118073 -0.189258 0.254000 -0.208753 -0.479556 -0.000927 0.153627 -0.255784 -0.210177 -0.031589 -0.134718 0.038353 0.053118 0.077753 0.112850 -0.185209
husband -0.253379 0.142467 0.300147 -0.081905 -0.012590 -0.197241 0.108064 -0.165118 -0.249728 -0.082614 0.111797 0.038042 -0.028459 -0.290923 0.150497 0.181950 -0.222882 0.133092 0.168033 -0.035760 0.106745 -0.079818 -0.138109 -0.137375 0.140594 -0.280318 0.039325 -0.036078 0.092037 0.153317 -0.259263 0.076489 -0.140354 -0.144876 0.024041 -0.095108 0.103442 0.166760 -0.270739 0.008401 -0.032136 -0.236357 -0.123970 -0.060285 0.084416 -0.080575 -0.012200 0.165154 -0.055268 -0.154223
i -2.369989 -0.237828 0.141806 0.116398 -0.590295 0.423306 -1.377335 -0.836838 -1.568528 0.186620 -0.623647 -0.045587 -0.967753 0.857065 0.388719 0.171898 -0.071661 -1.062673 0.326965 0.219755 -0.177451 -1.320063 0.983934 0.437750 1.046649 0.915239 1.016082 -0.487995 -1.075307 1.826855 1.344728 -0.290570 -1.310944 -0.290730 -1.183248 -0.405963 0.050871 -0.012574 -0.207963 1.055692 -0.137612 0.300675 0.291750 -1.676073 -0.253225 0.467375 -0.875559 1.347715 0.174926 2.391395
ice -0.228150 0.254457 0.762665 -0.319304 0.405753 -0.334023 0.562825 -0.183409 -0.536275 -0.183666 0.324511 0.290872 -0.595015 -0.395343 0.658910 0.378561 -0.134493 0.391139 0.455058 0.250705 -0.121413 -0.263891 -0.352939 -0.323421 0.251198 -0.192908 0.188206 0.119473 0.140614 0.442787 -0.024189 0.040222 -0.308111 -0.134182 0.397229 -0.208031 0.319714 0.351150 -0.467659 -0.251889 -0.203334 -0.404208 -0.184834 -0.257315 -0.067080 -0.196045 0.189677 0.315744 -0.265141 -0.115988
idea -0.198029 0.049777 0.465060 -0.217224 0.001965 -0.385112 0.073958 -0.086497 -0.346583 -0.044804 0.194424 0.069208 -0.079130 -0.156746 0.295237 0.148248 -0.131424 0.159238 0.164825 0.092142 0.030874 -0.081439 0.004710 -0.136305 0.194284 -0.142483 0.129571 -0.067290 -0.055156 0.109378 -0.152741 0.231891 -0.215546 -0.132728 0.093977 -0.020148 0.118055 0.222813 -0.337403 -0.127878 0.049785 -0.113643 -0.040166 -0.271561 0.047335 -0.255264 0.005999 0.043220 -0.112682 -0.112325
if -0.520646 0.038418 0.542323 0.385487 0.886527 -0.348690 0.174744 0.179884 -0.825512 -0.481451 -0.099371 0.048120 0.139421 -0.108740 0.769256 0.288478 0.075138 0.024316 -0.136991 0.794284 0.104415 -0.788518 0.113503 0.284663 -0.071789 -0.501807 -0.224045 -0.165073 -0.763008 0.474633 -0.559340 -0.463042 0.477373 -0.071033 0.577120 -0.354705 0.601623 -0.052786 -0.746221 -0.502221 0.380374 -0.893666 0.116984 -0.546605 0.588573 -0.151683 0.376032 -0.768991 0.278845 -0.425304
igloo -0.453591 0.181699 0.624925 0.085154 -0.062092 -0.183750 -0.081945 0.070283 -0.379907 -0.072102 0.404807 0.324757 -0.137335 -0.572385 0.260877 0.125656 -0.289042 0.175616 0.027324 0.019431 0.152399 -0.255275 -0.057409 -0.355290 0.410298 -0.311609 0.268790 -0.178986 -0.104928 0.424105 -0.389876 0.260047 -0.283342 -0.361622 0.000047 -0.150224 0.142868 0.720074 -0.447840 0.078838 0.136962 -0.194164 -0.264770 -0.482872 0.060530 -0.406361 -0.012316 0.266933 0.113801 -0.228246
ikeega -0.297964 0.127019 0.234345 0.074272 -0.010535 -0.093151 -0.116283 0.055733 -0.244268 0.014978 -0.041148 0.098249 0.127044 -0.323121 -0.001970 0.007382 -0.197483 0.105262 -0.078396 0.040854 0.098736 -0.119208 -0.019511 -0.113897 0.278149 -0.169172 0.056030 -0.118265 -0.097324 0.165183 -0.362172 0.176364 -0.108144 -0.164935 -0.150464 -0.092070 -0.043651 0.304679 -0.250477 0.061134 0.166900 -0.103909 -0.147894 -0.282128 -0.018493 -0.178861 -0.106889 0.037967 0.138295 -0.158908
imagine 0.093900 0.234503 0.031294 0.508598 0.110294 0.392454 0.444890 -0.387416 -0.215666 0.153761 0.379509 -0.225677 -0.163427 -0.132110 0.084686 0.082722 0.041586 0.194717 -0.111490 0.006027 0.008847 -0.171167 0.062277 0.062724 0.236120 -0.400822 0.043072 -0.068698 0.053730 0.112167 0.002067 -0.265702 -0.179224 -0.228623 -0.091528 -0.062978 0.250232 -0.041955 -0.169904 -0.042275 -0.162571 -0.205452 -0.325716 0.033471 0.025467 0.134011 -0.132374 0.331040 0.006315 -0.040419
immediately -0.294124 0.054075 0.239672 0.215238 0.107500 0.113738 0.009222 -0.062189 -0.188882 -0.083287 0.000171 -0.055091 0.031973 -0.094892 0.056198 0.098469 -0.147935 -0.059641 -0.005966 0.025048 0.222580 -0.253200 0.100478 -0.017700 0.186147 -0.149175 0.000270 -0.059117 0.015873 0.160773 -0.082976 0.054974 -0.077317 -0.106152 -0.176853 -0.188231 0.022547 0.027613 -0.305456 0.088350 0.191997 -0.034424 -0.224489 -0.108448 -0.040066 -0.042076 0.032953 0.043725 0.131120 -0.193475
imperative -0.190823 -0.151901 0.272636 0.281094 0.080079 0.113027 -0.058421 -0.070861 -0.150657 -0.062535 -0.042766 0.095760 0.052819 -0.171799 0.003358 0.227958 -0.055456 -0.043053 -0.073462 0.088673 0.275929 -0.262366 0.054833 0.009131 0.107462 -0.306507 0.049523 -0.193104 0.029041 0.181159 -0.121787 -0.061801 -0.026054 -0.086901 -0.231673 -0.169604 0.064790 0.129595 -0.263020 0.093376 -0.020956 0.004448 -0.235133 -0.165487 0.086807 -0.044779 -0.035258 0.084787 0.118017 -0.297853
important -0.100534 0.025163 0.322535 0.136482 0.001734 -0.168088 0.065116 -0.315500 -0.271186 0.022598 0.041596 -0.315305 0.025570 0.091682 0.180143 0.162140 -0.165817 -0.016177 -0.076523 0.015566 0.144387 -0.016803 0.014199 0.080159 -0.056716 -0.190596 -0.145430 0.105726 -0.006633 0.130226 -0.160075 -0.197978 -0.063704 -0.009566 0.021912 -0.361676 0.236938 -0.037678 -0.275404 -0.116958 0.019017 -0.075722 -0.097463 -0.005508 0.232981 0.011017 -0.189674 -0.020796 -0.163723 -0.285597
impossible -0.315005 0.323318 0.378448 0.425273 0.134130 0.187631 0.191246 -0.256230 -0.581043 -0.065016 0.044673 -0.208524 -0.027833 -0.333083 0.326298 0.170988 -0.158611 0.127758 0.037242 0.195493 0.402862 -0.454570 0.015877 0.104357 0.436975 -0.301881 0.081169 -0.213413 -0.138089 0.451530 -0.399123 -0.221587 -0.235468 -0.184925 0.031355 -0.272380 0.354472 0.031235 -0.255408 0.009766 0.145291 -0.281046 -0.349252 -0.189091 -0.049428 -0.060353 -0.108525 0.237118 0.094300 -0.112970
impression -0.171562 0.116540 0.259332 -0.017068 0.026484 0.013294 -0.117206 0.152210 -0.200316 0.105060 0.037998 0.266836 -0.323288 -0.347965 0.207139 0.252055 -0.047832 0.251540 0.177909 0.377506 -0.156455 -0.212513 -0.171134 -0.139983 0.229036 -0.125043 0.360205 -0.051145 0.008400 0.196790 -0.108510 0.157091 -0.256855 -0.319821 0.168455 -0.071972 0.209081 0.392983 -0.052627 -0.117689 -0.102154 -0.158637 -0.119916 -0.472745 -0.078599 -0.175419 0.053612 0.296611 0.068311 0.077318
in -0.288386 0.379719 -0.334673 -0.613717 0.583319 -1.010346 -0.289813 -1.067464 0.381055 0.810440 -0.248848 0.974878 1.367465 -0.331902 0.957675 0.824215 -0.236573 0.098480 -0.753618 0.750286 0.850199 0.308348 0.818284 0.710914 -0.329176 -1.671760 0.753495 -0.413667 -0.182050 -0.195419 -0.750930 -0.472796 0.277158 -0.900389 1.170099 0.362682 0.638018 0.902379 -1.109544 -1.005630 -0.512032 -0.031370 0.141865 -2.170012 1.174136 -0.321350 0.808569 0.020534 -0.306810 0.303965
inches -0.119706 -0.085844 0.220897 0.195240 0.179696 0.151150 0.237818 -0.134729 -0.105313 0.037345 0.049295 0.037888 -0.060321 -0.174863 0.099258 0.138051 -0.134271 0.024656 0.016095 0.097517 0.064897 -0.178741 -0.024272 -0.089845 0.135936 -0.275260 0.071786 -0.048023 0.193345 0.151785 0.013956 0.022412 -0.078738 -0.097107 -0.230031 -0.178838 0.058813 0.021266 -0.262218 0.013913 -0.030882 -0.151405 -0.340926 -0.008338 -0.092061 -0.040244 -0.013952 0.180366 0.077098 -0.214256
including -0.261757 0.034819 0.432649 0.123851 0.200489 0.013637 0.160486 -0.416691 -0.307961 0.106373 -0.004314 -0.024570 -0.027163 -0.082855 0.143881 0.268803 -0.182398 -0.041482 -0.130051 0.116038 -0.039129 -0.184827 0.007933 -0.026791 0.083221 -0.341056 -0.170931 0.107351 -0.043800 0.153752 -0.078433 -0.042207 -0.006207 -0.088772 -0.266792 -0.212917 -0.074341 0.213205 -0.387601 -0.103166 -0.107663 -0.076666 -0.282066 -0.246135 0.226228 0.020104 0.016313 0.021185 0.007309 -0.408155
increased -0.335854 -0.001988 0.509076 -0.190035 0.019959 -0.278964 0.040778 -0.213128 -0.409283 0.006935 0.028230 0.154682 -0.003152 -0.155143 0.288658 0.370838 -0.244794 -0.011218 0.318116 0.074127 0.109225 -0.072704 -0.058086 -0.159129 0.127352 -0.360115 -0.001569 -0.182194 0.199227 0.041011 -0.133782 0.191891 -0.270699 -0.173433 -0.053873 -0.032233 0.130326 0.278051 -0.240353 0.044199 -0.007731 -0.114535 -0.062168 -0.255853 0.106178 -0.176538 0.182553 0.024215 -0.025140 -0.316068
increasing -0.264504 -0.027389 0.453075 0.087994 0.104506 -0.006804 0.058344 -0.076671 -0.247927 -0.124940 0.121270 -0.027618 -0.111316 -0.202696 0.110190 0.197485 -0.056457 0.182378 0.064078 0.138103 0.028602 -0.345001 0.003072 -0.045316 0.225899 -0.224158 0.151309 -0.053373 -0.170318 0.245001 -0.017029 0.060778 -0.120386 -0.163588 -0.049890 -0.160583 0.130693 0.073547 -0.424490 -0.073232 0.099400 -0.193628 -0.286683 -0.204621 -0.061242 -0.178971 -0.025622 0.124789 0.051211 -0.219516
information -0.036604 0.208702 0.433617 -0.057300 0.229174 0.018621 0.269527 -0.163158 -0.304881 0.033758 0.030422 -0.257236 -0.085662 -0.215237 0.343265 0.213523 -0.014106 0.235847 0.043914 0.194908 0.147750 -0.002725 -0.008165 -0.022849 0.244514 -0.128256 0.020416 0.049859 -0.194113 0.230864 -0.113799 -0.195781 -0.061252 0.136861 0.082529 -0.264892 0.216645 0.212843 -0.085830 -0.242598 0.103066 -0.285570 -0.479294 -0.056944 -0.205489 -0.150592 0.118067 0.247372 0.022581 -0.117877
inside -0.112335 -0.053149 0.604857 0.067572 -0.008811 -0.158017 0.089794 -0.241064 -0.367073 0.212003 0.143532 0.141543 -0.067606 -0.295458 0.373543 0.343755 -0.052644 0.038098 0.158435 0.236578 0.218271 -0.174422 -0.155530 -0.120460 0.185918 -0.305770 0.160346 -0.205701 0.151880 0.276643 -0.185853 0.008483 -0.236092 -0.175001 -0.089900 -0.092819 0.246552 0.339149 -0.168987 -0.115944 -0.187507 -0.109020 -0.115022 -0.224195 0.111158 -0.192219 -0.093421 0.250308 -0.155546 -0.230407
instant -0.187511 -0.215306 0.770082 -0.578646 0.242059 -0.532285 0.055736 -0.227503 -0.364078 -0.101197 0.061231 0.159734 -0.252197 -0.234797 0.537100 0.291153 -0.200035 0.398804 0.335302 0.101301 -0.264409 -0.129247 -0.244523 -0.283391 -0.008915 -0.126971 0.144348 0.271042 -0.045370 0.358876 0.036199 0.060388 -0.313286 -0.199400 0.203982 -0.284165 0.401465 0.350157 -0.506392 -0.215997 -0.141297 -0.327143 -0.096530 -0.287887 -0.024659 -0.262422 -0.069373 0.217830 -0.243409 -0.243566
instead -0.068224 0.033179 0.352747 0.010012 0.067920 -0.088914 0.028099 -0.257699 -0.330878 0.013673 0.101997 -0.091325 -0.059221 -0.064261 0.067168 0.274404 -0.036659 0.155394 0.077106 0.059683 -0.037686 -0.108803 0.079755 0.074016 0.209714 -0.293226 0.037908 -0.084463 -0.216097 -0.043806 0.066153 -0.054385 -0.089045 -0.124659 -0.067796 0.054784 0.091353 0.085021 -0.264684 -0.120305 -0.102790 -0.162666 -0.279938 -0.304828 0.123237 -0.058187 0.064407 0.137798 0.002755 -0.130973
intelligence -0.109491 0.215920 0.287770 0.046481 -0.004858 -0.163748 0.151508 -0.311032 -0.264059 0.168302 0.204457 -0.128856 -0.236019 -0.014981 0.224197 0.206149 -0.298813 0.128060 -0.123453 0.055673 -0.186754 0.005244 0.023831 -0.136720 0.017400 -0.163147 0.057740 0.134356 0.048445 0.027458 -0.006823 -0.015487 -0.415206 -0.196574 0.076565 -0.110524 0.101833 0.123889 -0.360010 -0.081365 -0.049116 -0.006911 -0.200660 -0.271634 0.206218 -0.062858 -0.012177 0.120638 -0.199462 -0.141389
interest -0.082799 0.061320 0.355372 0.168172 0.065283 0.044146 0.332661 -0.188261 -0.092225 -0.187429 0.412158 -0.160653 -0.319845 -0.067795 0.053689 0.244020 -0.046205 0.251323 0.070771 0.038094 -0.035109 -0.276638 0.073752 -0.084002 0.192561 -0.238705 0.299810 -0.057702 -0.023783 0.126206 0.169718 0.116778 -0.177557 -0.146031 -0.001411 -0.076225 -0.027185 -0.084807 -0.459223 -0.030395 -0.073827 -0.079916 -0.458555 0.009656 0.054306 -0.101187 0.053139 0.226583 -0.085353 -0.027418
interrupted -0.310182 -0.031634 0.514043 -0.111779 0.178223 -0.391411 0.091873 -0.213216 -0.496453 -0.156841 0.065334 -0.216359 -0.082595 0.086944 0.383376 0.097101 -0.398610 -0.110987 0.075356 -0.137762 0.072263 -0.047287 -0.019691 -0.132321 -0.025370 0.045677 -0.256475 0.387907 -0.053216 0.208231 -0.081378 -0.066628 0.105722 0.125830 0.029691 -0.433226 0.150059 -0.086433 -0.685477 -0.081297 0.021984 -0.348514 -0.069937 -0.083680 0.175854 -0.136712 -0.240425 -0.065569 -0.117472 -0.217855
into -0.367649 -0.002047 0.300114 -1.198012 0.317927 -1.238111 -0.193365 -0.063261 -1.353075 0.892616 0.052589 0.254737 0.645809 0.006010 0.739103 0.642395 0.137243 0.171262 0.806680 0.046235 0.148439 0.598949 0.029705 -0.212161 0.138827 -0.759294 -0.391256 -0.665971 0.258847 -0.657840 -0.371881 0.157361 -0.472924 -0.500248 -0.426466 0.701341 0.854502 0.794672 0.092449 -0.335173 -0.330871 -1.124024 0.712305 -0.748508 0.441344 -0.720279 0.152653 -0.049685 -0.231595 -0.011050
iron -0.077677 0.124851 0.575076 0.341225 0.231005 0.074675 0.466594 -0.081831 -0.301328 -0.150295 0.530091 -0.099395 -0.329647 -0.258596 0.325864 -0.000795 -0.128129 0.319062 -0.216962 0.279679 -0.011246 -0.354365 0.045858 -0.214185 0.266339 -0.356135 0.275460 0.171782 -0.207210 0.405941 -0.173363 0.087807 -0.156895 -0.199981 0.075856 -0.428479 0.194550 0.271468 -0.667604 -0.238461 0.065183 -0.129482 -0.370355 -0.281813 0.131392 -0.285044 -0.094685 0.075435 0.115875 -0.384223
irvine -0.210380 0.117934 0.057301 -0.142711 0.041140 -0.146983 -0.056606 -0.149142 -0.405858 0.036753 -0.053631 0.019389 0.147080 -0.196364 0.240372 0.153055 -0.158221 0.127079 0.336682 -0.160177 0.210156 -0.041925 0.057728 -0.088674 0.225421 -0.269967 -0.028225 -0.140243 0.201363 -0.005879 -0.139295 0.019607 -0.288451 -0.246586 0.026472 0.104791 0.374585 -0.036499 -0.248240 0.126423 0.111079 -0.394628 0.079794 -0.154151 -0.126464 -0.097846 -0.001909 0.218892 0.106631 -0.044880
is 0.176994 0.423677 0.788072 0.341960 -0.766648 -0.693078 -0.031056 -1.399219 -0.458568 0.621554 -0.130739 -1.932005 -1.051140 1.305596 0.492277 1.041362 -0.535110 0.408449 -0.239546 0.762775 0.114876 0.177305 0.210777 0.296128 -0.283553 -0.644708 -0.038695 1.045786 0.827818 -0.373617 -0.921887 0.568367 -1.041196 -0.431796 0.404792 -1.492212 0.523101 0.866458 0.231319 -0.186657 -0.737297 0.683756 0.001709 -0.301450 1.769895 0.198171 -0.759538 -0.107007 -1.382021 -0.559403
island -0.293064 0.050595 0.830036 -0.169267 0.126364 -0.157700 0.195151 -0.025312 -0.020217 0.010809 0.578206 0.558542 -0.614114 -0.672528 0.561016 0.221542 -0.513545 0.300869 0.208053 0.145852 -0.314408 -0.064211 -0.371414 -0.613022 0.128314 0.008603 0.474174 0.310932 0.132790 0.676804 -0.003137 0.097005 -0.148869 -0.344959 0.308927 -0.490562 0.263116 0.782549 -0.306962 -0.047757 -0.260593 -0.202455 -0.496718 -0.326024 -0.098298 -0.318328 0.171838 0.523604 -0.095710 -0.035914
islands -0.218823 0.193324 0.384795 -0.274686 0.020775 -0.290624 -0.017868 -0.017665 -0.315532 -0.092779 -0.031460 0.164718 -0.192201 -0.247490 0.344066 0.209014 -0.127284 0.177107 0.207450 0.259693 -0.027077 -0.075752 -0.113443 -0.016969 0.124127 -0.108347 0.152132 0.023951 -0.187219 0.168249 -0.234952 0.005807 -0.137045 -0.114625 0.343510 -0.096957 0.192331 0.404329 -0.057124 -0.197481 -0.055843 -0.148613 -0.087700 -0.398180 0.039278 -0.126861 0.114331 0.127927 -0.068575 0.010547
it -1.129220 0.933221 0.071167 -0.286487 -0.080585 0.720128 -0.054801 0.220147 -0.194423 0.115671 0.502823 -0.767798 0.671180 -0.452719 -0.514137 -0.882991 -0.999308 0.666688 0.086424 -0.003324 0.276048 -0.596670 -0.341724 -0.293075 1.241451 -0.135330 0.831146 0.364236 -0.681971 0.898077 -0.553069 0.116501 -0.722135 -0.707784 -0.735944 -1.560506 0.047227 -0.295746 -0.567547 0.554409 0.188551 0.422852 -0.227495 0.026164 -0.935976 -1.034882 -0.234924 -0.009518 0.359585 -0.950196
its 0.193753 -0.565032 0.462799 0.509855 0.284090 0.690558 0.485704 -0.416205 -0.208013 0.368567 0.243941 0.121681 0.209019 -0.300419 0.400829 0.618007 0.409766 -0.242646 0.149475 0.269514 0.768292 -0.827908 -0.012820 -0.137908 0.647227 -0.549412 0.374475 -0.644471 0.636469 0.399029 0.271530 -0.028597 -0.141917 0.234982 -1.258753 0.086396 -0.002225 -0.053980 0.096077 0.323900 -0.341408 0.093926 -0.729992 0.144454 -0.382721 -0.344650 0.077122 0.803137 0.111566 -0.198927
itself 0.059354 0.020158 0.499718 -0.074963 0.274960 0.087138 0.252551 -0.303863 -0.262942 -0.023057 0.076527 -0.107162 -0.306227 -0.184068 0.333026 0.225811 -0.060049 0.300129 0.302834 -0.044475 0.084643 -0.255246 -0.181026 -0.202719 0.235608 -0.065913 0.142370 0.219703 0.278660 0.397199 0.038000 -0.128506 -0.430210 -0.048385 -0.011219 -0.337971 0.279328 0.090074 -0.235418 0.034393 -0.074381 -0.171388 -0.290069 0.110311 -0.284494 -0.042713 -0.144686 0.444559 -0.174840 -0.241132
jack -0.293505 -0.067485 0.147208 0.140422 0.023867 0.116450 -0.086989 -0.049154 -0.163278 -0.042865 -0.147033 0.024857 0.084234 -0.120991 -0.028924 0.240866 0.003598 -0.014361 0.040260 0.131934 0.288313 -0.346778 0.056689 0.036001 0.204091 -0.262795 0.105235 -0.232001 0.073183 0.116595 -0.162109 0.139317 -0.105321 -0.107330 -0.255507 -0.049774 -0.042404 0.093489 -0.151084 0.120998 0.055393 0.036483 -0.158952 -0.191392 -0.031934 -0.066471 0.014118 0.060155 0.127250 -0.137417
jailer -0.243587 0.066910 0.402898 -0.323592 0.058528 -0.299931 -0.018502 0.097777 -0.276903 -0.119820 -0.013400 0.233960 -0.226347 -0.246477 0.346770 0.197193 -0.013216 0.209283 0.382353 0.310183 -0.038211 -0.165194 -0.162015 -0.039281 0.178292 -0.048719 0.178732 -0.077857 -0.117951 0.191673 -0.261229 0.216284 -0.127254 -0.110128 0.307956 -0.012538 0.162391 0.416010 -0.005567 -0.146430 -0.045865 -0.214035 -0.062454 -0.285668 -0.121181 -0.219298 0.117992 0.113790 -0.134849 0.091769
jeanne -0.233863 -0.206755 0.533061 -0.147121 0.333762 -0.093291 0.348374 -0.248206 -0.294173 -0.063022 0.051972 0.183591 -0.008288 -0.364078 0.372970 0.336900 0.005539 0.331815 0.200779 0.262361 0.009707 -0.171181 -0.154655 -0.131328 0.117164 -0.366515 0.118995 -0.370899 0.034504 0.507197 -0.208281 -0.101721 -0.382954 -0.128040 -0.078560 -0.242942 0.476018 0.422269 -0.040383 -0.042037 -0.044937 -0.262841 -0.213941 -0.077846 -0.238979 -0.221285 -0.007915 0.185018 -0.164955 -0.205719
jim -0.507569 0.076049 -0.331879 0.533081 0.100899 0.298165 -0.028490 0.247311 -0.547500 -0.021326 0.081199 -0.129551 0.325237 -0.349519 0.206703 0.099875 -0.103142 0.327621 0.003739 -0.047331 0.473707 -1.035771 0.370789 0.047935 1.050149 -0.192468 0.358345 -0.402738 0.277113 -0.048211 -0.630467 0.563680 -0.307449 -0.513724 -0.606705 0.395872 0.185883 -0.393818 -0.334142 0.662454 0.381755 -0.550759 -0.259114 -0.352768 -0.561672 -0.373702 -0.289937 0.463049 0.188855 0.413428
jools -0.290921 0.206468 0.506130 -0.197405 0.061123 -0.154761 -0.012415 0.031762 -0.308485 -0.195586 0.021721 -0.003926 -0.186942 -0.245446 0.268072 0.160124 -0.163133 0.267497 0.206729 0.269030 0.024789 -0.129514 0.037420 -0.035103 0.291188 -0.040630 0.269378 -0.065217 -0.374634 0.223800 -0.185956 0.164495 -0.126956 -0.030373 0.278028 -0.175914 0.080872 0.348201 -0.140435 -0.079539 0.146410 -0.103893 -0.323553 -0.377752 -0.128451 -0.316046 0.269008 0.075932 0.048096 0.033214
joshua -0.226585 0.088494 0.315017 -0.149352 0.109793 -0.145020 0.104973 -0.203936 -0.409462 -0.105465 -0.074164 -0.162115 0.114576 -0.126495 0.158952 0.335820 -0.035335 0.150169 0.293300 0.101716 0.138605 -0.186624 -0.026224 0.088372 0.226441 -0.255697 -0.038232 -0.132631 -0.091996 0.054690 -0.125111 0.044593 -0.107987 -0.052238 -0.018227 -0.025679 0.126482 -0.062050 -0.205993 -0.036869 0.039340 -0.247626 -0.167174 -0.100805 -0.074507 -0.115869 0.090421 0.065181 0.013079 -0.110342
joy -0.104478 -0.002686 0.381229 0.316474 0.229648 0.236922 0.433495 -0.362388 -0.206240 0.036877 0.316772 -0.255012 0.037022 -0.001580 0.232658 0.184761 -0.163104 -0.130129 -0.117062 -0.212830 0.246769 -0.253247 0.052195 -0.268878 0.189329 -0.202103 -0.126118 0.078881 0.261000 0.286751 0.196644 -0.203155 -0.104711 0.146026 -0.397295 -0.324281 0.040135 -0.214671 -0.400794 0.225809 0.115394 -0.028343 -0.349988 0.255227 -0.017016 -0.067133 0.046750 0.112612 0.012889 -0.439965
judgment -0.350382 0.093672 0.369240 0.006091 0.080807 -0.167532 0.178876 0.136285 -0.038597 -0.309246 0.286728 0.229036 -0.212804 -0.263475 0.147279 -0.011649 -0.259957 0.180735 -0.043431 0.079470 -0.062291 -0.147309 0.014083 -0.191227 0.131615 -0.054848 0.240075 -0.076711 -0.122644 0.282640 -0.245000 0.251403 -0.114293 -0.169318 0.154387 -0.154589 -0.044186 0.387320 -0.312960 0.038286 0.173185 -0.026093 -0.235958 -0.205695 -0.023644 -0.225738 0.110584 -0.009570 -0.061965 0.005573
jump -0.213011 0.173636 0.321741 0.135504 0.072024 -0.041305 0.231419 -0.191292 -0.344952 -0.027290 0.330252 0.002960 0.011763 -0.209678 0.141873 0.149972 -0.103127 0.060629 0.018772 0.099765 0.046041 -0.139262 0.031841 0.028261 0.246667 -0.308376 0.013461 -0.193334 -0.174160 0.141459 -0.115944 -0.018501 -0.047422 -0.161215 -0.083104 -0.007901 0.083648 0.126006 -0.351994 -0.114744 0.010728 -0.209271 -0.244660 -0.181488 0.065909 -0.113326 0.010520 0.087408 0.020298 -0.092826
junk -0.310649 0.063383 0.629855 -0.022825 0.291741 -0.301145 0.446463 -0.190284 -0.317870 0.021023 0.496561 0.419679 -0.376909 -0.598455 0.533452 0.187585 -0.439045 0.438054 0.171734 0.191429 -0.239892 -0.101533 -0.235593 -0.346545 0.169696 -0.383689 0.213155 -0.034759 0.233065 0.505075 -0.369413 0.112694 -0.363766 -0.454433 0.187830 -0.296152 0.411178 0.544915 -0.565737 -0.175774 -0.216100 -0.524526 -0.294222 -0.283281 -0.036716 -0.221599 -0.139557 0.298014 -0.173165 -0.125758
just -0.825170 0.308572 -0.090965 0.219326 0.393804 -0.154622 0.137586 0.210622 -0.444076 0.012316 -0.448269 -0.329724 0.017056 -0.493460 0.321153 -0.032134 -0.337575 0.529306 -0.406171 0.328868 0.509130 -0.809784 0.137502 -0.192106 0.576771 -0.220112 0.290375 0.039857 -0.014009 0.659675 -0.967216 0.044290 -0.262712 0.032325 0.039885 -0.509456 0.289987 -0.384949 -0.830499 -0.053967 0.390408 -0.672704 -0.077762 -0.442725 -0.411220 -0.394814 -0.392856 0.083595 -0.040908 0.064747
kanaka -0.215891 0.049162 0.461064 -0.310914 0.012093 -0.390482 0.164613 -0.190764 -0.354338 -0.116186 0.155176 0.157480 -0.127667 -0.257500 0.416281 0.120644 -0.236374 0.066458 0.246741 0.005458 -0.061339 0.108184 -0.238945 -0.208039 -0.014774 -0.149948 -0.080534 0.181781 -0.042763 0.230531 -0.093955 -0.034202 -0.026599 -0.088540 0.241616 -0.210286 0.286647 0.264698 -0.220270 -0.140029 -0.065863 -0.262330 0.066292 -0.132671 0.089674 -0.128099 0.010935 0.083114 -0.104290 -0.218603
keen -0.483725 0.078500 0.367191 -0.042413 0.134818 -0.056892 -0.124803 -0.034926 -0.246385 0.191337 0.086186 0.250474 -0.030097 -0.347641 0.205212 0.398808 -0.415717 -0.005654 0.103418 0.009853 0.020842 -0.147667 -0.083860 -0.279557 0.219684 -0.212043 -0.025481 -0.004821 0.237653 0.184847 -0.179932 0.111516 -0.089844 -0.207359 -0.377586 -0.130329 -0.055774 0.457852 -0.265376 0.150267 -0.197343 -0.249038 -0.366742 -0.370582 0.046837 -0.147695 0.120117 0.276808 0.102045 -0.120693
keenly -0.166338 0.158037 0.351793 0.063924 0.066709 -0.031966 0.317133 -0.237106 -0.250286 0.065510 0.261057 -0.017182 -0.115140 -0.343975 0.335649 0.095513 -0.285331 0.079447 0.005983 -0.140889 0.032780 -0.020704 -0.257367 -0.338041 -0.016630 -0.237914 0.007859 0.171117 0.147911 0.378873 -0.021104 -0.313124 -0.180430 -0.080684 0.083666 -0.339130 0.313576 0.021846 -0.397943 0.021481 -0.053842 -0.274819 -0.140865 0.118280 0.005041 -0.059298 -0.077795 0.288606 -0.052403 -0.314262
keep -0.255971 0.575265 0.407905 0.128622 -0.067868 0.177082 0.052485 -0.344819 -0.561343 0.374460 0.144358 -0.175876 -0.312428 -0.368116 0.473135 0.400495 -0.326551 0.023576 0.328458 0.034263 0.191583 0.054879 -0.196371 -0.061071 0.318392 -0.134620 -0.093361 0.228802 0.153643 0.284840 -0.127144 -0.404039 -0.205878 -0.205500 0.228780 -0.267322 0.434134 0.282551 0.004933 -0.080644 -0.229632 -0.440529 -0.303804 -0.177954 -0.031553 0.116574 0.058796 0.587989 0.049694 -0.041232
keeping -0.253873 0.141096 0.372699 0.081110 -0.114470 -0.186577 0.119135 -0.123400 -0.298014 -0.113521 0.343516 -0.011663 0.047798 -0.206327 0.153639 0.138089 -0.148619 -0.019114 0.025374 -0.053866 0.173597 -0.112801 0.040712 -0.107524 0.158357 -0.274187 0.095080 -0.221385 -0.123106 0.083253 -0.099898 0.108443 -0.033106 -0.132628 0.023599 0.067829 0.041386 0.080535 -0.388559 0.033584 0.074830 -0.103504 -0.127774 -0.145154 0.177240 -0.218649 0.066581 0.066742 0.025332 -0.100303
keesh -0.241196 -0.060337 0.161333 0.358696 0.410242 0.285572 -0.199425 0.048811 -0.275153 -0.429482 -0.057748 -0.124370 -0.163973 -0.253983 -0.319936 0.020063 -0.212137 0.518334 0.068421 -0.298036 -0.025266 -0.411084 0.449499 0.089966 0.575386 -0.119042 0.174835 -0.102264 -0.234527 0.075757 -0.020397 0.101609 -0.379783 -0.406965 -0.289377 0.020142 0.010926 0.065828 -0.906344 0.217614 0.306636 -0.463805 -0.670077 -0.315159 -0.357547 -0.066069 -0.196376 0.264959 0.329221 -0.076228
kept -0.365050 0.048154 0.670448 -0.294029 0.318713 -0.259855 0.258507 -0.134297 -0.322362 0.138166 0.188170 0.196250 -0.351828 -0.320218 0.494954 0.363319 -0.428840 0.159539 0.046559 0.181859 -0.256529 -0.175759 -0.258073 -0.474902 0.127719 -0.064850 0.156457 0.330642 0.078146 0.411732 -0.035195 0.002802 -0.164089 -0.077018 -0.127962 -0.343889 -0.016900 0.352477 -0.498565 -0.147441 -0.291262 -0.261144 -0.432381 -0.326478 0.022252 -0.264362 0.050598 0.338076 -0.210610 -0.144199
kicked -0.257716 -0.053637 0.277059 -0.097333 0.110866 -0.055704 0.090349 -0.150987 -0.314279 0.022583 -0.074391 -0.031776 0.105738 -0.082959 0.202928 0.185133 -0.206953 -0.113253 0.094508 -0.082110 0.135253 -0.003961 -0.104856 -0.144085 0.048436 -0.185933 -0.142950 0.045934 0.123985 0.119550 0.022953 -0.107569 -0.034479 0.050013 -0.218699 -0.209436 0.075797 -0.042053 -0.265956 0.074893 0.010707 -0.167058 -0.134055 0.025961 -0.035002 -0.066585 -0.042134 0.096177 0.064540 -0.293582
kill -0.488400 0.350207 0.119204 0.158068 -0.055115 -0.039836 0.106298 -0.273674 -0.536272 -0.030471 0.041813 -0.128819 -0.004596 -0.251324 0.151069 0.070290 -0.259289 -0.068482 0.080757 -0.014083 0.163656 -0.145407 -0.112719 0.117959 0.173097 -0.329985 -0.196937 0.023317 -0.139824 0.182332 -0.263329 -0.224135 -0.029730 -0.188121 0.028090 -0.160279 0.262939 -0.148172 -0.381603 -0.098643 0.041503 -0.398364 -0.027812 -0.131752 0.070368 0.086154 -0.165195 0.130529 0.084971 -0.145580
killed -0.324126 -0.229664 0.442393 0.113252 0.110640 -0.111922 0.033944 -0.081256 -0.289848 -0.091281 0.297241 0.207252 0.086072 -0.221347 0.212952 0.326908 -0.196349 -0.016604 0.103688 -0.010046 0.157411 -0.126912 0.114280 -0.191236 0.137768 -0.414730 0.083067 -0.243179 0.115406 0.167573 0.003287 0.026218 -0.068539 -0.187581 -0.249811 -0.159124 0.200430 0.192578 -0.559504 0.080752 0.019575 -0.255598 -0.247456 -0.174895 0.080689 -0.255091 0.047280 0.137893 0.121314 -0.295595
kind 0.051074 -0.037727 0.552388 0.247332 0.156667 -0.256522 0.403529 -0.309427 -0.279352 -0.326933 0.613331 -0.152300 -0.315374 0.004544 0.129466 0.233563 0.009826 0.359487 -0.241134 0.116883 -0.213095 -0.298030 0.136045 0.011857 -0.002846 -0.499428 0.242421 -0.042193 -0.375309 0.024367 0.031390 -0.008239 -0.098608 -0.200422 0.207884 -0.089668 0.171177 0.033644 -0.846963 -0.300287 -0.095645 -0.146196 -0.374143 -0.272952 0.411808 -0.202628 -0.070930 0.051978 -0.258594 -0.213684
kindly -0.408278 0.067228 0.248325 0.066146 0.033317 0.010444 -0.243478 -0.049702 -0.254736 0.174657 -0.052072 0.070218 -0.130702 -0.144925 0.186210 0.173358 -0.243530 -0.065422 0.034461 0.108733 -0.014407 -0.188714 -0.007711 0.006211 0.180683 0.001292 -0.019222 0.099316 -0.033108 0.185520 -0.125284 0.023201 -0.104504 -0.198626 -0.152397 -0.162397 0.087768 0.239335 -0.178452 0.018765 -0.007044 -0.204553 -0.194728 -0.355659 -0.036739 -0.029215 -0.058778 0.183155 0.053832 -0.009265
king -0.444118 0.023278 1.126289 0.335808 0.078150 0.121528 0.148635 0.327142 -0.042425 -0.444307 0.305660 0.162713 -0.778185 -0.677521 0.320581 -0.005427 -0.121943 0.805118 -0.035685 0.397932 0.122954 -0.599133 0.000485 -0.274756 0.637997 0.006509 1.011715 -0.059079 -0.316616 0.976555 -0.346050 0.398987 -0.516508 -0.489501 0.577974 -0.887353 0.389572 0.974732 -0.547161 -0.078800 0.538485 0.071658 -0.741372 -0.351364 -0.544388 -0.611071 -0.033361 0.437595 -0.105648 -0.247085
klondike -0.277372 -0.031054 0.573731 -0.257758 0.069535 -0.350225 0.109011 -0.093072 -0.176069 -0.255013 0.206297 -0.063646 -0.289413 -0.103622 0.076638 0.193117 -0.138299 0.453029 0.151875 0.045635 -0.171966 -0.139298 -0.036873 -0.150836 0.169911 -0.258335 0.329230 0.117096 -0.153599 0.148194 -0.109759 0.308293 -0.223233 -0.184177 0.091692 -0.321054 0.014391 0.336356 -0.497439 -0.104883 0.041020 -0.094981 -0.333436 -0.173457 0.073437 -0.300815 0.001796 0.063109 -0.199808 -0.283926
klosh 0.010784 -0.099064 0.355716 0.180164 -0.173639 -0.025741 -0.059828 -0.031908 -0.134712 0.004215 0.012416 -0.149917 -0.017489 -0.113301 -0.075094 0.230510 0.046985 0.259827 0.201469 0.035234 0.234018 -0.190866 -0.030251 0.004919 0.286273 -0.172647 0.197548 -0.222750 0.182534 -0.093484 -0.285271 0.319556 -0.262918 -0.220200 0.059938 -0.042220 0.090959 0.276740 -0.037879 0.031993 0.132945 -0.009776 -0.135439 -0.003999 -0.053886 -0.269296 -0.065274 0.060803 -0.072547 -0.353344
knees -0.338489 0.026838 0.432153 0.137258 0.164645 0.076452 0.143227 -0.207672 -0.250889 -0.055612 0.336306 0.224050 -0.076058 -0.448019 0.371509 0.145982 -0.494707 -0.049116 0.029826 -0.421597 0.199914 -0.168915 -0.060052 -0.521291 0.194403 -0.169105 -0.057778 0.118952 0.394631 0.418523 -0.026825 -0.062968 -0.271426 -0.130249 -0.301863 -0.210606 0.208535 0.256656 -0.517868 0.432649 0.067639 -0.265603 -0.365123 -0.063025 -0.113290 -0.173541 0.019338 0.404475 0.108986 -0.287217
knew -0.245381 -0.412526 1.075918 -0.307506 0.291388 -0.772923 0.228942 -0.614231 -0.212630 0.406809 -0.239788 -0.231550 -0.517603 -0.019656 0.195302 0.093538 -1.348308 0.316287 -0.493289 -0.144823 -0.822690 0.391246 -0.454484 -0.734833 -0.659096 -0.193040 -0.007894 1.238825 0.235200 0.284075 0.159425 -0.516200 -0.317588 0.009379 -0.020459 -1.317264 0.112776 -0.092361 -1.553362 -0.456498 -0.372914 -0.039726 -0.325161 -0.162767 0.521321 -0.233070 -0.570484 -0.093791 -0.633187 -1.331342
knife -0.396254 0.021469 0.471716 -0.114208 0.048384 -0.093398 -0.051686 0.047452 -0.142906 0.171098 0.153540 0.306012 -0.226410 -0.341306 0.292402 0.391636 -0.352542 0.092812 0.119879 0.224614 -0.115896 -0.081089 -0.156501 -0.276563 0.131025 -0.112692 0.216434 0.070680 0.134583 0.258628 -0.081076 0.146512 -0.135533 -0.270832 -0.092595 -0.274309 0.025955 0.551490 -0.185364 0.007991 -0.194607 -0.119198 -0.377938 -0.382048 -0.004185 -0.204515 0.157212 0.292951 0.007309 -0.061583
knocked -0.056523 -0.105678 0.394725 -0.144548 0.197165 -0.182650 0.172567 -0.106954 -0.204444 -0.127588 0.017237 -0.052824 0.180164 -0.058624 0.219892 0.117404 -0.120995 -0.063342 0.043418 -0.140150 0.151906 -0.008426 -0.110943 -0.232829 -0.060418 -0.126067 -0.166367 0.122299 0.014068 0.142147 0.059462 -0.130037 0.137905 0.217265 -0.044266 -0.210738 0.067139 -0.098434 -0.366472 0.019265 0.081182 -0.143698 -0.031354 0.145433 0.065669 -0.167789 0.085279 -0.087403 0.031970 -0.432771
knots -0.269453 -0.024685 0.343828 -0.191292 0.114345 -0.317803 0.024404 -0.106652 -0.315349 -0.117224 0.159273 -0.013473 -0.051903 -0.065331 0.288325 0.099246 -0.143767 0.065311 0.063505 0.003112 0.073039 -0.134809 -0.034073 -0.126781 0.090342 -0.176398 -0.029401 0.205103 -0.046408 0.208223 -0.174069 0.071907 -0.028553 -0.060540 -0.076248 -0.246341 0.157158 0.240437 -0.437066 -0.087534 -0.086446 -0.210632 0.010649 -0.217422 0.177170 -0.168152 -0.166601 0.065724 -0.080832 -0.161063
know -1.016397 0.699291 0.562546 0.870290 0.461422 -0.139904 0.411328 -0.812414 -0.739322 0.083124 -0.161076 -0.210174 -0.403415 -0.725944 0.499336 -0.261396 -1.691258 0.521118 -1.086426 0.211468 -1.066962 -0.468213 -0.303576 0.011898 -0.239744 -0.265506 -0.486824 1.013065 -0.759716 0.803955 -0.760362 -1.030650 -0.363480 -0.788925 0.489790 -1.142338 1.031518 -0.407785 -1.558664 -0.445974 0.495726 -1.097003 -0.649310 -0.853194 0.134155 0.373745 -0.726022 0.076608 -0.169364 -0.602188
known -0.412527 0.383191 0.182461 0.279006 0.009750 0.078852 -0.110053 -0.392205 -0.668587 -0.165460 -0.126233 -0.342491 -0.057455 -0.100393 0.055375 0.158089 -0.304346 0.123208 0.073986 -0.112497 0.212239 -0.252801 0.096898 0.161714 0.331799 -0.269941 -0.015791 0.076148 -0.181275 0.236816 -0.129494 -0.244947 -0.264832 -0.338187 0.159349 -0.366834 0.291617 -0.314009 -0.665677 0.063998 0.177387 -0.259192 -0.133939 -0.280094 0.023774 0.146882 -0.239196 0.202361 0.123106 -0.192724
knows -0.121874 -0.168309 0.496099 -0.189333 0.164054 -0.315481 -0.106806 -0.377848 -0.345520 0.077237 -0.120304 -0.180762 -0.034566 0.138984 0.232422 0.202606 -0.319567 -0.053590 -0.065222 -0.114418 -0.253433 0.063083 -0.157550 -0.092837 -0.234635 -0.063546 -0.270698 0.595726 -0.098623 0.204976 0.147064 -0.326697 -0.040398 -0.024560 -0.105816 -0.475371 0.169409 0.006874 -0.629980 -0.199854 -0.184235 -0.164882 -0.036577 -0.125830 0.305596 0.052983 -0.327054 -0.004129 -0.196530 -0.464401
koogah -0.282442 0.236718 -0.012081 0.556709 0.024378 0.429647 0.038408 -0.256623 -0.514995 -0.215848 -0.117067 -0.294207 0.063630 -0.200871 -0.100599 0.153482 -0.017888 0.218031 0.053324 -0.146352 0.573739 -0.534895 0.361155 0.251644 0.647240 -0.332180 -0.066546 -0.425522 0.018844 -0.053993 -0.421492 0.254502 -0.363366 -0.296916 -0.103538 0.226202 0.167315 -0.127061 -0.226101 0.430928 0.514657 -0.208404 -0.328447 -0.142538 -0.379831 -0.066249 -0.004104 0.131490 0.211582 -0.130237
kwan 0.349042 0.310415 0.265415 0.982136 -0.311817 0.449524 0.332063 -0.464784 -0.491417 0.167961 0.219846 -0.318875 -0.522900 -0.421996 0.157582 0.403192 -0.109064 0.592576 0.383662 -0.236090 0.549504 -0.317031 -0.348907 -0.128831 0.460532 -0.384947 0.419500 0.245933 0.845362 -0.336366 -1.154888 0.753665 -0.401017 -0.436058 0.285926 0.112535 0.006616 0.767997 -0.256616 0.275629 -0.319384 -0.401763 -0.145750 -0.035466 -0.028113 0.180390 -0.670995 0.677331 -0.061304 -0.289276
lake -0.368879 -0.249666 0.433626 0.160959 0.187012 -0.055286 0.292757 -0.007602 -0.001052 -0.156634 0.428094 0.368718 0.036534 -0.436227 0.080776 0.144938 -0.135662 0.096519 -0.133262 -0.017098 0.011590 -0.270039 -0.108949 -0.428680 0.065491 -0.473347 0.273954 -0.352313 0.079939 0.398122 -0.025676 0.122424 -0.148730 -0.167603 -0.349974 -0.105238 -0.007744 0.343782 -0.555194 0.169851 -0.010041 -0.110142 -0.315076 0.001453 0.072653 -0.387490 0.054061 0.094179 -0.005675 -0.306729
land -0.247151 0.067934 0.663357 0.245837 0.325791 0.241045 0.138753 0.221390 -0.141509 -0.173573 0.314665 0.149911 -0.538539 -0.520748 0.304318 0.104095 -0.062121 0.488968 0.043155 0.303033 0.124606 -0.525396 -0.177277 -0.332405 0.484051 -0.096319 0.541173 0.136808 0.065597 0.865946 -0.342208 0.100976 -0.299374 -0.277684 0.157296 -0.757881 0.284312 0.604663 -0.414603 -0.038843 -0.009955 -0.182472 -0.431116 -0.266514 -0.301744 -0.263346 -0.232858 0.437794 0.075390 -0.191094
landed -0.116642 -0.025225 0.391516 0.124441 0.382340 0.147361 0.174526 -0.178237 -0.336365 -0.155681 0.090877 0.034995 -0.253086 -0.222568 0.305472 0.119499 -0.174506 0.210784 0.079261 -0.089710 0.023946 -0.293813 0.044010 -0.226456 0.287098 -0.055178 0.099905 0.117683 0.042094 0.422893 0.081929 -0.140837 -0.244150 -0.077153 -0.010915 -0.285913 0.223221 0.012814 -0.454452 0.085385 0.111671 -0.273618 -0.408354 -0.132808 -0.237809 -0.081307 -0.049083 0.318983 0.100840 -0.120146
landing -0.321673 -0.119906 0.517824 0.113782 0.101272 -0.006051 0.071614 -0.008469 -0.201151 -0.135788 0.306605 0.118257 -0.025326 -0.301115 0.151492 0.213879 -0.014584 0.164327 0.019393 -0.065807 0.141531 -0.322806 0.041745 -0.210342 0.338752 -0.222347 0.306346 -0.260332 -0.048113 0.315466 -0.029177 0.191442 -0.147155 -0.169040 -0.267546 -0.108789 0.008444 0.324594 -0.370932 0.167733 0.132423 -0.127017 -0.434029 -0.153487 -0.106907 -0.332180 0.017848 0.276040 0.044894 -0.117278
large -0.614825 0.049945 0.618672 0.235968 0.112606 -0.191232 0.516646 0.056999 -0.257663 -0.080363 0.698734 0.121185 -0.159179 -0.333183 0.095697 0.507195 -0.255352 0.059242 -0.072968 0.384925 0.045816 -0.271159 -0.171778 -0.310147 0.247721 -0.774146 0.287525 -0.247046 0.122373 0.214219 -0.313162 0.386467 0.147475 -0.108789 -0.485543 -0.516096 -0.251474 0.343641 -0.844756 -0.195220 -0.240041 -0.240732 -0.617944 -0.123198 0.396138 -0.476182 0.041589 0.114312 -0.059710 -0.348663
last -0.432061 0.073996 0.315745 0.259906 0.502608 0.066317 0.463091 -0.106419 -0.604677 -0.786818 -0.004148 0.008331 -0.692040 -0.330031 0.384477 -0.582910 -0.540079 0.528826 0.112928 0.118776 -0.375487 -0.562971 0.283112 -0.256858 0.477073 -0.173722 0.405768 -0.059022 -0.357685 0.561764 -0.320928 0.365473 -0.736597 -0.328849 0.472969 -0.300255 0.488840 0.055229 -0.876425 0.084444 0.952747 -0.554060 -0.588333 -0.225383 -0.573319 -0.229425 -0.128724 0.149523 0.097290 0.014879
late -0.250155 -0.110779 0.395679 0.187449 0.102378 -0.044917 0.231855 -0.058381 -0.148423 -0.254287 0.224674 -0.066633 0.041795 -0.211794 -0.093769 0.073607 -0.029927 0.206720 -0.187116 0.107806 0.114838 -0.303498 0.083914 -0.002736 0.227555 -0.328656 0.149985 -0.260283 -0.320470 0.171407 -0.127838 0.068640 0.005824 -0.045507 -0.196627 -0.139474 -0.004917 0.032306 -0.497758 -0.056040 0.165802 -0.147865 -0.422530 -0.059067 -0.004571 -0.259469 -0.062639 0.003794 -0.022083 -0.240958
later -0.869385 -0.079925 0.484522 0.107857 0.039128 -0.399679 0.466833 0.034619 -0.385642 -0.397531 0.382846 0.252167 0.092787 -0.124577 -0.050849 0.150333 -0.146475 -0.550937 0.037061 0.311322 0.252933 -0.302443 -0.258353 -0.075338 0.083416 -0.605482 -0.065250 -0.207044 -0.118993 0.280170 -0.358284 0.480426 0.494071 -0.025309 -0.555669 -0.395233 -0.339460 0.138093 -0.812326 -0.217235 -0.077296 -0.136971 -0.039093 0.049446 0.532424 -0.287759 -0.234701 -0.248949 -0.130098 -0.301879
laugh -0.460702 0.149023 0.324593 -0.139787 -0.089140 -0.355074 0.086597 -0.047379 -0.250360 0.053134 0.222673 -0.065160 -0.259666 -0.099090 0.155198 0.199030 -0.382057 0.050898 0.117849 0.091437 -0.155877 0.076018 -0.176812 -0.164423 -0.005733 -0.159865 0.024505 0.175796 0.026040 0.057455 -0.131857 0.178135 -0.031671 -0.175026 0.022405 -0.346860 0.064826 0.184812 -0.406654 -0.127374 -0.104893 -0.295128 -0.178239 -0.115135 0.192173 -0.177821 -0.063846 0.088451 -0.169169 -0.072883
laughed -0.474200 -0.101188 0.426968 -0.030569 0.208778 -0.250570 0.195992 -0.259642 -0.332383 0.139570 0.082433 -0.173016 0.008537 -0.130306 0.464031 0.029337 -0.692096 -0.211146 -0.149101 -0.142613 -0.003403 -0.083890 -0.181855 -0.362243 -0.085280 -0.039232 -0.299384 0.475215 0.254721 0.450050 -0.202408 -0.088395 -0.033643 0.089476 -0.461839 -0.618823 0.112326 -0.032332 -0.710376 0.033492 0.013496 -0.404992 -0.389508 0.101152 -0.016881 -0.135933 -0.441934 0.234122 -0.167085 -0.275077
laughter -0.326347 0.104857 0.247077 -0.194504 0.017860 -0.264197 -0.094499 0.129542 -0.190051 -0.023177 0.203892 0.083484 -0.122980 -0.158329 0.097137 0.228709 -0.236507 0.137181 0.161533 0.032034 -0.092456 0.070586 -0.069192 -0.226455 0.124607 -0.155569 0.113190 0.058988 0.009400 0.063516 -0.142940 0.186175 -0.028167 -0.119446 -0.035903 -0.204760 -0.055998 0.367075 -0.238348 0.015577 -0.153361 -0.202761 -0.171122 -0.261579 0.169881 -0.193452 0.026710 0.133190 0.028306 0.007442
law -0.258913 0.069395 1.013825 -0.119587 0.272275 -0.334482 0.266057 -0.219262 -0.372863 -0.143395 -0.030609 0.147725 -0.395673 -0.362629 0.536004 0.297202 -0.331065 0.399263 0.126953 0.339770 -0.045384 -0.189023 -0.250161 -0.259939 0.048193 -0.171698 0.237912 0.185490 -0.018503 0.687829 -0.349449 -0.033972 -0.315006 -0.168369 0.622175 -0.707598 0.331234 0.495251 -0.508286 -0.256616 -0.018316 -0.068974 -0.145496 -0.281495 0.059834 -0.186579 0.031681 0.015272 -0.264502 -0.530491
laws -0.140961 -0.015508 0.778406 -0.045852 0.192262 -0.089213 0.114564 -0.156039 -0.197461 -0.138520 0.287758 0.114355 -0.196583 -0.273897 0.311027 0.368873 -0.032023 0.430415 0.079036 0.172734 -0.070918 -0.219603 0.083162 -0.128653 0.291408 -0.237988 0.242049 -0.157646 -0.230190 0.312626 -0.112826 0.104561 -0.294956 -0.232826 0.178141 -0.150270 0.179999 0.705261 -0.177301 -0.043272 0.093214 -0.029592 -0.508294 -0.368559 -0.062327 -0.291978 0.281749 0.156105 -0.063711 -0.183173
lay -0.277519 -0.110114 0.538076 -0.209339 0.189709 -0.167416 0.345520 -0.573232 -0.330138 0.080640 0.417296 -0.221718 -0.111056 0.000376 0.373072 0.234482 -0.302156 -0.186818 0.230045 -0.477642 0.181264 0.103202 -0.255493 -0.390703 -0.161185 -0.292306 -0.320703 0.412490 0.478116 0.423465 0.268408 -0.393063 -0.220859 0.006875 -0.383255 -0.543671 0.423125 -0.084344 -0.581922 0.103792 -0.199994 -0.401332 -0.154597 0.470581 0.101573 -0.034876 -0.259795 0.385777 -0.194833 -0.564870
leap -0.274986 0.140792 0.203552 0.010801 0.061835 -0.064911 0.130867 -0.026057 -0.256808 0.051707 0.182978 -0.011806 -0.015956 -0.176746 0.100680 0.191072 -0.160862 0.036740 0.022366 0.095909 -0.025136 -0.033150 -0.109378 -0.091125 0.143048 -0.257872 0.038736 -0.001402 0.003361 0.076989 -0.143420 0.055592 -0.004108 -0.063855 -0.171815 -0.176478 -0.031249 0.147486 -0.281328 -0.068050 -0.074881 -0.194334 -0.251718 -0.100024 0.062162 -0.153434 -0.017749 0.139518 0.001870 -0.082172
learned -0.391972 0.210278 0.211383 0.101904 0.182137 -0.113546 -0.055138 -0.141541 -0.499717 -0.191838 -0.073746 -0.208176 -0.061789 0.062049 0.252055 0.023895 -0.329689 0.050636 -0.024381 -0.062175 0.222102 -0.151268 0.308516 0.010062 0.206061 -0.052995 -0.078587 0.097328 -0.091630 0.200331 -0.182304 -0.045148 -0.221534 -0.112443 0.144570 -0.296351 0.219973 -0.113854 -0.578661 -0.005222 0.356349 -0.181211 -0.082523 -0.367944 -0.022074 -0.027960 -0.078084 -0.048366 0.125413 -0.081742
least 0.096717 -0.170989 0.526553 0.108159 0.305926 -0.005967 0.369155 -0.300374 -0.185103 -0.186040 0.082561 0.068214 -0.499059 -0.184018 0.109059 0.113502 -0.175808 0.480017 0.073248 0.187755 -0.224207 -0.227116 -0.068340 -0.233224 0.121648 -0.521475 0.313365 0.026573 0.189008 0.175145 -0.036439 0.177429 -0.472748 -0.204275 0.151771 -0.236698 0.167050 0.236350 -0.510959 -0.153851 0.062249 -0.086469 -0.505520 -0.132057 0.003656 -0.120655 0.012934 0.166816 -0.137509 -0.514470
leave -0.171151 0.281560 0.149182 0.106504 -0.028019 -0.101581 0.079455 -0.355129 -0.553934 -0.008482 0.089315 -0.338758 0.046241 0.005034 0.218020 0.132821 -0.250739 0.015517 0.115571 -0.057288 0.198549 0.024248 0.082367 0.175985 0.179563 -0.221419 -0.198267 0.024153 -0.138355 0.054791 -0.160305 -0.286458 -0.080694 -0.074687 0.092966 -0.182737 0.306405 -0.228583 -0.224440 -0.062040 -0.008889 -0.284896 -0.082991 -0.131371 0.154004 0.080967 -0.205247 0.111883 0.026540 -0.069027
leaves -0.102171 0.057218 0.521522 -0.095678 0.179764 -0.042659 0.232036 -0.333705 -0.359368 -0.011400 0.154538 -0.043722 -0.276668 -0.104587 0.244112 0.384755 -0.108659 0.249916 0.240852 0.125539 -0.046799 -0.201539 -0.025122 -0.041496 0.275359 -0.244290 0.097626 0.061598 0.051092 0.129880 0.063596 0.030807 -0.220306 -0.138658 -0.048433 -0.104761 0.066692 0.165509 -0.368567 -0.097053 -0.262320 -0.162218 -0.352080 -0.269666 -0.003526 -0.037177 0.039393 0.258245 -0.101783 -0.148290
leaving -0.293086 -0.008681 0.293253 -0.179644 0.014090 -0.255218 -0.063131 -0.152138 -0.403677 -0.055906 -0.040295 0.154722 0.178478 -0.087268 0.188528 0.276573 -0.173425 -0.180284 0.110723 0.007571 0.247434 -0.022115 -0.003962 0.003617 0.038912 -0.263146 -0.204838 -0.201190 -0.018263 0.025996 -0.188101 -0.038480 -0.010833 0.095970 -0.173229 0.062293 -0.014927 0.167004 -0.134525 0.048914 -0.053547 -0.077827 -0.015522 -0.275615 0.184010 -0.040940 0.095939 -0.003494 0.074828 -0.166816
led -0.251420 0.176428 0.087911 0.164958 0.082730 -0.121012 0.419055 -0.371403 -0.612969 0.044349 0.063085 -0.234265 0.238290 -0.200823 0.250036 -0.054568 -0.275332 -0.177160 0.000951 -0.126466 0.206979 0.139532 -0.221633 -0.012749 -0.013313 -0.403391 -0.342059 0.056238 -0.084059 0.251730 -0.188134 -0.610462 0.039115 0.081190 -0.067141 -0.379570 0.424410 -0.420698 -0.462077 -0.163350 0.009019 -0.480904 0.120664 0.248038 0.085298 0.049277 -0.377335 0.052989 0.014077 -0.402080
left -0.295606 0.021623 0.563861 0.004973 0.129974 -0.026910 0.001220 -0.126440 -0.484734 0.159417 0.040904 0.236549 -0.193384 -0.633532 0.595656 0.119471 -0.463685 0.084609 0.117500 -0.058070 0.163563 -0.101445 -0.204176 -0.400316 0.229463 0.010294 0.099866 0.149152 0.044465 0.672133 -0.035787 -0.446685 -0.254824 -0.178790 0.124138 -0.421700 0.583688 0.233565 -0.287765 -0.040020 0.038882 -0.412710 -0.278622 -0.256351 -0.389543 -0.255269 -0.197360 0.563282 0.085335 -0.179846
legs -0.688781 0.362226 0.404311 0.138445 -0.063150 0.019677 0.105238 -0.258898 -0.314526 -0.021994 0.309781 0.468235 -0.374744 -0.644346 0.430740 0.364274 -0.687892 0.015045 0.259490 -0.199369 0.216606 -0.298382 -0.087288 -0.439072 0.308390 -0.250469 0.123909 -0.122694 0.560641 0.363612 -0.265224 0.227939 -0.497472 -0.487988 0.022248 0.099500 0.156308 0.475439 -0.321482 0.484255 -0.037479 -0.270308 -0.388195 -0.383905 -0.108732 -0.044636 0.292674 0.545757 0.047001 0.032037
length 0.062137 0.179879 0.197071 0.297805 0.174928 0.374853 0.363788 -0.247340 -0.196740 -0.002555 0.100714 -0.039265 -0.229268 -0.359691 0.058324 0.098504 0.115171 0.313663 0.127677 0.154670 0.095175 -0.322095 -0.088129 -0.000678 0.335344 -0.400336 0.276017 -0.177850 0.055241 0.268654 0.011071 -0.123538 -0.317221 -0.186214 0.079313 -0.080359 0.221598 -0.060872 -0.214128 -0.095319 0.010943 -0.190254 -0.379565 0.049954 -0.248343 0.051049 0.024273 0.387220 0.106795 -0.163343
less -0.366136 0.243658 0.501393 0.219221 -0.109778 -0.201372 0.184610 -0.029466 -0.255168 -0.470910 0.395968 0.002449 -0.577084 -0.157900 0.044213 0.124832 -0.117483 0.153135 0.193609 0.177100 0.185505 -0.415114 0.003294 -0.005189 0.315369 -0.194058 0.373724 0.020704 -0.024473 0.220174 -0.253377 0.495030 0.056561 -0.261595 0.376506 -0.251366 -0.066541 0.029621 -0.678991 -0.154107 -0.009818 -0.138337 -0.195989 -0.239140 0.257400 -0.009825 -0.019497 0.116848 -0.082794 -0.027056
let -0.588756 0.318485 0.349157 -0.194351 -0.237340 -0.421884 -0.542991 -0.141114 -0.819879 -0.102250 -0.159565 -0.285406 0.184625 0.001321 0.091650 0.158331 -0.368487 0.008201 0.185763 -0.303759 0.339082 0.111806 0.281189 0.224327 0.397959 -0.140896 -0.410418 0.061100 -0.453199 -0.263825 -0.379352 0.114012 -0.050899 -0.308811 0.130006 0.033246 0.259497 0.314897 -0.228901 0.042578 0.380110 -0.307878 -0.027432 -0.676589 0.151704 -0.227236 0.029931 -0.113615 0.170979 -0.187989
license -0.395597 0.399436 0.640131 0.147977 0.249448 0.077748 0.565294 -0.554890 -0.641048 -0.106472 0.053294 -0.076555 -0.019274 -0.261960 0.568729 0.371017 -0.084679 -0.073447 -0.075687 0.446150 0.058273 -0.359002 -0.024882 0.011158 0.200386 -0.596074 -0.205169 0.055475 -0.336428 0.344008 -0.221724 -0.179486 0.014428 0.019469 -0.222917 -0.260242 0.070882 0.501735 -0.136798 -0.181185 -0.020429 -0.166656 -0.323121 -0.340963 0.261908 0.083656 0.280541 0.121490 0.199646 -0.371228
licked -0.177605 -0.154120 0.373392 -0.373514 0.068226 -0.394648 0.063227 -0.152886 -0.245187 0.080758 0.028987 0.183535 0.298233 -0.152278 0.347187 0.259684 -0.220056 -0.098387 0.175291 -0.111390 0.039182 0.094478 -0.149252 -0.249226 -0.094332 -0.167920 -0.148720 -0.077135 0.124559 0.018156 0.019322 -0.002514 -0.012961 0.066124 -0.147905 0.027024 0.085015 0.088901 -0.201699 0.068479 -0.024713 -0.132147 0.042377 -0.033910 0.026517 -0.252984 0.139478 -0.001956 -0.043179 -0.240444
licking -0.349036 0.079628 0.351797 -0.063971 -0.036047 -0.224793 -0.164520 -0.088306 -0.259766 0.110997 0.056701 0.066497 -0.047290 -0.193073 0.190790 0.225754 -0.427243 0.008612 0.031484 0.002619 -0.044165 -0.011061 -0.048501 -0.181789 0.055441 -0.140347 0.027226 0.064274 0.047147 0.109692 -0.116914 0.042610 -0.178092 -0.248545 -0.059188 -0.148831 0.087496 0.285216 -0.329287 0.053652 -0.052129 -0.147163 -0.199875 -0.326345 0.163795 -0.137598 -0.000995 0.146813 -0.019265 -0.118872
lie -0.156873 0.273300 0.007070 0.255516 0.043714 0.234717 0.012773 -0.181775 -0.199148 0.016238 -0.043821 -0.140798 -0.169306 -0.102145 0.073206 0.154151 -0.143637 0.076916 0.084991 0.129027 0.078407 -0.244139 0.042455 0.078330 0.249055 -0.063610 0.001550 0.044078 0.133434 0.166833 -0.214889 -0.051029 -0.200452 -0.163010 0.114785 -0.188230 0.118828 -0.043031 -0.073105 0.046185 -0.055455 -0.135147 -0.130137 -0.099708 -0.063539 0.148614 -0.096462 0.153633 -0.042219 0.045501
life -0.168461 0.145285 0.396231 0.656408 0.070534 0.229073 0.248697 -0.315184 -0.168940 0.198340 0.622358 0.077942 -0.496632 -0.461569 -0.052844 0.110552 -0.689527 0.356212 -0.551754 -0.034333 -0.454869 -0.312460 0.074158 -0.391739 0.228429 -0.253758 0.348773 0.216916 0.020270 0.271943 -0.048307 0.118079 -0.470516 -0.598017 -0.217707 -0.267994 -0.173779 0.214136 -1.039181 0.091213 -0.217370 -0.112432 -0.769618 -0.440870 0.195824 -0.116995 -0.322878 0.402865 -0.054654 -0.169049
lifted -0.318188 -0.111405 0.528781 -0.128411 0.157223 -0.291061 0.043641 -0.011441 -0.285170 -0.222453 0.163080 0.210605 -0.040628 -0.268410 0.238736 0.318801 -0.223185 0.163112 0.237821 0.019118 0.014026 -0.204118 -0.052974 -0.184666 0.164747 -0.241646 0.178538 -0.074772 0.049224 0.192289 -0.045740 0.209708 -0.117278 -0.206011 -0.013488 -0.166644 0.053100 0.137401 -0.662063 0.018305 0.011881 -0.234070 -0.228030 -0.183129 0.001927 -0.228918 0.001077 0.099382 -0.000678 -0.202285
light -0.085460 0.119756 0.307453 0.289879 0.299338 0.278119 0.278854 0.036112 -0.385667 0.057532 0.415289 0.057315 -0.483474 -0.366658 0.200031 0.394391 0.026004 0.611354 0.295087 0.373805 -0.187416 -0.276993 0.032056 -0.091133 0.571524 -0.432540 0.581909 -0.196514 0.047267 0.229829 0.024467 -0.012168 -0.357615 -0.462816 0.061301 -0.285513 0.390336 0.247283 -0.457291 -0.186730 -0.209925 -0.474866 -0.572707 -0.294750 -0.259323 -0.247956 -0.032207 0.560720 0.115441 0.085906
lighted -0.448882 -0.228902 0.442059 -0.316893 0.030926 -0.529921 -0.140146 0.126854 -0.242318 0.016215 0.248010 0.353496 -0.140634 -0.322028 0.277394 0.293510 -0.418964 0.066496 0.130828 -0.065193 -0.234644 0.115888 -0.262219 -0.438670 -0.099560 -0.272497 0.110182 0.250845 0.151744 0.155641 -0.025961 0.066149 0.044035 -0.231461 -0.152932 -0.412695 0.195432 0.356168 -0.745155 -0.080090 -0.266160 -0.461991 -0.051320 -0.248418 0.187201 -0.315093 -0.190838 0.221109 -0.073656 -0.230798
like -0.770792 0.181957 0.555141 0.231584 -0.004086 -0.520307 -0.192841 0.044691 -0.573835 -0.273292 -0.042763 0.135142 -0.152487 -0.381119 0.090260 -0.008533 -0.639018 -0.116138 -0.057256 0.174279 -0.132922 -0.424111 -0.436179 0.164070 0.039079 -0.209020 0.053963 0.202340 -0.768787 0.196697 -0.542986 -0.365154 0.571079 -0.106214 0.123608 -0.319711 0.106421 -0.028969 -0.608928 -0.166521 -0.301020 -0.504384 -0.075366 -0.522415 0.701454 0.028145 -0.168285 -0.130118 -0.083952 -0.177243
likewise -0.387387 -0.106100 0.214817 0.073252 0.208294 0.056757 -0.168546 0.032894 -0.308760 -0.016345 -0.164990 0.136287 0.177984 -0.247419 0.146833 0.183857 -0.097079 -0.021366 -0.054869 0.055242 0.177115 -0.369624 -0.052342 -0.222467 0.143525 -0.239822 -0.023509 -0.053440 0.036152 0.331034 -0.153108 -0.056205 -0.109092 -0.088170 -0.309079 -0.227625 0.139211 0.177298 -0.274779 0.159795 0.068579 -0.177362 -0.065527 -0.295089 -0.032716 -0.155262 -0.068644 0.083533 0.265063 -0.267212
limited 0.053991 0.176078 0.009913 0.521338 -0.041300 0.378324 0.221094 -0.388457 0.014511 0.312906 0.293979 -0.221705 -0.182120 -0.123346 -0.158832 0.007687 -0.056683 0.201343 -0.289168 -0.011819 -0.135402 -0.059432 0.084021 0.180340 0.099675 -0.326264 0.030776 0.055537 -0.081924 0.021783 0.102686 -0.303209 -0.096435 -0.350790 -0.015051 -0.111842 0.227359 -0.136361 -0.248743 -0.177320 -0.070452 -0.139801 -0.361875 -0.009053 0.036234 0.138465 -0.115759 0.222863 0.011495 -0.188879
line -0.303942 0.102373 0.514153 -0.074268 0.318262 -0.171155 0.576716 -0.106233 -0.419984 -0.387248 0.721891 -0.045571 -0.464712 -0.218249 0.264621 0.423477 0.082301 0.604839 0.235350 0.175648 -0.075373 -0.355229 -0.069965 -0.318259 0.489439 -0.500836 0.438762 -0.121900 -0.016684 0.447363 -0.068965 0.254900 -0.182248 -0.102255 -0.053586 -0.431905 0.055274 0.220564 -0.603810 -0.065422 -0.244411 -0.411122 -0.525941 -0.142903 0.050737 -0.322610 -0.079940 0.337892 -0.099497 0.035719
lines -0.341494 -0.093110 0.639962 -0.209418 0.166341 -0.209550 0.015480 -0.131836 -0.341718 -0.205459 -0.004786 0.227093 -0.029915 -0.298342 0.275968 0.482873 -0.222533 0.177821 0.321183 0.200484 0.160254 -0.258858 -0.012410 -0.106064 0.241547 -0.357608 0.208157 -0.277271 0.004904 0.176461 -0.150204 0.164618 -0.205317 -0.094733 -0.069953 -0.073471 0.041564 0.352301 -0.312087 0.091527 -0.075968 -0.105495 -0.428321 -0.356920 -0.023172 -0.279194 0.301816 0.169972 0.009502 -0.205909
lips -0.440495 0.664937 0.792241 -0.298121 0.024624 -0.508373 0.224343 -0.272051 -0.497550 -0.343709 0.693010 0.342866 -0.569254 -0.587010 0.645908 -0.008538 -0.802063 0.366262 0.278826 -0.482003 -0.171393 -0.017877 -0.140964 -0.681117 0.217992 0.107108 0.013236 0.320350 0.073425 0.436994 -0.210592 0.260487 -0.595198 -0.463804 0.787733 0.070724 0.283892 0.676034 -0.651844 0.324079 0.214891 -0.335235 -0.079283 -0.447748 0.086324 -0.246061 0.330806 0.184473 -0.141339 -0.102752
listen -0.178152 0.555910 0.087527 0.389276 0.028777 0.290208 0.327336 -0.297606 -0.461669 0.064847 0.030426 -0.012704 -0.082091 -0.533539 0.337105 0.103406 -0.179490 -0.015975 0.116424 0.026534 0.192031 -0.214587 -0.423747 0.023914 0.115533 -0.233600 -0.193637 0.121186 0.038438 0.404777 -0.269741 -0.579199 -0.036010 -0.166805 0.282665 -0.251538 0.446366 -0.146633 -0.124508 -0.076805 -0.125722 -0.441707 -0.034669 0.085902 -0.102053 0.293919 -0.167293 0.378575 0.076065 -0.123450
listened -0.196236 0.008747 0.222181 -0.114736 0.109746 -0.162511 0.117280 -0.202451 -0.152047 0.131285 0.218806 0.062663 -0.015547 -0.255001 0.360393 0.092847 -0.258393 0.031327 0.023004 -0.187887 0.071186 0.035939 -0.181473 -0.302373 -0.096802 -0.239003 -0.133578 0.265061 0.239351 0.259922 -0.050547 -0.216846 -0.036572 -0.112811 -0.041907 -0.222273 0.316281 0.187732 -0.327428 0.010632 -0.209270 -0.337442 0.051511 -0.028438 0.126140 -0.064869 -0.049942 0.200150 0.026977 -0.270887
literary -0.405174 0.150101 0.684294 -0.155350 0.353423 -0.170795 0.420905 -0.779724 -0.826861 -0.177187 -0.199965 -0.297363 0.531060 -0.076567 0.446349 0.676566 0.014951 -0.113970 0.029023 0.311082 0.243091 -0.209723 0.108936 0.178189 0.107321 -0.831082 -0.553989 -0.331262 -0.424798 0.126553 -0.173401 -0.453885 -0.136649 0.243457 -0.485856 -0.069976 0.178104 0.270541 -0.100104 -0.146142 0.175835 -0.156315 -0.387170 -0.194911 0.237019 0.045586 0.375728 -0.002965 0.093140 -0.497716
little -0.366554 -0.088809 0.049681 0.291486 0.126881 -0.172752 0.298860 0.063494 -0.777341 -0.232157 0.496946 0.216056 -0.590836 -0.096788 0.292566 0.224429 0.286423 0.105644 0.367321 0.284433 0.106949 -0.422492 -0.163600 -0.061186 0.513684 -0.461663 0.215622 -0.051585 0.437767 0.382807 -0.429086 0.362039 0.087576 -0.085843 -0.048692 -0.592408 0.309475 -0.106759 -0.833939 -0.255899 -0.340474 -0.745808 0.347990 -0.099116 0.003545 -0.186233 -0.736664 0.268965 -0.181636 0.126845
live -0.183513 0.383529 0.115948 0.559547 0.214231 0.613845 0.545456 -0.202482 -0.252279 -0.027253 0.321828 0.012198 -0.346835 -0.624683 0.114654 0.238710 0.010484 0.234795 0.102362 -0.097220 0.187086 -0.415233 -0.323823 -0.319009 0.357639 -0.418283 0.305221 -0.052466 0.282829 0.600663 0.113272 -0.454441 -0.282103 -0.163964 -0.019377 -0.366743 0.286144 -0.198138 -0.387085 0.128659 -0.066707 -0.422629 -0.458561 0.295556 -0.323246 0.125659 -0.071027 0.689942 0.191073 -0.199790
lived -0.039782 -0.034185 0.389684 0.002297 0.362042 -0.196754 0.452707 -0.443539 -0.253136 -0.143768 0.151320 -0.348248 -0.253886 0.222665 0.309661 0.170097 -0.308633 -0.022231 -0.132242 -0.111553 -0.177542 -0.073064 -0.151323 -0.210147 -0.223708 -0.051625 -0.282057 0.689447 0.173902 0.369047 0.141201 -0.385493 -0.020829 0.262425 -0.064154 -0.724296 -0.026593 -0.314110 -0.766272 -0.163792 -0.304159 -0.134139 -0.133118 0.249606 0.282919 0.169306 -0.376032 0.018119 -0.356748 -0.377420
living -0.160793 -0.001189 0.511025 0.042798 0.134736 -0.092952 -0.080723 -0.091951 -0.343507 -0.047291 0.228857 0.074514 -0.212287 -0.129108 0.192023 0.273205 0.020177 0.169784 0.075102 0.130179 0.029568 -0.228950 0.116682 0.010357 0.289381 -0.234132 0.145959 -0.078203 -0.183618 0.137093 -0.001709 0.044417 -0.158568 -0.170723 -0.006015 -0.050004 0.152639 0.365599 -0.419121 -0.132421 -0.038061 -0.148615 -0.288289 -0.418453 0.092073 -0.177835 0.069827 0.174058 0.000727 -0.140878
ll -0.536287 0.189732 1.170664 -0.311941 0.800303 -0.925497 -0.116342 -0.143424 -1.125503 0.309829 -0.034149 -1.093404 0.626829 0.581492 1.152555 0.016614 -0.989673 -0.414722 -0.788508 -0.088304 0.208111 0.408253 0.401883 -0.149325 -0.293706 0.504552 -1.211232 1.104278 -0.843054 0.482409 -0.342155 -0.845089 0.431062 0.657010 -0.302987 -1.233957 0.418354 0.077530 -1.059804 -0.572234 0.630906 -0.684882 -0.477832 -0.541496 0.523176 -0.594115 -0.272560 -0.576087 -0.007469 -0.577822
located -0.240925 -0.010327 0.319373 0.254096 0.298885 0.213879 0.176200 -0.258537 -0.246658 -0.148100 0.016014 -0.148591 0.013269 -0.096145 0.107467 0.102852 -0.171060 0.118833 -0.079290 0.032964 0.122536 -0.395565 0.138777 0.034923 0.256518 -0.279624 0.027731 -0.073181 -0.084657 0.261397 -0.092969 -0.161833 -0.125674 -0.064429 -0.211879 -0.248101 0.158935 -0.041324 -0.327359 0.091642 0.213791 -0.160870 -0.467847 -0.076819 -0.145564 -0.055364 0.039348 0.107993 0.087484 -0.261564
long -0.898490 -0.043828 0.084398 -0.193282 0.427847 -0.043612 0.095293 -0.210329 -0.190928 -0.504367 -0.042833 0.329781 -0.217646 -0.158890 -0.090184 -0.058040 -0.507923 0.127138 0.425652 -0.083570 -0.202973 -0.372068 0.161796 -0.021537 0.336693 -0.458928 0.064576 0.160295 0.082541 0.329742 -0.012173 0.211504 -0.264554 -0.507528 -0.471271 -0.124349 -0.133487 0.247858 -0.888248 0.056101 -0.242883 -0.181635 -0.129920 -0.417084 0.162304 0.286469 0.040063 -0.014044 0.227471 -0.117631
longer -0.628776 0.389859 0.562160 -0.316456 -0.272773 -0.571481 -0.422285 -0.089963 -0.460608 -0.179060 0.035356 -0.095069 -0.219166 -0.084392 0.110033 0.341269 -0.478087 0.259038 0.287472 -0.059604 0.047178 -0.026547 -0.089390 -0.018142 0.306108 0.065584 0.076401 0.211535 -0.061897 0.133771 -0.323967 0.494726 -0.141423 -0.352670 0.304288 -0.312409 -0.103597 0.282864 -0.483221 0.060878 0.044965 -0.030876 -0.003814 -0.596748 0.224279 -0.035422 -0.075760 -0.021850 0.019884 -0.097723
look -0.319391 0.578583 0.130564 0.884160 -0.075190 0.526793 0.717988 -0.211324 -0.453082 0.236203 0.248285 -0.477525 -0.813820 -0.590030 0.204011 -0.155063 -0.585911 0.211047 -0.125895 0.360761 0.065908 -0.216460 -0.389451 -0.210261 0.399182 -0.521835 0.507865 0.264120 0.336494 0.498173 -0.394028 -0.217486 -0.348767 -0.300190 0.107771 -0.957650 0.450397 -0.157098 -0.568976 -0.138508 0.038776 -0.512340 -0.777380 0.290499 -0.143493 -0.048429 -0.474828 0.801089 -0.232089 -0.163831
looked 0.012452 -0.853613 0.674244 -0.124560 0.511681 -0.129004 0.293257 -0.225884 -0.420759 -0.103852 0.061968 -0.431063 -0.042111 -0.160236 0.546781 -0.410506 -0.990145 -0.259196 0.125953 -0.510481 0.450496 0.187405 0.127341 -0.743775 0.194901 -0.316214 -0.344343 0.600450 0.828321 0.374669 -0.174066 -0.130907 -0.256390 0.779603 -0.988543 -0.903381 0.240391 -0.089657 -1.083920 0.188207 0.342738 -0.661763 -0.856915 0.638096 -0.444775 -0.619882 -0.634151 0.480492 0.031390 -1.053901
looking -0.151693 -0.208570 0.293729 0.430430 0.141590 0.319754 -0.066824 -0.227189 -0.342706 -0.149659 -0.119124 0.028352 0.121439 -0.332459 -0.036912 0.152936 -0.057019 0.098189 -0.002520 0.102140 0.301119 -0.403161 0.131549 0.104325 0.342984 -0.458697 0.169589 -0.464588 -0.123629 0.305174 -0.107687 -0.200764 -0.320319 -0.144884 -0.248164 -0.062095 0.306101 -0.005110 -0.314080 0.163999 0.224680 -0.118457 -0.405050 -0.183059 -0.209001 -0.111089 -0.094463 0.247776 0.263677 -0.305857
loose -0.344129 -0.270080 0.505608 0.224693 0.025314 -0.123009 0.023107 0.023587 -0.066620 -0.110853 0.473872 0.151718 0.074392 -0.284983 0.098412 0.111082 -0.330417 -0.038172 -0.230195 -0.168261 0.181169 -0.147100 0.074491 -0.385631 0.090291 -0.352982 0.122423 -0.110361 0.124417 0.297016 -0.077768 0.086860 -0.035147 -0.122742 -0.371121 -0.342070 0.102393 0.313492 -0.706493 0.178851 0.143398 -0.115848 -0.343914 -0.074352 0.140505 -0.395287 -0.076886 0.111628 0.050677 -0.423826
lost -0.595282 -0.064298 0.576606 -0.180448 0.287790 -0.240808 0.033180 -0.094171 -0.231523 -0.214783 0.038416 0.223729 0.142064 -0.180093 0.170562 0.267266 -0.585343 0.008600 0.189325 -0.219810 0.066516 0.018688 -0.001137 -0.262361 -0.000547 -0.235893 -0.101068 0.022228 0.108267 0.164638 0.058236 0.077700 0.067813 -0.197819 -0.097173 -0.340219 -0.027562 0.109581 -0.691683 0.175798 0.157754 -0.193341 -0.250115 -0.193629 0.066928 -0.157209 0.378264 -0.182463 0.221221 -0.525196
lot -0.380733 0.467723 0.170902 0.285415 -0.094725 -0.087360 0.633044 -0.246470 -0.284378 -0.180104 0.767629 -0.216181 -0.514825 -0.099823 -0.000288 0.294972 -0.111226 0.215287 -0.000774 0.175880 -0.157534 -0.156328 -0.059007 0.050808 0.195847 -0.580906 0.237781 0.002911 -0.111131 -0.009118 -0.067148 0.156135 -0.010254 -0.309263 0.037286 -0.198396 -0.091740 -0.042074 -0.673859 -0.313170 -0.300745 -0.304175 -0.465567 -0.061946 0.412485 0.001608 -0.058963 0.247759 -0.191624 0.134976
loud -0.404524 0.135425 0.204454 0.018607 -0.080634 -0.141447 -0.043258 -0.042512 -0.187327 -0.038428 0.115013 0.005380 -0.165202 -0.027046 0.016521 0.333830 -0.148101 -0.059201 0.174464 0.109338 0.060307 -0.162517 -0.050431 0.024254 0.112492 -0.191927 0.082792 0.021628 0.096803 0.037439 -0.156859 0.251453 -0.000994 -0.193770 -0.131698 -0.142742 -0.153507 0.140747 -0.286729 -0.016862 -0.247901 -0.071403 -0.147482 -0.197008 0.254021 -0.001659 -0.033565 0.088368 -0.081070 0.042359
louis -0.272326 0.122307 0.305129 0.269028 -0.100106 0.005128 0.015452 -0.252789 -0.222217 -0.063695 0.083964 -0.170043 -0.013768 -0.206344 0.001421 0.150436 -0.122797 0.172017 0.037463 -0.003257 0.239888 -0.348147 0.138532 0.115118 0.338714 -0.246994 0.160869 -0.296289 -0.006411 0.137593 -0.328650 0.158564 -0.349560 -0.317961 -0.076179 -0.007454 0.150030 0.137741 -0.234273 0.127853 0.198796 -0.067155 -0.300707 -0.100168 -0.053595 -0.112886 -0.101796 0.174313 -0.142045 -0.039738
love -0.216245 0.099582 0.324920 -0.013964 0.035071 -0.175916 0.066292 -0.130628 -0.207517 0.244649 0.244028 0.164271 -0.154451 -0.342106 0.379768 0.187156 -0.505795 -0.024702 0.201384 -0.224978 0.007672 0.108657 -0.232473 -0.403322 -0.040679 -0.156046 -0.019688 0.235200 0.480055 0.164684 -0.045904 -0.108436 -0.162068 -0.247267 0.055539 -0.177092 0.256904 0.168536 -0.419930 0.099181 -0.239331 -0.368965 -0.042696 -0.015963 0.114165 -0.055389 -0.036146 0.288796 -0.061087 -0.265177
low -0.369991 0.088815 0.484953 -0.259189 0.060154 -0.253442 0.005838 0.012642 -0.274480 -0.145510 0.160224 -0.142793 -0.419266 -0.124893 0.220885 0.336071 -0.375111 0.212685 0.353705 0.134927 0.001777 -0.166862 -0.040179 -0.188781 0.257178 -0.087836 0.270796 0.227533 0.100164 0.083923 -0.063538 0.334608 -0.170567 -0.065014 -0.047145 -0.264745 -0.093866 0.207537 -0.462932 -0.049159 -0.210717 -0.241816 -0.489881 -0.259980 0.011176 -0.261550 -0.012332 0.342502 -0.083692 0.026460
luck -0.315749 0.316885 0.178892 0.252648 0.067766 0.084469 0.145584 -0.208065 -0.376144 -0.144675 0.118420 -0.068879 -0.111767 -0.223422 0.126939 0.049230 -0.156513 0.057606 -0.032450 -0.046547 0.199001 -0.238377 -0.028263 -0.002342 0.189010 -0.214068 -0.025314 0.001862 -0.103334 0.338901 -0.208505 -0.213447 -0.119884 -0.157339 0.130479 -0.199253 0.195246 0.017133 -0.360976 0.031620 0.055483 -0.218587 -0.095474 -0.107705 0.063291 0.081176 -0.061640 0.133724 0.034335 -0.116897
lying -0.259391 -0.281998 0.478680 0.148828 0.439011 -0.082534 0.338871 -0.152607 -0.373944 -0.353407 0.228315 -0.081656 0.378675 -0.284699 0.253420 0.056299 -0.279237 0.223143 -0.188442 -0.150101 0.430206 -0.328373 0.115815 -0.291097 0.327274 -0.453475 0.057934 -0.378812 0.047860 0.549166 -0.374031 -0.024247 -0.219774 0.117618 -0.464858 -0.467565 0.234477 -0.012160 -0.618592 0.219297 0.440630 -0.288270 -0.603754 0.056545 -0.239009 -0.421629 -0.309402 0.092607 0.149374 -0.390933
m -1.068238 0.808496 0.732433 0.082809 0.308889 -0.454909 0.731151 -0.384578 -0.940760 0.106390 0.572592 -0.526504 -0.304708 0.087486 0.768073 -0.351990 -0.922430 -0.151330 -0.381835 0.244032 0.062350 -0.002713 0.123509 0.132420 0.302844 0.294628 -0.530200 0.852233 -0.315149 0.834446 -0.670449 0.207057 0.117857 -0.180588 -0.017247 -1.214879 0.038192 -0.019777 -1.323276 -0.732298 0.365731 -0.412646 -0.299687 -0.363008 -0.159009 -0.053396 -0.732251 -0.121131 -0.200708 0.040573
ma -0.574029 0.101910 0.523102 0.027427 -0.047610 -0.102766 -0.484180 -0.025642 -0.705720 -0.156039 -0.193924 -0.198678 -0.035156 0.069887 0.272715 0.147541 -0.035563 -0.200851 0.005797 0.089432 0.311334 -0.403468 0.267941 0.148390 0.468536 0.111057 -0.016695 0.069604 -0.481059 0.290139 -0.112287 0.135546 -0.066999 -0.051571 -0.141763 -0.254255 0.053982 0.245437 -0.417181 0.059687 0.375394 -0.062588 -0.185354 -0.617256 -0.030306 -0.159619 -0.161203 0.135776 0.191636 0.023298
mad -0.235202 0.033090 0.165291 0.008300 0.069486 -0.025340 -0.027961 -0.133256 -0.328407 0.022872 -0.034374 -0.008421 0.053599 -0.119212 0.129969 0.123272 -0.058446 0.033870 0.106012 0.031699 0.156231 -0.166682 -0.021771 0.049123 0.194026 -0.161203 -0.035315 -0.121685 -0.015167 0.132067 -0.181055 0.030504 -0.137913 -0.106260 -0.132966 -0.036915 0.139755 0.114072 -0.130814 0.025472 0.015744 -0.154732 -0.044402 -0.176575 -0.048078 -0.053247 -0.117928 0.101409 0.037258 -0.015155
made -0.353170 -0.434228 0.722597 0.325641 0.290347 -0.431490 -0.295030 0.569854 -0.688181 -0.464924 0.230478 0.196312 0.007529 0.116011 0.151025 0.671702 -0.497229 -0.108456 0.069027 -0.013296 0.163777 0.367450 0.253965 -0.254914 -0.011790 -0.221177 0.186446 -0.088785 0.003165 -0.094066 -0.040171 -0.233222 0.645608 -0.081216 0.327655 -0.966435 0.011144 -0.075418 -1.299919 -0.068827 0.049587 -0.354314 -0.255471 -0.274248 0.410533 -0.381964 0.042782 -0.286080 0.344104 -0.542597
madge -0.307932 -0.145339 0.085458 0.359918 0.285172 0.321214 -0.324430 0.018803 -0.151116 -0.286621 -0.256898 0.139931 0.077308 -0.383027 -0.044946 0.113423 -0.301759 0.462304 0.026200 -0.107321 0.170212 -0.740962 0.369686 0.101601 0.578569 -0.075914 0.293313 -0.414700 0.118122 0.211591 -0.442403 0.278268 -0.552323 -0.463078 -0.191034 0.126598 0.179814 0.058848 -0.301363 0.567026 0.474149 -0.253206 -0.614834 -0.354765 -0.633927 -0.157487 -0.096364 0.339320 0.143496 0.129330
main -0.231674 -0.095127 0.475425 0.008945 0.223358 0.007318 -0.050951 -0.170582 -0.292441 0.136247 0.128527 0.239904 -0.032998 -0.247283 0.300764 0.358749 -0.189242 0.054502 0.069299 0.079336 -0.004272 -0.071799 -0.048213 -0.189033 0.153116 -0.278319 -0.048447 -0.032412 0.131646 0.328751 -0.078319 -0.134949 -0.189059 -0.149195 -0.274790 -0.237147 0.168155 0.543319 -0.186017 0.054436 -0.203098 -0.165122 -0.305669 -0.308984 0.056210 -0.116284 0.050335 0.248103 0.067178 -0.252934
make -0.808786 1.256747 0.015012 0.254538 0.147174 0.086334 0.647189 -0.395787 -1.120154 -0.269526 -0.151701 -0.411532 -0.535483 -0.353876 0.723216 0.237401 -0.457829 0.007392 0.339894 0.509929 -0.046453 -0.479048 -0.510819 0.183368 0.141950 -0.434914 -0.219463 0.544609 -0.375738 0.402240 -0.368084 -0.788008 0.044328 -0.216714 1.062037 -0.522689 0.856456 -0.668063 -0.315544 -0.341559 0.018672 -0.920479 0.185748 -0.254748 0.185294 0.508503 0.130518 0.307769 0.148094 -0.000275
making -0.391189 0.271659 0.338411 -0.138498 -0.057999 -0.242765 0.206130 -0.210071 -0.385857 -0.148717 0.421582 -0.253957 -0.309038 -0.031464 0.057630 0.725256 -0.035307 0.164794 0.325359 0.001354 0.329575 -0.140680 -0.104624 -0.106197 0.356322 -0.545152 0.111645 0.013758 0.290543 -0.056865 -0.151830 0.320574 0.034448 -0.018011 -0.251731 -0.163933 -0.302444 0.213912 -0.367486 0.025326 -0.531592 -0.212643 -0.400179 -0.186006 0.489328 -0.083136 0.031933 0.346817 -0.057900 -0.069905
mamma -0.535702 0.229314 0.387941 -0.105764 -0.014151 -0.117925 -0.331951 -0.094503 -0.493208 -0.151152 -0.091541 -0.205298 -0.100795 -0.039829 0.134695 0.282933 -0.183254 0.150182 0.317324 0.149507 0.201043 -0.356597 0.159523 0.196691 0.483140 -0.046870 0.107722 0.102975 -0.131091 0.150024 -0.272984 0.259033 -0.314705 -0.360989 -0.023774 -0.241421 0.157364 0.214793 -0.421363 0.015397 0.122962 -0.173209 -0.192853 -0.438016 -0.085629 -0.127894 -0.140171 0.166044 0.013163 -0.021738
man -0.776443 0.439655 0.134940 0.301065 -0.207042 -0.422495 0.324754 0.055918 -0.310193 -0.173655 0.180086 -0.123217 -0.388707 -0.778569 0.032708 0.667754 -0.475058 0.945076 0.045228 0.452501 -0.851114 -0.774004 -0.668180 0.141179 0.415822 0.099395 0.551247 0.235842 -0.235507 0.269011 -0.776795 0.735778 -0.032824 -0.535823 0.325052 -0.541444 -0.447042 -0.433091 -1.049021 0.002314 -0.418527 -0.695452 -0.644521 -0.170588 -0.454177 -0.307816 -0.960806 0.279535 -0.759272 0.650000
managed -0.119668 0.153139 0.229648 0.383019 0.166222 0.148341 0.757554 -0.600979 -0.276442 0.255251 0.365389 -0.207700 0.057901 -0.362507 0.494689 0.104559 -0.389347 -0.124942 -0.147978 -0.147564 0.208506 -0.037879 -0.380615 -0.228747 -0.156900 -0.480016 -0.324432 0.274838 0.377977 0.481149 -0.079369 -0.720406 0.031439 0.024378 -0.227689 -0.517944 0.504628 -0.290609 -0.449847 -0.064050 -0.280512 -0.469037 -0.199899 0.446408 0.077847 0.163304 -0.314759 0.385132 -0.090943 -0.427923
manner -0.126576 0.084031 0.147603 0.259480 0.035617 0.081549 0.034801 -0.237021 -0.150415 -0.136898 0.151282 -0.279461 -0.041252 0.017690 -0.015082 0.146128 -0.164188 0.133243 -0.110227 0.006324 -0.021739 -0.268000 0.128080 0.115409 0.112248 -0.201755 0.072813 0.060678 -0.180546 0.081852 -0.037505 -0.118356 -0.100372 -0.149224 -0.078677 -0.183558 0.063983 -0.122782 -0.335695 -0.002188 -0.023429 -0.053237 -0.327544 -0.147398 0.130705 0.017799 -0.128161 0.125221 -0.026121 -0.041249
many -0.445597 -0.071393 -0.064237 0.351598 0.671107 0.220101 -0.016866 -0.188379 -0.329209 -0.426966 0.330176 -0.053482 -0.047019 0.206688 0.146649 0.436021 -0.234037 -0.107195 -0.231368 -0.366382 0.728415 -0.855839 0.696072 -0.171557 0.357840 -0.718165 -0.405724 0.174037 0.476976 0.029252 -0.157445 0.018202 0.119635 0.090149 -0.822046 0.151459 -0.326387 -0.032627 -1.003113 0.420650 -0.441366 -0.234351 -0.387818 -0.851093 0.663974 0.272387 0.206693 0.074444 0.632982 -0.304768
manzanita -0.264593 0.155928 0.449089 -0.169933 0.066638 -0.243869 0.114480 -0.127960 -0.315652 0.026464 0.090367 0.076437 -0.475429 -0.274395 0.311505 0.219322 -0.283329 0.287907 0.202728 0.258867 -0.221128 -0.117417 -0.244046 -0.175156 0.138242 -0.150574 0.227912 0.260390 0.015380 0.243550 -0.168775 0.104410 -0.290288 -0.258514 0.281544 -0.325884 0.205513 0.276007 -0.370023 -0.237561 -0.184252 -0.253111 -0.172097 -0.314307 0.015621 -0.117393 -0.087367 0.258311 -0.233913 -0.095482
marked -0.281828 0.127843 0.432461 -0.144419 0.022335 -0.203543 0.002914 -0.290070 -0.314622 0.204003 0.019103 -0.012918 -0.061350 -0.101106 0.286625 0.272613 -0.272358 -0.025770 0.113952 -0.046540 0.116906 -0.047606 0.069474 -0.211740 0.147130 -0.219331 -0.049366 0.100761 0.176433 0.071442 -0.004455 0.119052 -0.256760 -0.179962 -0.083573 0.011070 0.042604 0.250629 -0.350996 0.008370 -0.008145 -0.064689 -0.079028 -0.315634 0.138650 -0.113746 0.166524 0.104868 -0.010459 -0.314957
mary -0.157782 -0.212688 0.566473 -0.387810 0.331897 -0.235070 0.222371 -0.129802 -0.440791 -0.186167 0.082492 0.421150 0.054778 -0.608569 0.396442 0.412060 -0.056831 0.701806 0.522477 0.317788 -0.083864 -0.192291 -0.092944 -0.283509 0.517767 -0.575163 0.365623 -0.644229 -0.019995 0.359848 -0.379027 0.225284 -0.544217 -0.301572 0.032119 0.063091 0.540173 0.714812 0.089373 0.076881 -0.044916 -0.396938 -0.236627 -0.411894 -0.283888 -0.467537 0.199732 0.267261 -0.013509 -0.044237
master -0.370994 -0.014611 0.807432 0.175685 0.324470 -0.199363 -0.041214 -0.189247 -0.558639 -0.310369 0.229808 -0.044281 -0.148022 -0.302937 0.397031 0.068613 -0.237845 0.395709 -0.156529 0.187694 -0.152895 -0.581910 0.093927 0.014695 0.340010 -0.097597 0.137884 0.057857 -0.648407 0.600936 -0.341999 -0.057204 -0.226289 -0.367681 0.212833 -0.386539 0.468302 0.399861 -0.710564 -0.129815 0.279833 -0.391780 -0.356251 -0.545909 -0.004504 -0.328738 -0.202022 0.062411 -0.071517 -0.193820
matches -0.024211 -0.117474 0.529515 -0.171355 0.126425 -0.203434 0.186605 -0.032200 -0.112651 -0.167953 0.310996 0.146447 -0.221853 -0.241395 0.377727 0.071253 -0.150053 0.178418 0.206958 -0.120714 -0.038820 -0.035424 -0.175392 -0.385648 0.000468 -0.065962 0.142865 0.244041 0.120207 0.264570 0.117956 0.011215 -0.039412 -0.062338 0.206977 -0.249494 0.263569 0.193840 -0.378411 -0.003953 -0.024045 -0.189393 -0.050250 0.047970 -0.027923 -0.225748 0.066109 0.145375 -0.016359 -0.281906
mate -0.462789 -0.061769 0.768384 0.016426 0.011987 -0.264951 0.047049 0.120608 -0.253525 -0.343243 0.375097 0.294415 -0.494749 -0.456723 0.423190 0.112189 0.116895 0.361589 0.237781 0.274277 0.169800 -0.523341 -0.134068 -0.129005 0.347223 -0.203156 0.489386 -0.166636 -0.121234 0.665769 -0.411814 0.355299 -0.334779 -0.345939 0.382279 -0.298859 0.449836 0.731674 -0.348831 -0.111492 0.161279 -0.186724 0.021506 -0.273645 -0.094217 -0.496245 -0.089400 0.175553 -0.261471 -0.153929
matt -0.750732 0.274958 0.077014 0.099577 -0.159223 -0.118377 -0.573563 0.006302 -0.713944 -0.013239 -0.361899 -0.266549 0.212791 -0.154732 0.079383 0.076786 -0.372289 0.612110 0.240073 0.018670 0.347679 -0.717363 0.411558 0.398224 0.990051 -0.023858 0.347901 -0.323029 -0.222205 0.041905 -0.710430 0.526457 -0.649718 -0.871187 0.038119 0.068061 0.550549 -0.332140 -0.312549 0.308703 0.805501 -0.327484 -0.147112 -0.732585 -0.708823 -0.358347 -0.237018 0.233271 0.109936 0.213036
matter -0.120436 0.073876 0.766807 -0.271627 -0.056484 -0.611564 -0.141033 -0.283882 -0.248752 -0.183054 0.066115 -0.396714 -0.676232 0.129123 0.302208 0.309564 -0.410824 0.654832 0.071360 0.180672 -0.347715 -0.113749 0.029759 -0.042994 0.025011 0.062653 0.394701 0.522664 -0.194438 0.144841 -0.157018 0.229752 -0.575144 -0.409075 0.620279 -0.553110 0.351002 0.394260 -0.574034 -0.253824 -0.083989 -0.030304 -0.251747 -0.509576 0.299339 -0.219241 -0.287041 0.119267 -0.598839 -0.077917
may -0.691817 0.394971 1.047273 -0.374140 0.196637 -0.756277 -0.562559 -0.389818 -0.910217 0.245071 0.068816 -0.480187 -0.126583 0.540140 0.445870 0.120457 -0.385573 -0.309822 -0.124735 -0.331587 -0.035120 0.593164 -0.003650 0.173555 -0.190684 0.017696 -0.947540 1.006002 -0.667222 0.267476 -0.024403 -0.505536 0.515182 0.060087 0.147910 -0.901627 0.176606 0.729523 -0.698815 -0.494385 0.210596 -0.283306 0.176425 -0.589265 0.929119 0.012165 0.173462 -0.490239 0.121469 -0.996314
maybe -0.403366 0.030514 0.552529 0.107441 0.209827 -0.095544 -0.039091 -0.120562 -0.484831 -0.140239 0.068593 -0.006858 0.047978 -0.126458 0.381365 0.087836 -0.180496 -0.101287 -0.082732 0.064645 0.071789 -0.388063 0.032479 0.002563 0.174977 -0.000876 -0.077079 0.101684 -0.294497 0.397536 -0.089315 -0.092958 0.014607 -0.058584 -0.011624 -0.286102 0.238618 0.057823 -0.523080 0.011412 0.302993 -0.250214 -0.202500 -0.285326 -0.063024 -0.175835 -0.061094 0.038997 0.096235 -0.177588
me -0.603859 1.191681 -0.124940 0.307549 0.314804 0.927286 0.372694 -0.079325 -0.756514 0.815647 0.189572 -1.205196 -0.293152 -0.318609 0.720711 -0.346991 -0.602389 0.170105 -0.139885 -0.170185 -0.088744 -0.331906 0.064809 -0.509595 0.933792 0.276038 0.139259 1.125037 -0.060636 0.528997 0.129925 -0.311395 -0.505678 -0.277348 -0.191444 -0.645165 0.337250 -0.101049 -0.800597 0.385198 0.552876 -0.935957 -1.007427 0.232524 -0.879631 -0.379949 -0.149588 0.809932 0.099713 0.054053
meadow -0.240177 0.106601 0.567574 0.089499 0.135887 -0.126198 0.285163 -0.149794 -0.316335 0.083381 0.441097 0.161153 -0.412622 -0.385001 0.426644 0.321438 -0.283050 0.265164 0.177490 0.217324 -0.087572 -0.142003 -0.203835 -0.294959 0.220564 -0.363644 0.268564 0.037295 0.205821 0.361362 -0.212422 0.055193 -0.215320 -0.249817 0.030736 -0.394092 0.211726 0.488914 -0.428611 -0.127893 -0.326997 -0.313465 -0.355645 -0.251509 0.118160 -0.206489 -0.069358 0.370889 -0.111733 -0.126555
mean -0.208996 0.059149 0.213301 0.176984 0.177366 -0.175053 0.200512 -0.309080 -0.378885 -0.072766 0.100462 -0.352692 0.112890 0.126398 0.180654 0.066886 -0.325459 0.027281 -0.224347 -0.009728 -0.009192 -0.227654 0.082510 0.061920 0.037220 -0.154137 -0.174580 0.128519 -0.077828 0.132797 -0.243660 -0.038452 -0.087543 -0.025930 -0.212315 -0.296419 0.067361 -0.271078 -0.541468 -0.036683 0.099107 -0.157642 -0.194159 -0.095502 0.164772 -0.026205 -0.348294 -0.106388 -0.114439 -0.146684
means -0.112249 0.191601 0.224235 0.223250 0.049090 -0.145908 0.431857 -0.225335 -0.142543 -0.121679 0.523427 -0.296547 -0.186421 -0.029801 -0.032012 0.080348 -0.207809 0.223185 -0.338608 0.041582 -0.267751 -0.117560 -0.010088 -0.079883 0.014440 -0.260290 0.077942 0.217730 -0.252586 0.090603 -0.024961 -0.007383 0.060364 -0.080993 -0.004025 -0.282804 -0.092429 -0.173873 -0.729423 -0.201091 -0.088382 -0.188273 -0.341393 -0.003317 0.295141 -0.102721 -0.230108 0.028563 -0.188317 -0.087721
meat -0.323388 0.210588 0.506706 0.136979 0.180357 0.023058 -0.135607 -0.103097 -0.273430 -0.406481 0.093793 -0.351666 -0.833500 -0.046718 0.245482 -0.164622 -0.534789 0.479784 0.143391 -0.175882 0.019217 -0.267336 0.091213 -0.165457 0.297547 0.329128 0.353412 0.794732 -0.159327 0.703905 -0.033478 -0.023081 -0.194350 -0.357786 0.558402 -1.002271 0.335308 0.123616 -0.739714 -0.008304 0.067133 -0.146377 -0.346843 -0.331874 -0.079966 -0.007734 -0.357234 0.332379 0.074013 -0.013972
medium -0.321513 0.064993 0.428398 -0.203406 0.105628 -0.184497 0.069012 -0.000840 -0.225527 -0.020741 0.277157 0.112707 -0.199875 -0.210861 0.220158 0.292852 -0.196340 0.153137 0.116269 0.102807 -0.172118 -0.011618 -0.152264 -0.244485 0.125905 -0.163567 0.117760 0.117236 -0.024052 0.231836 -0.052987 0.078110 -0.057282 -0.083215 -0.083734 -0.312676 -0.003610 0.388812 -0.303907 -0.070068 -0.154708 -0.201795 -0.321063 -0.207137 0.049581 -0.234635 0.058597 0.211889 -0.059019 -0.041970
meet -0.290955 0.430125 0.224671 0.429344 0.149624 0.446988 0.421455 -0.358948 -0.300136 0.219630 0.130278 -0.006187 -0.259082 -0.419409 0.282273 0.271338 -0.321237 0.027333 -0.025067 0.172284 0.027821 -0.220398 -0.258828 -0.092139 0.181980 -0.342867 0.005388 0.181473 0.197068 0.460824 -0.084606 -0.461170 -0.169302 -0.221297 -0.029268 -0.468579 0.227983 0.000061 -0.242574 -0.032843 -0.217257 -0.229814 -0.457191 -0.038181 -0.086890 0.244199 -0.028990 0.474770 0.105746 -0.195128
men 0.193755 0.721468 0.589898 0.559352 0.673609 0.499311 0.106701 -0.801878 -0.822563 -0.818064 -0.286185 0.232812 -1.239184 -0.157427 0.358281 0.399788 -0.219413 0.394152 -0.246830 -0.071357 -0.106016 -0.899223 0.279211 0.143228 0.439160 -0.042339 -0.385073 0.668432 -0.410754 0.283411 -0.024204 -0.531726 -0.134062 -0.008364 1.030594 0.259456 0.052943 0.302286 -0.484483 0.106295 -0.040490 -0.286471 -0.680964 -1.275751 0.338466 0.877724 0.630203 0.320186 0.186307 -0.040799
mere -0.356639 0.106975 0.337767 0.136345 0.113893 -0.053301 0.111127 -0.007618 -0.293720 -0.337616 0.199251 -0.148367 -0.134817 -0.097570 0.006502 0.243731 -0.093168 0.184268 0.108632 0.219030 0.102796 -0.360615 0.064679 0.081777 0.325395 -0.361620 0.176864 -0.139109 -0.223351 0.150923 -0.264470 0.184067 -0.029425 -0.098121 -0.034310 -0.245153 0.001494 0.041553 -0.432753 -0.066412 0.064051 -0.177448 -0.401040 -0.189076 0.064012 -0.194990 0.013253 0.015787 -0.013495 -0.102634
merely -0.349196 0.038881 0.454190 0.088564 0.121393 0.018405 0.070756 -0.172181 -0.451842 0.035910 0.183141 -0.003823 -0.028620 -0.335408 0.256507 0.311256 -0.128990 0.100644 0.196300 -0.013548 0.217602 -0.238346 -0.107278 -0.191373 0.357512 -0.308064 0.118992 -0.074919 0.067379 0.399811 -0.075604 -0.083512 -0.140979 -0.170144 -0.206653 -0.304397 0.265356 0.126667 -0.405271 0.040238 -0.038179 -0.394608 -0.316040 -0.119776 -0.100848 -0.173860 -0.131552 0.389138 0.087878 -0.163733
message -0.165424 0.119790 0.505910 -0.367522 0.058769 -0.385355 -0.027238 -0.107839 -0.257195 -0.025553 0.134700 0.033429 -0.250171 -0.198420 0.402160 0.217414 -0.238080 0.312735 0.367587 0.059314 -0.060188 -0.003493 -0.139739 -0.188324 0.135994 0.030796 0.102954 0.157247 0.077989 0.265539 -0.249341 0.108370 -0.280192 -0.157344 0.378665 -0.204789 0.272143 0.423032 -0.095302 -0.055085 -0.142186 -0.192711 -0.021884 -0.205439 0.021414 -0.191866 0.034859 0.129475 -0.254856 -0.041141
met -0.172360 -0.255813 0.532568 -0.536178 0.414094 -0.638135 0.251196 -0.196853 -0.340013 -0.115610 0.012251 0.197560 0.090665 0.040349 0.569743 0.063191 -0.350945 0.005784 0.226609 -0.056959 -0.135137 0.167676 -0.067013 -0.209852 -0.220933 0.004967 -0.312345 0.159037 -0.019493 0.172717 -0.002426 -0.128786 0.017702 0.148583 0.119025 -0.120664 0.210622 0.058592 -0.345008 -0.193082 -0.026327 -0.276626 0.155683 -0.147471 0.078011 -0.157879 0.108334 -0.275961 -0.131561 -0.300841
midday -0.113000 -0.026342 0.199427 0.165482 0.225470 0.249094 0.272676 -0.272798 -0.138830 -0.196095 -0.153780 -0.154097 -0.112227 -0.217432 0.051834 0.140342 -0.339430 0.140018 0.209648 0.008400 0.102378 -0.282011 -0.010764 -0.099762 0.231969 -0.264483 0.100443 0.026630 0.237812 0.173628 -0.019259 -0.046804 -0.225957 -0.021456 -0.199640 -0.225887 0.066602 -0.229048 -0.265313 0.208047 0.006639 -0.185286 -0.519109 0.135725 -0.223630 0.034073 0.000075 0.287407 0.065579 -0.221885
middle -0.234374 -0.067417 0.800409 0.032345 0.391783 0.028125 0.219947 -0.158582 -0.389775 -0.122629 0.339528 0.134513 -0.337114 -0.381245 0.481090 0.385272 -0.132171 0.303812 0.174632 0.154575 0.046244 -0.402105 -0.088537 -0.306468 0.350614 -0.320016 0.239674 0.080708 0.047945 0.573832 -0.086667 -0.048323 -0.244079 -0.155486 -0.098419 -0.449053 0.266783 0.508392 -0.486462 -0.036060 -0.178368 -0.320624 -0.525865 -0.306108 -0.053580 -0.236321 -0.005548 0.432902 0.019405 -0.292474
midst -0.069896 -0.024356 0.913542 0.134534 0.442929 -0.023730 0.473953 -0.378170 -0.397785 -0.265605 0.650454 -0.439223 -0.559329 -0.071440 0.436117 0.441157 -0.056375 0.643337 0.209297 0.012745 -0.026916 -0.525090 0.054543 -0.276366 0.371274 -0.346355 0.433284 0.257011 -0.049119 0.533855 0.241098 -0.090989 -0.440743 -0.256423 0.059258 -0.583938 0.404893 0.002244 -0.860834 -0.169632 -0.196678 -0.401207 -0.697046 -0.118992 0.096077 -0.188276 -0.142332 0.466495 -0.112268 -0.302886
might -0.734563 0.406142 0.547408 -0.751766 0.197982 -0.839448 -0.273515 -0.359460 -0.816599 0.126646 -0.063984 -0.478870 0.135877 0.302960 0.376026 -0.032661 -0.465639 -0.069952 -0.159640 -0.579099 -0.120395 0.189330 0.039515 -0.296169 -0.168580 0.062811 -0.530946 0.898207 -0.486816 0.174489 0.209262 -0.094559 -0.078106 -0.016020 0.135607 -0.350904 0.038227 -0.233326 -1.375702 -0.230272 0.516758 -0.333238 0.296304 -0.428026 0.291339 -0.282409 0.042366 -0.300042 0.062579 -0.710978
mighty -0.405750 0.166718 0.220603 0.320283 0.072994 0.023074 0.393747 -0.113302 -0.288536 -0.163126 0.412452 -0.046632 -0.142375 -0.192232 0.044612 0.120035 -0.089963 0.105920 -0.154943 0.191762 -0.008018 -0.403903 0.001266 -0.057287 0.310874 -0.333666 0.246778 -0.197063 -0.190077 0.343148 -0.174466 0.114926 -0.067754 -0.076721 -0.265451 -0.284059 -0.075849 -0.032841 -0.541959 -0.087883 0.030757 -0.136203 -0.379549 -0.119818 0.031602 -0.203046 -0.217028 0.149991 -0.081775 0.081697
mile -0.481256 0.128638 0.450166 -0.005327 0.071705 -0.244989 0.221666 -0.212768 -0.500239 -0.112349 0.414926 0.027919 -0.151011 -0.148449 0.141978 0.423539 -0.005039 0.145025 0.212819 0.233795 -0.070056 -0.276939 -0.050425 0.011308 0.332328 -0.516970 0.150789 -0.263904 -0.164955 0.116490 -0.165928 0.289639 -0.091721 -0.279059 -0.194044 -0.057429 0.007393 0.282028 -0.466221 -0.180600 -0.149157 -0.286757 -0.328757 -0.313436 0.236820 -0.230792 -0.012951 0.140644 -0.121893 -0.013702
miles -0.157396 0.305589 0.656730 0.433154 0.066346 0.154927 0.574859 -0.251498 -0.314283 0.034062 0.665955 0.204615 -0.305320 -0.398013 0.295465 0.344489 0.033482 -0.117873 0.037870 0.149255 0.100547 -0.389279 -0.305715 -0.125827 0.328798 -0.379818 0.104666 -0.004034 0.092524 0.355120 -0.078876 0.086906 0.115982 -0.182534 -0.135582 -0.043048 -0.228719 0.322865 -0.552876 -0.192308 -0.433939 -0.150900 -0.408701 -0.089049 0.302104 0.086215 0.017911 0.337512 -0.060555 -0.267283
milk -0.148072 0.090519 0.137419 0.163607 0.073898 0.197894 0.205569 -0.154048 -0.175425 -0.045907 0.123175 -0.057010 -0.081645 -0.144595 0.008074 0.154531 -0.069223 -0.000131 0.008190 0.012630 0.053681 -0.128425 -0.029193 -0.061882 0.200560 -0.237907 0.040365 -0.024901 -0.014665 0.121825 0.053987 -0.059794 -0.021606 0.003586 -0.206001 -0.131749 -0.035006 0.009471 -0.167249 0.044954 -0.011730 -0.103518 -0.383304 0.004760 -0.064063 -0.032291 0.014566 0.221059 0.105910 -0.088560
miller -0.134936 0.223666 0.464524 0.296253 -0.259644 -0.047112 -0.596766 -0.473241 -0.397936 0.218379 -0.270376 -0.774855 0.419764 -0.111657 0.074739 0.189901 -0.522246 0.030305 -0.063600 -0.219671 0.852380 -0.636802 0.371362 0.379808 0.611592 0.063330 -0.006555 -0.072379 0.094876 -0.032559 -0.743779 0.107973 -0.554600 -0.229799 -0.478304 0.076897 -0.024250 -0.079897 -0.402859 0.180457 0.198142 -0.086606 -0.679026 -0.175672 -0.091486 -0.095585 -0.574703 0.436090 -0.264190 -0.035820
mind -0.659381 0.085505 0.602976 0.331311 0.106442 0.069774 0.046406 0.148493 -0.113001 -0.437433 0.628011 0.392645 -0.190434 -0.713821 0.267690 -0.073073 -0.593466 0.314539 0.136075 -0.584087 0.324847 -0.663364 0.114090 -0.808333 0.375178 -0.153974 0.636275 -0.273475 0.351567 0.747217 0.020034 0.280990 -0.848084 -0.735927 0.198651 -0.063128 0.401289 0.091045 -1.014480 0.654718 0.639809 -0.149632 -0.148396 -0.184950 -0.294573 -0.445052 0.190779 0.300315 0.305117 -0.375143
mine -0.415011 -0.015504 0.329899 0.347569 -0.004014 0.123175 -0.240786 -0.008148 -0.266772 -0.085386 -0.019474 -0.072101 0.076237 -0.302507 -0.080070 0.167703 -0.250989 0.165881 -0.262912 0.070596 0.145085 -0.403870 0.119238 -0.102812 0.341593 -0.300080 0.256707 -0.118665 -0.183821 0.336924 -0.249197 0.035068 -0.325494 -0.280123 -0.328892 -0.388598 0.117275 0.192622 -0.545668 0.143543 0.252103 -0.070614 -0.460503 -0.366851 -0.080372 -0.249766 -0.291738 0.249481 0.180561 -0.266270
miner -0.396444 -0.108475 0.652259 -0.200486 0.098360 -0.216246 -0.118058 0.170148 -0.188865 -0.058724 0.246462 0.446496 -0.256801 -0.557238 0.449981 0.226161 -0.179990 0.386475 0.402911 0.142281 0.164993 -0.350950 -0.004783 -0.248549 0.465929 -0.062403 0.459788 -0.263389 0.176285 0.380025 -0.303109 0.454390 -0.372734 -0.400197 0.112912 0.006757 0.265903 0.741767 -0.209543 0.103034 0.058489 -0.230750 -0.230407 -0.460400 -0.342812 -0.486838 0.142584 0.333422 -0.032514 0.054472
minute -0.361930 0.101302 0.230248 -0.041446 0.009728 -0.251305 0.182313 -0.171842 -0.357548 -0.143853 0.194861 -0.024313 -0.189017 -0.055245 0.152305 0.180659 -0.225810 -0.023126 0.096270 0.054601 -0.101049 -0.083154 -0.142297 -0.059977 0.030958 -0.240436 -0.053404 0.203248 -0.016222 0.129428 -0.097796 0.059300 0.079759 -0.112598 -0.065856 -0.287884 0.001030 0.016476 -0.485604 -0.086562 -0.232799 -0.230582 -0.048901 -0.106522 0.254119 0.013605 -0.175238 0.087885 -0.119605 -0.042050
minutes -0.428344 0.106050 0.365044 0.357601 0.102507 -0.169952 0.376575 -0.095564 -0.467004 -0.122594 0.415880 0.277741 -0.232071 -0.181770 0.230047 -0.024261 -0.027463 -0.303527 0.046746 0.234368 0.162095 -0.466519 -0.085642 0.096845 0.309441 -0.291204 -0.049246 -0.133220 0.001712 0.277694 -0.370991 0.348134 0.180799 -0.215857 -0.141109 0.031784 -0.148350 0.132407 -0.646919 -0.306186 -0.212242 -0.317364 0.114205 -0.259837 0.383700 0.077047 -0.348905 -0.030535 -0.120735 0.009535
mission -0.073992 -0.014945 0.304625 -0.047799 0.060534 -0.092091 0.189242 -0.240587 -0.228025 0.076835 0.159775 -0.020422 0.007440 -0.069273 0.196337 0.205978 0.045559 0.059447 0.058463 0.178036 -0.057335 -0.095505 -0.044660 0.029951 0.078585 -0.263379 0.003277 -0.067781 -0.094428 0.053118 0.019416 -0.026379 -0.066354 -0.082467 -0.131141 0.001039 0.076058 0.123536 -0.149075 -0.170051 -0.141797 -0.077497 -0.104120 -0.107047 0.089834 -0.069456 0.021715 0.083831 -0.059206 -0.129645
moment -0.772964 0.210718 0.531991 -0.048442 0.118863 -0.180191 0.767590 0.019215 -0.254907 -0.413886 0.418337 -0.096664 -1.140237 -0.459381 0.067923 0.152657 -0.459263 0.690614 0.218819 0.249366 -0.517973 -0.450436 -0.413104 -0.470688 0.271493 -0.358094 0.843911 0.523029 0.133127 0.505527 0.071084 0.524529 -0.398648 -0.424537 0.198176 -0.868129 -0.036258 -0.122519 -1.471480 -0.322290 -0.193723 -0.560939 -0.617282 0.058211 -0.247851 -0.252026 -0.466219 0.600809 -0.372967 0.004872
money -0.593139 0.592229 0.459452 0.356269 -0.078793 0.085051 -0.214353 -0.079160 -0.677404 0.108974 0.199482 -0.027674 -0.555684 -0.535295 0.360360 0.046256 -0.384564 0.308962 0.044038 0.170159 -0.079027 -0.321719 -0.110414 -0.189547 0.526952 -0.211721 0.236669 0.286409 -0.276189 0.572275 -0.416312 -0.021700 -0.427962 -0.664000 0.452931 -0.555678 0.605605 0.612536 -0.468659 -0.072665 0.157219 -0.441782 -0.199709 -0.683466 0.001722 -0.169836 -0.243592 0.410852 0.064994 -0.074526
monster -0.322737 0.070395 0.479259 -0.309003 0.191151 -0.478003 0.346100 -0.117898 -0.388353 -0.068994 0.118389 0.074709 -0.282136 -0.088510 0.517355 0.145954 -0.320858 0.170876 0.223478 0.276014 -0.157784 -0.001425 -0.197320 -0.163667 -0.019968 -0.123587 0.009517 0.152565 0.028910 0.243089 -0.229797 0.127336 -0.135331 -0.073947 0.235781 -0.326171 0.234371 0.230469 -0.287236 -0.248149 -0.087532 -0.251747 -0.010239 -0.231483 0.076233 -0.162543 -0.029346 -0.039718 -0.225977 -0.049296
month -0.687593 0.367522 0.387458 -0.254682 -0.026118 -0.458624 0.120308 0.030595 -0.462581 -0.075196 0.214349 0.078670 -0.320690 -0.157665 0.239213 0.211957 -0.382114 0.063943 0.131926 0.316592 -0.261513 -0.044469 -0.163471 -0.104097 0.157740 -0.129699 0.080795 0.147378 -0.210034 0.128292 -0.311678 0.337259 -0.015191 -0.182072 0.078796 -0.299599 -0.110691 0.367126 -0.452453 -0.226027 -0.139736 -0.257381 -0.155351 -0.418905 0.216363 -0.213387 -0.031201 0.031061 -0.189169 0.130331
months -0.102384 -0.060248 0.208553 0.198733 0.155328 0.139839 0.273272 -0.090509 -0.090345 -0.114714 0.147009 0.003823 0.050621 -0.162315 0.021414 0.055974 0.008216 0.008949 -0.080546 -0.006076 0.124479 -0.295537 -0.009773 -0.082680 0.163562 -0.161271 0.108944 -0.161501 -0.027743 0.262111 0.056043 -0.015549 -0.045193 0.030661 -0.244887 -0.058666 -0.080521 -0.134157 -0.288049 0.039448 0.071094 -0.029341 -0.296233 0.070904 -0.097138 -0.056952 -0.061112 0.143072 0.052885 -0.096793
more -0.936323 -0.005310 0.777298 0.636281 0.135691 0.065261 -0.108892 -0.066843 -0.042868 -0.450213 0.246969 0.600452 -0.753426 -0.210982 -0.057889 -0.078945 -0.690176 -0.239382 -0.299204 0.292272 -0.037523 -0.198830 0.192973 0.241843 0.058444 0.111504 -0.058686 0.664685 -0.080160 0.759756 -0.071611 0.297857 0.457743 -0.724531 0.210413 -1.007667 -0.026426 0.356158 -1.366380 -0.378296 0.139599 -0.066383 -0.363526 -0.832512 0.259390 0.500015 -0.297416 -0.099052 0.435377 -0.274619
mornin -0.187633 0.112403 0.317397 -0.044376 0.122781 0.021046 0.334943 -0.096475 -0.163001 -0.131982 0.154290 -0.063871 -0.298013 -0.205706 0.296906 0.153245 -0.197951 0.176932 0.169160 0.101955 -0.158748 -0.168846 -0.239014 -0.192441 0.021901 -0.123060 0.160228 0.339770 0.008078 0.311020 0.073030 -0.103119 -0.027784 -0.128861 0.161257 -0.445002 0.217224 -0.001093 -0.344497 -0.102172 -0.151134 -0.255439 -0.248364 0.046102 -0.091658 0.010627 -0.059620 0.285082 -0.019132 -0.098152
morning 0.028794 -0.071517 0.688593 0.167596 0.425291 0.394991 0.430394 -0.568438 -0.329579 0.152380 0.213746 -0.107937 -0.405998 -0.266276 0.368650 0.641799 -0.097506 0.426940 0.246250 0.139402 -0.161598 -0.529078 -0.180157 -0.394564 0.441857 -0.324018 0.408405 0.130562 0.367688 0.594524 0.328544 -0.057611 -0.660433 -0.261851 -0.338375 -0.538193 0.250824 0.145703 -0.324586 0.124371 -0.272086 -0.129895 -0.842165 -0.106694 -0.278047 -0.119241 -0.108174 0.698114 -0.094690 -0.257229
morrow -0.262034 0.433407 0.053432 0.512483 0.135822 0.294816 0.602261 -0.407731 -0.356547 0.167367 0.247563 -0.071596 -0.121369 -0.452119 0.296956 0.095632 -0.327026 0.086091 -0.141284 0.033136 0.045257 -0.133586 -0.276696 -0.101230 0.089140 -0.444459 -0.074931 0.004125 0.179366 0.456669 -0.282895 -0.534571 -0.150356 -0.211363 0.022464 -0.377316 0.363915 -0.089899 -0.242391 0.005414 -0.153571 -0.391048 -0.275884 0.121745 -0.009911 0.209941 -0.207321 0.372365 -0.007394 -0.138611
most -0.190034 -0.307005 0.634924 0.318987 0.061137 -0.165156 0.390550 -0.241895 -0.232041 -0.374797 0.644497 0.112464 -0.018110 -0.269033 0.169537 0.212447 0.048097 0.093129 -0.133756 0.031610 -0.010266 -0.272638 -0.092021 -0.196811 0.034842 -0.703169 0.266588 -0.281258 -0.214247 0.450844 -0.080994 -0.152078 -0.097568 -0.103971 -0.143756 -0.409904 0.294709 0.216613 -0.752517 -0.095669 0.011002 -0.108468 -0.218590 0.076838 0.284974 -0.320100 -0.215782 0.080183 -0.130472 -0.531268
mother -0.807765 0.373702 0.447005 -0.010550 -0.345116 -0.405712 -0.223094 0.062317 -0.200465 -0.098606 0.424183 0.339527 -0.460959 -0.455340 0.260683 0.124469 -0.832942 0.201987 0.144186 -0.222240 0.145329 -0.021533 0.209718 -0.393881 0.364875 -0.154539 0.253391 -0.065182 0.377929 0.087470 -0.582055 0.760351 -0.472823 -0.702166 0.246354 0.001352 0.039308 0.920267 -0.403948 0.417512 0.246696 -0.084325 -0.236819 -0.640081 0.135828 -0.324415 0.278374 0.192684 -0.063534 0.037944
mountain -0.568180 0.321930 0.346954 0.036472 -0.058881 -0.247544 0.151747 -0.099698 -0.451383 0.019938 0.384558 0.068797 -0.370154 -0.214289 0.112078 0.423322 -0.218433 0.067194 0.145399 0.241907 -0.099598 -0.179043 -0.178522 -0.092808 0.235469 -0.491404 0.158123 0.015462 0.030409 0.063996 -0.236324 0.318364 -0.086284 -0.297493 -0.101640 -0.225651 -0.120957 0.311527 -0.591807 -0.186804 -0.353342 -0.261943 -0.243102 -0.386890 0.393152 -0.116952 -0.063573 0.204740 -0.118385 -0.028074
mouth -0.265195 0.056811 0.841142 0.042811 0.196064 -0.340765 0.569656 -0.110413 -0.448013 -0.197591 1.281386 0.579592 -0.046769 -0.775707 0.767406 0.190219 -0.582114 0.211533 0.287447 -0.509719 0.178691 -0.190439 -0.051118 -0.886082 0.432107 -0.461281 0.247718 -0.305906 0.530425 0.366090 -0.143266 0.404098 -0.393803 -0.405316 -0.093702 0.222989 0.279837 0.522011 -0.930194 0.468176 0.048917 -0.512920 -0.372337 -0.125965 -0.038758 -0.660141 0.217990 0.466614 0.044432 -0.217505
move -0.331471 0.180534 0.352295 0.002133 0.017276 -0.183999 0.165505 -0.118283 -0.272944 -0.065250 0.069452 0.016670 -0.063330 -0.282329 0.262846 0.056345 -0.238392 0.044179 0.073188 0.136211 0.083305 -0.084701 -0.134739 -0.028379 0.029578 -0.178081 -0.033487 0.027309 -0.129637 0.256880 -0.201182 -0.121270 -0.030284 -0.100818 0.209210 -0.226999 0.341102 0.034255 -0.288764 -0.163327 0.073015 -0.281652 -0.035213 -0.112469 0.011170 -0.077251 -0.023042 0.049662 -0.034967 -0.120846
moved -0.235257 0.196709 0.443398 -0.248043 0.058700 -0.312020 0.127826 -0.559592 -0.535863 0.471345 0.065059 -0.129868 -0.224210 -0.240331 0.478356 0.296015 -0.545288 0.145597 0.184594 -0.278319 -0.144927 0.155917 -0.321239 -0.421624 0.010349 -0.253141 -0.090875 0.469573 0.413575 0.237051 0.024724 -0.345963 -0.553402 -0.268265 -0.057717 -0.363776 0.450273 0.076878 -0.535073 0.009453 -0.280801 -0.345922 -0.037044 -0.135445 0.124320 -0.075030 -0.232684 0.458935 -0.276428 -0.449860
movement -0.306304 0.006310 0.346391 0.302291 0.179034 0.182848 0.298128 -0.258439 -0.257190 0.111744 0.471997 0.120635 -0.104721 -0.390620 0.197977 0.348513 -0.278887 0.092071 -0.096858 -0.048298 -0.048843 -0.292760 -0.179383 -0.341186 0.185274 -0.469713 0.107156 0.053728 0.243409 0.384284 -0.037255 -0.154678 -0.130416 -0.271384 -0.468938 -0.347628 0.072450 0.189431 -0.559648 0.174187 -0.368474 -0.275440 -0.449357 -0.096027 0.110546 -0.083158 -0.163337 0.472410 0.039354 -0.229797
movements -0.301577 0.012720 0.305964 0.125400 0.049821 0.106215 -0.079705 -0.106290 -0.116388 -0.094934 -0.037762 0.192045 -0.094742 -0.242284 0.051060 0.242471 -0.335398 -0.027182 0.086451 -0.090238 0.169643 -0.247212 0.079285 -0.215504 0.142829 -0.209297 0.080248 -0.075184 0.247518 0.078042 0.028064 0.109324 -0.270272 -0.196002 -0.120675 0.021971 -0.039501 0.156302 -0.331502 0.280089 0.068561 -0.014013 -0.304013 -0.229468 -0.034645 -0.003311 0.233054 0.190577 0.147329 -0.270555
moving -0.247133 0.093454 0.312470 0.059105 0.149533 0.095872 0.073229 -0.298966 -0.325438 0.108510 -0.031244 -0.151223 0.012722 -0.046226 0.218805 0.202957 -0.188721 -0.000701 0.027952 0.125257 0.049786 -0.174619 0.000422 0.085728 0.190063 -0.090258 -0.088568 0.088732 -0.082571 0.234283 -0.022179 -0.166158 -0.139948 -0.063170 -0.174620 -0.242897 0.145659 0.007774 -0.171937 -0.038168 -0.013398 -0.093965 -0.270025 -0.197948 -0.081691 0.016763 -0.065284 0.141911 0.031844 -0.133355
mr -0.328826 0.092292 0.434426 0.526463 -0.021207 0.029553 -0.313624 -0.477506 -0.642939 0.180650 -0.409125 -0.811842 0.306150 0.215656 0.254492 0.178688 -0.147383 -0.260002 -0.360402 0.206983 0.584569 -0.765647 0.286230 0.612787 0.314599 0.077296 -0.104101 0.123526 -0.246987 0.267459 -0.563941 -0.098913 -0.121919 -0.140972 -0.333982 -0.375337 0.073776 -0.330414 -0.503383 -0.162044 0.302924 0.040569 -0.374106 -0.237655 0.023108 0.013014 -0.652183 0.085051 -0.277180 -0.131014
mrs -0.256308 0.066429 0.282667 0.298037 0.139619 0.150559 0.132421 -0.141780 -0.174374 -0.154503 0.204399 0.005777 -0.064411 -0.163749 0.072755 0.097537 -0.126325 0.087691 -0.086557 -0.095712 0.171208 -0.215364 0.157639 -0.004024 0.261132 -0.212830 0.097580 -0.123118 -0.003296 0.218820 -0.110615 0.041097 -0.110401 -0.193576 -0.093373 -0.164717 0.015117 0.177726 -0.358443 0.138300 0.165239 -0.047340 -0.351447 -0.116913 -0.026834 -0.040398 0.034722 0.130042 0.081138 -0.144795
much -0.619338 -0.019852 0.306035 0.861139 -0.139426 0.412894 -0.370071 -0.025007 -0.317606 -0.227826 -0.407169 -0.451704 -0.571463 0.180567 -0.113056 0.004129 -0.404712 -0.175519 -0.016032 0.205705 0.734081 -0.574650 0.261040 -0.062685 0.420907 -0.375807 0.407455 0.491846 0.410267 0.496069 -0.444173 0.336197 -0.199653 -0.447065 -0.035635 -1.194590 0.228161 0.200809 -0.647308 0.276834 -0.027250 0.381899 0.070148 -0.445852 0.566078 0.041157 -0.466598 -0.067220 0.341936 -0.655852
mud -0.053403 -0.122019 0.838635 0.003686 0.576690 -0.083141 0.423959 -0.123371 -0.301511 -0.251256 0.630238 -0.172378 -0.560711 -0.087219 0.569672 0.165863 -0.068943 0.463590 0.001368 0.050656 -0.068523 -0.426233 -0.077477 -0.460975 0.262443 -0.077431 0.342357 0.445348 0.020050 0.791436 0.131542 -0.064577 -0.298066 0.016293 -0.030471 -0.798766 0.272194 0.135678 -0.869774 -0.172898 -0.129521 -0.262695 -0.465382 -0.162395 -0.001437 -0.231803 -0.287870 0.368364 -0.004765 -0.327994
mumbled -0.117928 -0.221279 0.387262 -0.118030 0.101848 -0.474112 0.254488 -0.353168 -0.272510 0.062931 0.200364 -0.191052 0.066607 0.119860 0.368208 -0.025648 -0.378564 -0.151168 -0.183275 -0.184593 -0.115797 0.196737 -0.136419 -0.243861 -0.331884 -0.144163 -0.293525 0.434012 0.051995 0.235848 0.017062 -0.296899 0.008275 0.088447 -0.144560 -0.510822 0.322924 -0.127632 -0.663216 -0.159477 -0.056618 -0.232581 0.098233 0.176693 0.322170 -0.090817 -0.419685 -0.064831 -0.296435 -0.444806
murmured -0.156886 -0.389255 0.483901 0.011984 0.150830 -0.199755 0.043101 -0.090898 -0.120412 0.037733 0.236958 -0.021653 0.143976 -0.144027 0.238169 0.083463 -0.226188 -0.027597 -0.138756 -0.145452 -0.021815 -0.030205 -0.140732 -0.371733 -0.140488 -0.228118 -0.011430 0.198383 0.065572 0.369257 0.092062 -0.193987 -0.027585 -0.005027 -0.331880 -0.515928 0.297487 0.080584 -0.582920 0.024631 0.020340 -0.214016 -0.155155 0.132468 0.080977 -0.295228 -0.299007 0.101613 -0.059557 -0.520650
muscles -0.534184 0.293214 0.790221 -0.102115 -0.023896 -0.323081 0.139296 -0.253864 -0.325395 0.057678 0.668306 0.232816 -0.327671 -0.442306 0.469624 0.255819 -0.799118 0.288637 0.278872 -0.330094 -0.109449 0.063804 -0.065283 -0.636673 0.273260 -0.221089 0.230008 0.072454 0.350836 0.303265 -0.018784 0.328413 -0.570264 -0.559938 0.219700 -0.207994 0.218128 0.508378 -0.668905 0.316110 0.121924 -0.153318 -0.288937 -0.358337 0.057757 -0.365554 0.304518 0.207862 -0.017474 -0.387534
must -0.551347 0.489706 0.440982 -0.208419 0.498757 -0.271963 -0.398630 -0.538588 -0.967134 -0.146883 -0.352575 -0.589818 0.315443 0.411059 0.250148 0.099561 -0.212050 -0.082588 -0.448302 -0.098307 -0.176400 0.175288 0.352942 0.329256 0.041357 0.008393 -0.844366 0.498475 -1.101984 0.332088 -0.152022 -0.636196 0.087599 0.070200 0.128303 -0.620454 0.139705 0.299911 -0.596841 -0.308250 0.552186 -0.191412 -0.154164 -0.731879 0.374793 0.116005 0.070576 -0.377012 0.162085 -0.425520
mustard -0.047390 0.145928 0.429771 -0.055323 0.279873 0.069413 0.183415 -0.059345 -0.197496 -0.038031 0.282339 0.286924 -0.412725 -0.337968 0.452354 0.273823 -0.043487 0.362512 0.135730 0.231602 -0.192553 -0.232826 -0.129856 -0.126004 0.212878 -0.046881 0.213027 0.091824 -0.035831 0.413067 -0.104355 -0.124523 -0.226893 -0.209030 0.246449 -0.170553 0.226723 0.583963 -0.025639 -0.090446 -0.250601 -0.180092 -0.360283 -0.334483 -0.128057 -0.043846 0.118342 0.399120 -0.065673 0.121993
muttered -0.293337 -0.182632 0.518087 -0.493737 0.005883 -0.695880 -0.145842 -0.100786 -0.298467 0.022276 0.110402 0.057354 0.142989 -0.133082 0.464415 0.116855 -0.563590 0.006173 0.076290 -0.229476 -0.213411 0.183622 -0.326773 -0.376873 -0.247234 0.006066 -0.199520 0.558763 0.029345 0.208546 -0.076865 -0.045528 0.141645 -0.119850 0.001403 -0.485107 0.280442 0.163221 -0.593676 -0.047286 -0.187978 -0.313656 0.165647 -0.171806 0.228102 -0.223591 -0.326047 0.014855 -0.120731 -0.337822
my -0.243526 -0.607050 1.039274 0.497808 -0.131882 0.061975 0.092204 -0.474993 0.822176 1.356611 -0.228538 0.027672 0.971547 -1.055062 0.728170 0.709830 -1.161556 -0.551409 -0.543968 0.203527 1.275941 -1.399058 0.018671 0.652882 -0.091644 0.847679 0.220580 -0.011808 0.660813 0.442154 -0.002542 -0.326626 0.586570 0.043031 -1.507496 0.476411 -0.607494 -1.349486 -0.941886 -0.407490 -0.858391 -0.133321 -1.586497 0.128029 -0.871570 -0.336863 -0.414644 1.204292 -0.451311 0.546662
myself -0.112939 0.195756 0.266173 0.536543 0.474951 0.434177 0.507844 -0.559844 -0.447968 0.153150 0.239924 -0.207687 0.010142 -0.212187 0.318245 0.288592 -0.396393 -0.020313 -0.323754 0.046921 0.071138 -0.246599 0.082547 -0.124755 0.231314 -0.428436 -0.309176 0.150288 0.244211 0.452442 -0.103513 -0.552524 -0.241124 0.013362 -0.532690 -0.439685 0.181466 -0.173200 -0.508172 0.020406 -0.096043 -0.368307 -0.689474 -0.077902 -0.010134 0.166066 -0.269084 0.390038 0.137196 -0.314700
n -0.492328 0.212320 0.475536 0.187703 0.259364 -0.130882 0.404059 -0.289332 -0.632764 -0.138891 0.208643 -0.294515 0.108461 0.069314 0.388791 0.058931 -0.269113 -0.103415 -0.130585 0.192062 0.244986 -0.337328 0.164237 0.067113 0.311199 -0.118099 -0.198419 -0.056814 -0.244165 0.385561 -0.284407 0.044228 -0.007912 0.098859 -0.252496 -0.367831 0.048930 -0.150517 -0.544681 -0.142310 0.343342 -0.140458 -0.253047 -0.198818 0.011483 -0.166032 -0.132353 -0.149460 -0.013757 -0.118043
nam -0.080774 -0.608244 1.372007 1.657363 -0.609725 0.135982 -0.578812 -0.781084 -1.310987 0.378682 -0.413171 -1.236766 -0.810748 0.456372 -0.099996 0.212299 -0.271809 0.510308 -0.020724 -1.113686 0.828235 -0.667133 -0.399350 -0.387281 0.156878 0.137430 -0.205361 0.814319 0.534558 -0.202843 -0.836650 1.056390 -0.500762 -0.780514 0.273627 -1.001643 0.658725 0.474062 -1.004919 0.473752 0.233786 -0.292200 0.228478 0.038187 0.405863 -0.152979 -1.792000 0.043949 -0.139426 -0.669387
name -0.429222 0.537936 0.662033 -0.040374 -0.268552 -0.633677 0.198451 -0.157225 -0.452258 -0.515689 0.270677 -0.001208 -0.066507 -0.338821 0.385806 0.031955 -0.421772 0.077480 -0.039749 -0.146305 0.368245 -0.172055 0.043167 -0.410852 0.150733 -0.113807 0.052846 -0.087833 -0.071093 0.336154 -0.624567 0.438944 -0.308129 -0.140107 0.667782 -0.055260 0.060380 0.339941 -0.568935 0.205067 0.503283 0.069736 0.166814 -0.189125 0.274838 -0.356203 0.156063 -0.220451 -0.277687 -0.264551
narrow -0.122338 0.014969 0.232931 -0.069175 0.109377 -0.019081 0.150689 -0.035559 -0.175562 -0.117037 0.062933 -0.081074 -0.081892 -0.078055 0.054150 0.236298 0.042662 0.134268 0.239466 0.097003 0.015553 -0.114429 -0.035003 -0.001500 0.158965 -0.187710 0.145540 -0.067391 -0.063932 0.072118 0.059254 -0.013839 -0.086982 -0.033212 -0.046302 -0.120096 0.052335 -0.011685 -0.218075 -0.078000 -0.021154 -0.155905 -0.234405 0.038790 -0.070102 -0.101210 0.083386 0.129148 0.001589 -0.089657
native -0.403310 0.161816 0.322959 -0.066604 0.002364 -0.180722 0.042377 -0.106497 -0.357778 -0.124785 0.185920 0.082260 -0.078610 -0.127599 0.185225 0.168711 -0.227606 -0.095279 0.122554 -0.052452 0.058549 -0.077715 0.011048 -0.120366 0.154229 -0.151431 -0.056717 -0.036645 -0.090483 0.108285 -0.072525 0.083445 -0.053904 -0.100077 -0.072745 -0.044880 -0.005315 0.190029 -0.298253 0.077307 0.008447 -0.160446 -0.120803 -0.226730 0.151904 -0.085655 0.078578 0.094911 0.017705 -0.058431
nature -0.251968 0.071214 0.663445 0.029638 0.121899 -0.181912 0.265154 -0.069194 -0.194378 -0.273772 0.557614 -0.074419 -0.266674 -0.252056 0.314591 0.217608 -0.094207 0.445752 0.074958 -0.002946 0.171274 -0.477482 0.074676 -0.410636 0.328562 -0.343701 0.508030 -0.126267 -0.006364 0.424932 -0.059609 0.319944 -0.439582 -0.271364 0.197821 -0.178328 0.207077 0.204887 -0.644388 0.081400 0.192327 -0.077107 -0.290476 -0.210512 0.050318 -0.444405 0.140213 0.158631 -0.007098 -0.290781
nay -0.464641 0.159701 0.382214 -0.053933 -0.007496 -0.202177 -0.134803 -0.455114 -0.565251 -0.100236 -0.165281 -0.329660 0.035380 0.174288 0.089241 0.489206 -0.207976 0.074427 0.252077 0.019240 0.354092 -0.357462 0.142195 0.172176 0.265899 -0.491626 -0.046306 -0.016108 0.001122 -0.076199 -0.292369 0.243838 -0.132294 -0.226015 -0.136122 -0.123788 0.003403 0.046107 -0.335025 0.142372 -0.112077 0.013189 -0.069120 -0.455210 0.419668 -0.037709 0.127616 -0.072340 -0.007020 -0.288838
near -0.156463 0.075903 0.411943 0.045203 0.160689 -0.104326 0.142689 -0.271617 -0.399655 0.051751 -0.057882 -0.055374 -0.085764 -0.364363 0.357027 0.244832 -0.290267 0.202446 0.025241 0.002254 0.129796 -0.113534 -0.282951 -0.148715 -0.020969 -0.246902 -0.037428 0.182920 0.100558 0.380435 -0.209202 -0.440454 -0.216387 -0.087121 0.108572 -0.421383 0.488674 0.030318 -0.431481 -0.071352 -0.155372 -0.394434 -0.151021 -0.083551 -0.008818 -0.027756 -0.239974 0.313136 -0.064538 -0.373854
nearly -0.269441 -0.068928 0.348345 -0.032338 -0.022910 -0.310357 -0.156359 -0.028948 -0.522469 -0.106579 -0.194196 -0.092638 0.319275 -0.126789 0.239535 0.188644 -0.034832 -0.012795 0.288695 0.108239 0.514350 -0.203477 0.102131 0.128825 0.302633 -0.260962 0.124302 -0.424868 -0.117676 0.108224 -0.288005 0.055347 -0.112286 -0.086137 -0.066767 -0.049905 0.344854 -0.049612 -0.215954 -0.037291 0.229462 -0.202546 0.088307 -0.261590 0.041348 -0.233343 -0.117786 -0.014006 0.108142 -0.150253
necessary -0.268390 0.139087 0.462754 0.164865 0.127807 -0.028259 0.127653 -0.248442 -0.381602 0.102849 -0.028761 -0.181689 -0.042157 -0.083572 0.194766 0.225892 -0.138923 0.027848 -0.009021 0.144379 0.157585 -0.214026 -0.017792 -0.011143 0.156370 -0.238991 -0.000766 0.062054 -0.038148 0.224500 -0.108844 -0.090823 -0.133344 -0.110799 -0.096009 -0.322697 0.149399 0.052471 -0.421827 -0.137750 0.048081 -0.143458 -0.213890 -0.163717 0.087689 -0.080928 -0.069629 0.092352 -0.018981 -0.343796
neck -0.319862 0.234641 0.342069 0.069677 0.054042 -0.095425 0.097995 -0.173502 -0.354072 -0.176095 0.181408 -0.000769 -0.115820 -0.246123 0.290648 0.056471 -0.219884 0.130461 0.060726 -0.085793 0.084804 -0.193458 -0.007743 -0.105790 0.190810 -0.156116 0.002965 -0.009354 -0.117905 0.271999 -0.230278 -0.027733 -0.217593 -0.236964 0.237211 -0.110716 0.301917 0.245343 -0.256629 0.117035 0.194673 -0.234357 -0.107903 -0.175631 0.015029 -0.129032 0.033199 0.103957 -0.048279 -0.099008
need 0.043220 0.293131 0.149896 0.552687 0.223582 0.224581 0.591828 -0.412219 -0.250647 -0.142273 0.333373 -0.280013 -0.134524 -0.266241 0.219526 -0.096285 -0.260451 0.346863 -0.232300 0.028945 -0.061853 -0.232323 -0.083107 0.071739 0.078725 -0.273935 0.082937 0.070598 -0.195362 0.509286 -0.164524 -0.562336 -0.181026 -0.162670 0.324565 -0.510320 0.397102 -0.401223 -0.544838 -0.158960 -0.007727 -0.226683 -0.264555 0.103952 -0.020977 0.168800 -0.364221 0.136619 -0.017291 -0.183802
neil -0.286285 0.206502 0.183172 0.180258 -0.158659 -0.010470 -0.428764 -0.167645 -0.219708 -0.097725 -0.215085 -0.187274 -0.201348 -0.123843 -0.001360 0.248376 -0.380850 0.114962 0.016381 -0.108662 0.310037 -0.367088 0.109342 0.041661 0.223317 -0.050285 0.096364 0.176304 0.141510 0.108613 -0.411239 0.063321 -0.332061 -0.258963 0.074313 -0.165772 0.096771 0.092093 -0.330245 0.268251 -0.049736 -0.054272 -0.241013 -0.376838 0.114503 0.105624 -0.249299 0.354571 -0.082126 -0.019275
neither -0.320066 -0.033031 0.410899 0.228970 0.191239 -0.037239 0.150229 -0.223405 -0.323876 0.074609 -0.163083 -0.106219 -0.069398 -0.167152 0.194980 0.167298 -0.272433 0.050971 -0.246122 0.302061 -0.006846 -0.264083 -0.026798 -0.035452 0.026342 -0.231725 0.000057 0.049585 -0.033983 0.315095 -0.155052 -0.087814 -0.256116 -0.161941 -0.172442 -0.426781 0.274021 -0.053043 -0.493770 -0.230519 0.157387 -0.150368 -0.269337 -0.222000 0.023381 -0.080609 -0.246971 0.008113 -0.059111 -0.367413
nervous -0.381366 -0.049413 0.362891 -0.145181 0.012848 -0.330529 -0.096634 0.029418 -0.260101 0.098048 0.171396 0.370586 -0.135090 -0.300824 0.178251 0.185878 -0.380262 -0.043761 0.029132 -0.014793 -0.219594 0.013087 -0.270958 -0.422655 -0.032677 -0.267286 0.064134 0.170661 0.204752 0.235084 -0.204896 0.125032 -0.173631 -0.212053 -0.240893 -0.346224 0.021843 0.503220 -0.533417 0.041353 -0.227264 -0.167931 -0.043050 -0.235934 0.205880 -0.214479 -0.212039 0.168001 -0.118274 -0.267671
never -0.736016 0.179820 0.299355 0.410839 0.188656 -0.032624 -0.414944 0.077102 -0.948077 -0.704084 -0.222344 -0.196765 0.016637 -0.165084 0.285550 0.304902 -0.695045 -0.243366 0.293200 -0.083426 0.103004 -0.646625 0.161256 0.071193 0.365848 0.279564 -0.161588 0.433317 -0.476180 0.407987 0.175285 -0.227835 0.216402 -0.110946 0.061235 -0.717324 0.278139 -1.052769 -1.493999 0.086755 0.445134 -0.826526 -0.280557 -0.341206 -0.224418 0.074895 -0.448989 0.188636 0.379471 0.182710
new -0.651744 0.471289 0.385321 -0.136830 -0.047614 -0.438233 0.148375 0.099356 -0.482233 0.247451 0.586423 0.377373 -0.183538 -0.487824 0.248898 0.539257 -0.430989 0.090568 0.281480 0.172747 -0.142108 0.143462 -0.354284 -0.396333 0.268023 -0.493040 0.184316 -0.255927 0.248328 0.085320 -0.509041 0.301646 -0.079549 -0.248525 -0.189070 -0.125604 -0.213550 0.703774 -0.330946 -0.014182 -0.517648 -0.418243 -0.282298 -0.392401 0.432388 -0.300649 0.099718 0.306924 -0.095901 0.112386
next -0.402153 -0.348115 0.714093 -0.067659 0.242577 -0.337385 0.219585 -0.153822 -0.418050 0.094063 0.098573 0.310324 0.028964 -0.175604 0.596815 0.219168 -0.364233 0.015460 0.134691 0.278523 0.116809 -0.025158 -0.072165 -0.150690 -0.073136 -0.308979 -0.009638 -0.211477 0.147361 0.383899 -0.112313 -0.064654 -0.281948 -0.333838 -0.057762 -0.361258 0.645197 0.396822 -0.388137 -0.106003 0.024528 -0.212356 -0.009386 -0.330824 0.039206 -0.277003 -0.082607 -0.021550 0.011890 -0.393116
night 0.016785 0.027441 0.363220 0.090939 0.495960 0.097884 0.555980 -0.493050 -0.031315 -0.120933 -0.286965 -0.209695 -0.803998 -0.289152 0.331373 -0.047322 -0.702412 0.659476 0.027354 0.232602 -0.433341 -0.674983 -0.184360 -0.514648 0.134575 -0.125864 0.605669 0.696144 0.468729 0.655838 -0.126567 0.099271 -0.856608 -0.281438 0.243806 -0.700758 0.036448 -0.162073 -0.814642 -0.106693 -0.284197 -0.032539 -0.565646 -0.156112 -0.133654 0.172382 -0.490943 0.418879 -0.360521 -0.240480
nights -0.171675 -0.152823 0.461841 0.033931 0.256899 0.114455 0.007215 -0.142599 -0.153136 0.080203 0.203743 0.176352 -0.253944 -0.155325 0.286290 0.205730 -0.218759 -0.081521 0.019775 -0.068790 0.042220 -0.068914 0.005444 -0.309305 0.121657 -0.119090 -0.040246 0.242049 0.248267 0.344040 0.122558 -0.109816 -0.110447 -0.036508 -0.333557 -0.312665 0.030024 0.493882 -0.305995 0.089523 -0.234188 -0.138107 -0.358328 -0.207175 0.056484 -0.055083 -0.001671 0.345900 0.093293 -0.257237
nine -0.134455 -0.029442 0.265671 0.090696 0.116468 0.024255 0.170626 -0.201361 -0.212581 0.007313 0.127388 0.088415 -0.040501 -0.226032 0.116799 0.213601 -0.099109 0.110792 0.034131 0.071613 0.021320 -0.183126 -0.024589 -0.109783 0.191387 -0.329025 0.087018 -0.143603 0.039735 0.118581 -0.096769 0.103131 -0.133329 -0.141512 -0.198914 -0.015187 0.024527 0.214822 -0.240592 0.003393 -0.060440 -0.157096 -0.358816 -0.164095 0.001013 -0.105767 0.005804 0.201236 0.004383 -0.123690
no -0.147404 -0.516228 0.361501 1.418112 0.071704 0.535754 -0.763136 -0.292435 -0.172335 -0.601178 -0.460472 -0.260025 0.550229 0.000800 -0.603064 1.004151 0.131010 0.220376 -0.551530 0.597176 0.431899 -0.616329 0.563764 0.178070 0.055239 -0.816450 -0.013756 -0.577368 0.264825 0.513128 -0.303708 -0.150599 -0.316104 -0.229403 0.381349 -1.459809 0.179005 -0.434451 -1.128407 0.117958 0.246596 0.308013 -0.167906 -0.199983 0.331529 0.344424 -0.694377 -0.754671 0.315004 -1.166167
nobody -0.349128 0.259975 0.148540 0.174872 -0.094026 0.086233 -0.100109 0.141451 -0.283841 -0.138775 -0.026787 0.088391 -0.046435 -0.390472 0.047611 0.076668 -0.050990 0.131676 0.175337 0.239240 0.173844 -0.284627 -0.047257 0.076991 0.441747 -0.133110 0.325975 -0.296090 -0.216375 0.199651 -0.332438 0.147873 -0.106880 -0.226006 0.107296 -0.076655 0.090110 0.173169 -0.063915 0.023116 0.140229 -0.151008 -0.180143 -0.256004 -0.167021 -0.139307 -0.013958 0.193512 0.154998 0.120257
nodded -0.116471 -0.364685 0.534714 -0.218368 0.297884 -0.421783 0.283943 -0.364113 -0.254194 0.064765 0.277049 -0.109769 0.232105 -0.054284 0.442191 0.091821 -0.426928 -0.103726 -0.058125 -0.364905 -0.002645 0.092270 -0.184882 -0.442069 -0.240933 -0.199887 -0.414652 0.422692 0.321537 0.248016 0.024436 -0.226660 0.027835 0.144990 -0.434738 -0.422314 0.275005 -0.078933 -0.710256 0.023499 -0.118217 -0.424481 -0.049121 0.279787 0.157219 -0.235791 -0.313705 0.026488 -0.208299 -0.592982
noise -0.149953 0.195101 0.226998 0.286080 -0.017809 0.087491 0.241764 -0.143997 -0.112151 -0.140473 0.430121 0.039400 -0.349640 -0.150905 0.032861 0.079199 -0.103865 0.053544 -0.004179 -0.036832 -0.033255 -0.217549 0.028043 -0.150809 0.154370 -0.266057 0.123247 0.042492 0.054887 0.086476 0.076815 0.158202 -0.131518 -0.267963 0.097894 0.016682 0.010322 0.087427 -0.449126 0.012683 -0.038986 -0.096507 -0.171229 -0.119444 0.193952 -0.002353 0.079323 0.126102 0.038750 -0.104331
none -0.099663 -0.167596 0.300871 0.308283 0.206056 0.217516 0.091833 -0.070894 -0.052507 -0.153780 0.011699 -0.007624 -0.015779 -0.111683 -0.079210 0.058757 0.090818 0.088656 -0.128816 0.120661 0.161218 -0.375740 0.172926 0.051313 0.238555 -0.188149 0.117588 -0.162767 -0.086347 0.193170 -0.006148 0.085620 -0.008990 -0.060442 -0.230778 -0.057812 -0.028301 0.016159 -0.401395 -0.047729 0.191075 -0.040484 -0.317882 -0.090139 -0.127792 -0.116364 -0.024882 0.014222 0.113242 -0.208380
nor -0.459431 0.058309 0.209490 0.309671 0.055827 0.107756 -0.046279 -0.078467 -0.342275 -0.523522 -0.151716 -0.115194 -0.163957 -0.170344 -0.288838 0.498890 0.183593 0.329290 0.350133 0.351263 -0.063498 -0.661450 -0.029233 0.451967 0.179015 -0.575232 0.169938 -0.315255 -0.207799 -0.099453 0.048494 0.255331 -0.035859 -0.472745 0.220472 -0.007060 0.392200 -0.528167 -0.616733 -0.198819 0.180924 -0.468970 -0.075202 -0.220810 -0.001007 0.153211 -0.027734 -0.095201 0.194741 -0.210119
north -0.213578 0.040895 0.460709 -0.212606 0.142969 -0.120774 0.189123 -0.146547 -0.475399 0.087349 0.076223 0.019168 0.066450 -0.488124 0.338959 0.118796 -0.167588 0.307745 0.207984 -0.004248 0.059518 0.021689 -0.225265 -0.311090 0.253621 -0.312488 0.074765 -0.074952 -0.074498 0.460874 -0.170999 -0.255828 -0.262832 -0.048974 -0.053568 -0.364030 0.483567 0.242119 -0.195163 -0.023400 0.066487 -0.445118 -0.203287 -0.053277 -0.303865 -0.295883 -0.155570 0.402679 0.083790 -0.266720
nose -0.833040 0.508788 0.710912 0.054877 -0.285264 -0.330574 0.387692 -0.000447 -0.288767 -0.375518 0.863132 0.096634 -1.027791 -0.334828 0.273325 0.234835 -0.555882 0.246007 0.149327 -0.012305 -0.291844 -0.152096 -0.214772 -0.614530 0.290549 -0.297686 0.414444 0.497338 0.136017 0.331959 -0.241548 0.835863 -0.305375 -0.597297 0.432443 -0.643926 -0.043341 0.751281 -0.906632 0.085410 0.037886 -0.159235 -0.380331 -0.293687 0.287886 -0.361682 0.061936 0.261532 -0.304037 -0.224748
not -0.186837 0.328278 0.715341 0.788324 -0.095797 -0.004048 -1.043460 0.962761 -0.265039 -1.494882 -0.957391 -0.250428 -0.518731 -1.643279 -0.430139 0.605860 -0.306417 -0.097833 -0.223055 0.896733 0.144202 -0.890761 -0.286025 -0.670541 -0.217608 -0.762641 0.129503 0.629626 -1.054954 0.455807 -0.262269 -0.779289 -0.081001 0.973959 0.870723 -0.479086 1.160962 -0.736015 -1.219570 -0.464205 0.860445 -1.934458 -0.579812 -0.513311 0.611582 -0.566286 0.225604 0.527811 0.947433 -1.223807
notches -0.150876 -0.009904 0.605050 -0.131577 0.151529 -0.257888 0.152778 -0.143377 -0.399207 -0.069572 0.192353 -0.077908 -0.151298 -0.049120 0.372827 0.205865 -0.046513 0.056845 0.288642 0.053433 0.156836 -0.141003 -0.078517 -0.068015 0.131947 -0.118265 -0.023170 0.091658 0.013033 0.207518 -0.057055 0.086370 -0.103803 -0.029985 0.082440 -0.174803 0.200531 0.095256 -0.393028 -0.171409 -0.005265 -0.241366 -0.074837 -0.041817 0.034423 -0.176578 -0.045904 0.060979 -0.111605 -0.246963
noted -0.097584 -0.118773 0.390783 -0.361746 -0.020554 -0.538129 -0.056590 -0.130791 -0.247761 0.249507 0.153740 -0.096351 -0.129926 0.066049 0.321658 0.216809 -0.401202 -0.007464 0.032443 -0.050657 -0.225842 0.349435 -0.203811 -0.363721 -0.212674 -0.117588 -0.093373 0.500366 0.204275 0.002535 -0.006351 -0.053355 -0.081249 0.004391 -0.115248 -0.442814 0.125414 0.252160 -0.431658 -0.165829 -0.373019 -0.186510 0.020650 -0.129578 0.428110 -0.195486 -0.239601 0.082846 -0.257437 -0.323881
nothin -0.424503 0.042065 0.566500 0.531993 0.328329 0.240005 0.210988 -0.325719 -0.462782 -0.156381 0.121485 -0.215363 0.036501 -0.197869 0.228583 0.137216 -0.124755 0.041685 -0.192722 0.056024 0.244279 -0.659467 0.058138 0.087009 0.321873 -0.308812 0.002285 -0.074940 -0.267226 0.574511 -0.170322 -0.269335 -0.107780 -0.165050 -0.185896 -0.413147 0.264436 -0.122492 -0.600187 0.015883 0.302243 -0.217674 -0.440245 -0.100839 -0.052949 -0.060273 -0.161179 0.083201 0.071648 -0.376319
nothing -0.598261 0.224047 0.057092 1.031150 0.079930 0.655025 -0.341485 -0.262844 -0.460802 0.021992 -0.239248 -0.771325 -0.346580 -0.088043 -0.318796 0.105935 0.046659 0.400824 -0.418126 0.313647 -0.028051 -0.987738 0.277440 0.350591 0.674793 -0.298182 0.493971 0.177215 -0.505180 0.521266 -0.173934 -0.242417 -0.380625 -0.489128 -0.064409 -0.896932 0.423036 -0.489760 -0.963250 -0.093284 0.404710 -0.384756 -0.551318 -0.368031 -0.218329 -0.046513 -0.748154 0.373895 0.006950 -0.159182
notice -0.252081 0.162753 0.440692 -0.344751 -0.058338 -0.507123 -0.009876 -0.138965 -0.319624 -0.129512 0.185431 -0.126648 -0.422281 0.084058 0.070139 0.153286 -0.138594 0.400375 0.215335 0.136276 -0.282267 -0.016111 -0.031122 0.072867 0.227166 -0.086623 0.205317 0.167811 -0.224843 -0.009167 -0.103321 0.381391 -0.173177 -0.244717 0.259161 -0.214816 -0.036925 0.191333 -0.439361 -0.274159 -0.077321 -0.048794 -0.060571 -0.394425 0.178685 -0.138835 -0.091458 -0.041370 -0.246296 -0.041199
now -0.176917 -0.050696 0.259616 0.543908 0.456802 0.135255 -0.198498 0.004073 -0.533940 0.212371 -0.335160 -0.259464 -0.145570 -0.172027 0.289346 -0.042437 -0.682170 0.405509 -0.159942 0.261290 -0.174167 -0.441848 0.204562 -0.136792 0.456397 0.025921 0.212755 0.178501 0.112879 0.255176 -0.576401 0.124694 -0.511355 -0.532370 -0.075341 -0.572609 0.496161 -0.011258 -0.649944 0.046550 0.290648 -0.508199 -0.442060 -0.488910 -0.196128 -0.242574 -0.623878 0.099467 0.068308 -0.244098
numb -0.253060 -0.010624 0.161971 0.026469 0.114133 0.005123 -0.055552 -0.033923 -0.137432 -0.007967 0.031363 0.040988 -0.128793 -0.180589 0.076574 0.186470 -0.285705 0.062451 0.084314 0.000444 0.058962 -0.186944 -0.012843 -0.154929 0.162259 -0.229862 0.071414 0.119668 0.219986 0.090978 -0.144742 0.096771 -0.082742 -0.127472 -0.238462 -0.181512 -0.002097 0.136595 -0.359056 0.097101 -0.174579 -0.218585 -0.243909 -0.189672 0.061092 -0.062752 -0.072964 0.236073 0.082318 -0.117168
number -0.462030 0.345348 0.309615 0.261632 -0.016578 -0.103484 0.460604 -0.165124 -0.292418 -0.144249 0.798024 0.088022 -0.269773 -0.425129 0.018533 0.355751 -0.227881 0.230829 -0.130683 0.173485 -0.200242 -0.259725 -0.132373 -0.171828 0.238143 -0.661408 0.243205 -0.111433 -0.178361 0.181182 -0.248554 0.135766 0.021381 -0.335975 -0.121619 -0.146890 -0.126323 0.242174 -0.756211 -0.201451 -0.322881 -0.368985 -0.536989 -0.275071 0.362475 -0.168730 -0.054577 0.297705 -0.083903 0.028737
o -0.231815 0.376370 0.480858 0.224623 -0.020474 -0.155935 0.286096 -0.527237 -0.608889 0.011309 -0.374193 -0.425073 0.156661 -0.091974 0.183308 0.357540 -0.482706 0.016373 -0.160901 0.105623 0.294518 -0.229016 -0.133540 -0.104474 0.184086 -0.271306 -0.314259 0.123203 0.094111 0.076847 -0.736510 0.164672 -0.188776 0.015285 0.090665 -0.351084 -0.104795 0.128366 -0.207299 0.116536 0.145388 0.089994 -0.331714 -0.139651 0.237486 -0.028030 -0.161325 -0.187791 -0.333577 -0.465815
oakland -0.223666 0.375500 0.027564 0.436016 0.182931 0.529892 0.460404 -0.262963 -0.195084 0.234019 0.183397 -0.116812 -0.155386 -0.429990 0.150290 0.056140 -0.105008 0.111098 -0.094141 -0.055895 0.176369 -0.258249 -0.177899 -0.155569 0.269317 -0.303737 0.069234 0.034773 0.205566 0.520636 -0.034086 -0.471365 -0.246582 -0.142087 -0.206966 -0.339215 0.271897 -0.101495 -0.214779 0.054166 -0.057710 -0.315761 -0.365320 0.153585 -0.273955 0.140420 -0.166705 0.536386 0.166282 -0.120605
oars -0.247120 0.057279 0.358732 -0.061579 0.023014 -0.127504 0.113268 -0.077935 -0.206221 -0.078268 0.201958 0.254461 -0.103462 -0.320971 0.231730 0.158715 -0.115829 0.070381 0.148589 0.053151 0.101013 -0.204033 -0.129202 -0.225382 0.197748 -0.209808 0.126275 -0.112404 0.071854 0.240963 -0.134849 0.198894 -0.125173 -0.146378 -0.006413 0.027388 0.068645 0.340887 -0.192769 0.061415 -0.028968 -0.107035 -0.073478 -0.207586 0.012006 -0.187871 0.104726 0.149814 -0.006432 -0.086034
obtain -0.327848 0.283015 0.264876 0.226265 0.136351 0.180540 0.246135 -0.159259 -0.351775 -0.000239 0.047004 -0.068919 -0.157094 -0.150197 0.223260 0.237065 -0.093221 0.009894 0.015974 0.272757 0.036434 -0.239681 -0.080200 0.031520 0.205223 -0.233015 0.019397 0.015833 -0.106546 0.279002 -0.132502 -0.114706 -0.018197 -0.106871 -0.004876 -0.307093 0.084889 0.122323 -0.177809 -0.101763 -0.040199 -0.155482 -0.282457 -0.180885 0.032678 0.052681 0.045478 0.156860 0.083654 -0.089370
ocean -0.177563 0.020712 0.495457 -0.263045 0.127341 -0.278963 0.181061 -0.124057 -0.217499 -0.139167 0.180704 0.018066 -0.323696 -0.114557 0.170221 0.278697 -0.052642 0.361785 0.193075 0.142819 -0.247147 -0.100245 -0.182620 -0.169315 0.062036 -0.221286 0.238623 0.143160 -0.043623 0.216145 0.020824 0.158315 -0.255535 -0.143875 0.147809 -0.265294 0.054389 0.190185 -0.455945 -0.200069 -0.075902 -0.147654 -0.227117 -0.141904 0.028146 -0.159826 -0.032917 0.146870 -0.169626 -0.178855
of -1.131206 -0.346537 1.976485 0.284729 -0.265963 -0.447129 1.262541 0.124972 -0.857175 0.531344 -0.788281 0.453152 -0.623160 0.325801 1.634722 1.805182 -0.241570 -1.185060 0.254231 2.733714 -0.086210 -1.157056 -1.540285 -0.217616 -1.101999 -0.518305 0.854713 -0.504915 -0.146814 0.487238 0.735429 0.563678 0.652293 0.303669 0.888112 -1.323913 -0.021310 -0.751024 0.314551 -0.571336 -0.153226 1.509384 0.004613 -0.937033 0.656156 -0.648844 1.784035 -1.035069 0.122334 -0.839399
off -0.173411 -0.227897 0.575874 -0.610342 0.225439 -0.642282 0.309254 -0.023466 -0.399450 0.195608 0.092902 0.304885 0.483789 -0.412454 0.496579 0.363605 -0.361031 0.138134 0.129565 0.227829 0.132333 0.038350 -0.285378 -0.141897 -0.030188 -0.226975 -0.460099 -0.383264 0.246003 -0.072041 -0.586204 0.262380 -0.068562 0.181234 -0.322326 0.196753 0.193315 0.326570 0.000454 -0.022106 -0.106814 -0.418385 -0.077392 -0.172251 -0.228017 -0.467801 0.144670 -0.194303 -0.124860 -0.166753
office -0.192925 -0.164892 0.618957 -0.187398 0.270580 -0.197308 0.118385 0.057213 -0.089410 -0.278005 0.162441 0.130363 -0.236329 -0.238608 0.338832 0.154629 -0.230422 0.345753 0.216490 0.117838 -0.087222 -0.276502 -0.071844 -0.278281 0.114685 -0.007148 0.280001 0.084566 0.004761 0.433926 -0.058015 0.136980 -0.256266 -0.097684 0.126709 -0.347598 0.190707 0.270932 -0.371474 0.008938 0.045181 -0.122438 -0.299262 -0.124201 -0.153436 -0.286441 0.058915 0.135633 -0.072814 -0.160996
official -0.225774 0.043689 0.421121 0.139184 0.208893 0.131391 0.262820 -0.144972 -0.198464 -0.063753 0.180862 0.029627 -0.143617 -0.347234 0.234976 0.213794 -0.165543 0.175901 0.069359 0.037843 0.129592 -0.268021 -0.092764 -0.244543 0.249707 -0.278810 0.190973 -0.045014 0.140599 0.379403 -0.080104 0.018058 -0.196931 -0.116335 -0.134616 -0.274085 0.131383 0.179238 -0.289132 0.104369 0.045074 -0.189175 -0.483296 -0.041535 -0.147395 -0.153331 0.044066 0.318543 0.052885 -0.198846
often -0.282112 0.259843 0.310830 0.080623 0.296157 -0.058093 0.250503 -0.243408 -0.413044 -0.101416 0.106205 0.036616 0.371880 -0.340876 0.336944 0.269238 -0.393794 -0.021549 -0.079440 -0.205889 0.321787 -0.059202 0.024472 -0.189826 0.115860 -0.328931 -0.329324 -0.180418 0.086768 0.208040 -0.301176 -0.275106 -0.054841 0.073570 -0.146965 -0.051439 0.073033 0.120432 -0.293464 0.251939 0.141020 -0.255819 -0.325421 -0.089747 0.055951 -0.068495 0.224158 0.020005 0.137299 -0.306202
oh -0.333200 -0.035984 0.459969 0.192156 0.008296 -0.266789 -0.108065 -0.519670 -0.487560 0.038286 -0.022172 -0.211524 -0.019871 0.067356 0.289112 0.317813 -0.394046 0.138322 -0.042137 0.094581 -0.039389 -0.229406 0.116779 0.174122 0.039368 -0.314896 -0.013429 0.012767 -0.070861 0.192062 -0.336736 -0.052060 -0.389532 -0.408782 -0.020796 -0.351532 0.374193 0.201084 -0.419825 -0.009396 -0.024847 -0.064433 -0.157439 -0.431281 0.315342 -0.017277 -0.339893 0.011230 -0.276622 -0.188547
oil -0.217898 -0.050850 0.645727 0.012676 0.371981 0.046927 0.097342 -0.082372 -0.285085 -0.241341 -0.007682 0.051417 -0.145653 -0.156025 0.250534 0.338853 -0.011320 0.168569 0.093581 0.062982 0.066491 -0.403060 -0.041928 -0.228863 0.228182 -0.110048 0.184997 0.026921 -0.135489 0.463534 0.161686 -0.078320 -0.139073 -0.022867 -0.021645 -0.371098 0.036875 0.141584 -0.382414 0.027400 0.171322 -0.028786 -0.418320 -0.197697 -0.110082 -0.150395 0.204299 0.142530 0.110200 -0.303285
old -0.370637 -0.069062 0.593637 0.068308 0.241278 -0.144869 0.444603 -0.231898 -0.234907 -0.166527 0.061503 0.027246 -0.169996 0.056321 0.158044 0.203713 -0.042015 0.100500 -0.153595 0.567491 -0.238851 -0.316962 -0.141629 -0.077388 -0.058380 -0.494783 0.030280 0.050340 -0.252937 0.349210 -0.372233 0.241002 -0.053452 -0.095979 -0.131079 -0.461970 -0.118797 0.723058 -0.330818 -0.327016 -0.064913 0.173424 -0.290630 -0.254308 0.419428 -0.152999 -0.049054 -0.323203 -0.244185 -0.425271
on -0.377994 -0.060749 0.669172 -1.050697 0.504867 -0.616030 0.604256 -0.310628 -0.663199 0.832177 0.131260 0.674022 1.431869 -0.742150 0.503128 0.929899 -0.563956 0.108239 -0.019295 0.927591 -0.188127 -0.268591 0.596812 -0.487924 0.426452 0.095644 -1.228682 -0.686296 -0.152987 -0.193840 -0.492524 -0.389063 -0.087225 -0.661309 0.082977 1.431794 0.702586 0.309236 0.106503 -0.111873 -0.843702 -1.319835 0.475612 -0.714093 -0.175532 -0.721532 0.992516 -0.307957 -1.223551 0.630139
once -0.507958 0.200028 0.374138 -0.153938 -0.040616 -0.101432 -0.024909 -0.120575 -0.653224 -0.061390 0.128209 0.010987 -0.312978 -0.247381 0.046468 0.125194 -0.304321 -0.015686 0.229786 -0.184253 0.102368 0.001723 -0.118557 -0.397055 0.527757 -0.089088 0.083951 0.136486 0.037148 0.387022 0.000804 0.143080 -0.257129 0.061620 -0.395352 -0.383799 -0.184872 0.231164 -0.527970 0.104811 -0.052409 -0.238034 -0.278907 -0.256996 -0.069053 -0.148121 -0.364573 0.475164 0.094206 -0.099600
one -0.059495 0.101358 0.417059 0.626180 0.192423 0.095261 0.132357 -0.513199 -0.337628 0.007727 0.411877 0.314328 -0.300350 0.051601 -0.000670 0.321173 0.208983 0.104821 -0.294854 -0.032702 0.333442 -0.053033 0.360769 0.353422 0.292653 -0.198167 0.095535 -0.187286 0.217854 0.598737 0.192854 -0.112307 0.274178 -0.523149 0.108145 -0.529885 0.127065 0.063174 -0.936443 -0.327057 -0.052440 0.073898 -0.312798 -0.362754 0.011807 0.411005 -0.466890 0.218552 -0.082126 0.085495
only -0.176648 -0.083443 0.790465 0.399004 0.528511 -0.224783 0.010500 0.221299 -0.562781 -0.247380 -0.313697 0.061730 -0.124316 -0.180479 0.277750 0.020409 -0.125028 0.260412 -0.173459 0.429189 0.370427 -0.645692 0.148115 0.127461 0.436275 0.136349 0.276306 -0.350331 -0.326175 0.361316 -0.606414 0.182940 -0.008719 0.116976 0.307531 -0.241576 -0.014183 -0.012116 -0.711271 -0.276002 0.454387 -0.213092 -0.335593 -0.573615 -0.135510 -0.323265 -0.159083 -0.301141 -0.028490 -0.198543
opee -0.217032 -0.278649 1.037344 0.000574 -0.389117 -0.544708 -0.149541 -0.034077 -0.556317 -0.065931 0.177145 -0.444626 0.528054 -0.234467 -0.119188 0.480219 -0.145972 0.346037 0.306583 -0.449666 0.965356 -0.340844 -0.078810 -0.345926 0.679815 -0.382576 0.098148 -0.435028 0.303321 -0.294888 -0.762910 0.844439 -0.066129 0.131202 -0.261963 -0.062544 -0.282815 0.415064 -0.528624 0.390094 0.453125 -0.080067 -0.214330 0.178713 0.040650 -1.071862 -0.030915 -0.157347 -0.065316 -1.196174
open -0.295285 0.302067 0.435752 0.188653 -0.085692 0.050160 0.206717 0.165271 -0.148756 0.049225 0.136374 0.159613 -0.286572 -0.693400 0.346799 0.273304 -0.279185 0.129916 0.062181 0.264509 0.438154 -0.553951 -0.156469 -0.270586 0.415286 0.046696 0.476440 -0.067375 0.215150 0.368945 -0.247198 0.173672 -0.184875 -0.110170 0.137854 -0.073449 0.064384 -0.098992 -0.490509 -0.109164 0.148152 -0.298328 -0.457677 -0.140752 -0.437261 -0.321505 0.046661 0.528465 -0.052255 0.096566
opened -0.258804 -0.199714 0.604513 -0.454303 0.108741 -0.591846 -0.052318 -0.038762 -0.373727 -0.150895 0.137058 0.296589 0.282125 -0.359369 0.535785 0.355435 -0.371771 -0.047002 0.449234 -0.264120 0.266816 -0.003784 -0.080547 -0.415884 0.086362 -0.153194 0.025224 -0.122548 0.310895 0.152491 -0.113409 0.141810 -0.134746 -0.064273 -0.053830 0.038085 0.205135 0.173612 -0.534479 0.192042 -0.025355 -0.327326 0.078944 -0.067011 0.021344 -0.411478 0.102102 0.162507 -0.029298 -0.283151
or -0.440677 0.922522 0.794620 0.172421 -0.186794 -0.124760 1.043282 -0.999972 -0.676542 0.066189 0.202606 -0.453093 -0.558450 -0.130516 0.142581 0.758059 0.418819 -0.006830 -0.082236 1.237079 0.230275 0.343884 -0.012583 0.346836 0.341263 -1.223840 -0.150129 0.085262 -0.608949 0.334065 -0.309850 -0.001718 0.488436 -0.108401 0.562667 -0.642804 0.005080 0.594061 -0.064129 -1.113456 0.042033 -0.226338 -0.478046 -0.459274 0.795407 0.270043 0.607293 0.033839 0.096627 -0.537898
order 0.005147 0.292952 0.187083 0.392658 0.185936 0.483142 0.501116 -0.373190 -0.228154 0.169585 0.205088 -0.289496 -0.182714 -0.293429 0.263521 0.308503 -0.100280 0.050425 0.106345 -0.005966 0.232783 -0.254938 -0.295790 -0.086086 0.141878 -0.267464 0.001295 0.193954 0.309778 0.387964 0.096322 -0.572213 -0.114310 -0.007736 -0.073403 -0.396754 0.266343 -0.347404 -0.177101 -0.026677 -0.314378 -0.336797 -0.419404 0.329796 -0.135225 0.271817 -0.110000 0.559728 0.054375 -0.237137
ordinary -0.229828 0.025183 0.542393 -0.154935 0.009896 -0.303376 0.159533 -0.039310 -0.210407 -0.094840 0.425290 0.057284 -0.317565 -0.114374 0.251091 0.144756 -0.222121 0.116415 0.152847 0.108682 -0.182107 -0.047522 -0.057502 -0.202294 0.095866 -0.133943 0.196253 0.165260 -0.113176 0.133065 -0.020050 0.213820 -0.066121 -0.168525 0.116849 -0.220665 0.039371 0.320794 -0.469188 -0.180923 -0.141217 -0.129831 -0.164908 -0.189936 0.210334 -0.249306 0.015337 0.055118 -0.162969 -0.145137
org -0.306223 0.262873 0.457010 -0.106016 0.089065 -0.106843 0.206067 -0.486045 -0.596898 0.034697 -0.175549 0.030444 0.411934 -0.273523 0.361807 0.437463 0.157005 -0.206362 -0.075004 0.423793 0.071239 -0.102710 0.003890 0.289804 0.043087 -0.509398 -0.410356 -0.231986 -0.564461 0.062958 -0.201942 -0.331837 0.128209 0.082479 -0.289730 0.165710 0.036369 0.415298 0.125702 -0.371792 0.059007 -0.174501 -0.170005 -0.280029 0.161595 0.113295 0.266232 0.032868 0.157434 -0.264554
other -0.348674 0.121302 1.266274 0.458148 0.153908 0.355765 -0.030916 -0.434283 0.236336 -0.013138 0.195269 0.477861 -0.573025 -0.612585 0.347739 0.386018 -0.089384 0.345452 -0.221905 0.493907 0.239364 -0.518863 0.015578 0.280827 0.407642 -0.054384 0.096241 0.514600 0.019333 0.931054 -0.242472 0.314452 0.519290 -0.684772 0.475141 -0.703286 -0.091026 0.960956 -0.327166 -0.560649 0.092654 0.196268 -0.760379 -0.761175 -0.162009 0.257946 0.296411 0.250709 0.081603 -0.512929
others -0.129424 0.081477 0.222384 0.120406 0.193521 0.246792 0.153643 -0.106015 -0.148589 -0.053561 0.065218 0.034467 -0.271996 -0.168356 0.200294 0.100242 0.015167 0.140008 0.115508 0.119595 0.076638 -0.303812 -0.030751 -0.058134 0.264741 -0.141455 0.144465 0.064645 0.063793 0.308037 -0.008963 -0.001691 -0.154379 -0.139338 -0.010587 -0.188545 0.171397 0.170165 -0.117186 0.011734 -0.008385 -0.119272 -0.249741 -0.125230 -0.184496 -0.011350 0.048848 0.247219 0.087042 -0.073701
otoo -0.838147 0.014325 0.182325 0.427854 -0.189468 0.072419 -0.140254 -0.024686 -0.538135 -0.371172 0.391489 -0.000347 -0.349501 -0.174549 0.236850 0.039253 -0.588128 -0.016269 0.082235 -0.117947 0.129500 -0.350215 0.433786 -0.082933 0.441061 -0.030964 0.346107 -0.331771 -0.220200 0.474843 -0.028792 0.067147 -0.498799 -0.496553 -0.228161 -0.412371 0.449087 0.103576 -0.508672 0.437123 0.311209 -0.243524 -0.474261 -0.443018 -0.245615 -0.207122 -0.380037 0.506618 0.195040 0.517154
oudouse -0.544979 -0.120010 0.346821 0.117159 0.167244 0.118418 -0.174698 -0.256536 -0.453775 -0.498281 -0.292175 0.105298 -0.037326 -0.186684 -0.024858 0.342377 -0.160307 0.067555 0.185600 -0.005786 0.128677 -0.379663 0.131077 0.141941 0.275794 -0.255751 0.035949 -0.225974 -0.186440 0.296513 -0.064635 0.028377 -0.153563 -0.227360 -0.133383 -0.268044 0.142041 0.031360 -0.420801 0.188354 0.213183 -0.166592 -0.315445 -0.294352 -0.136108 0.041076 0.013767 0.086335 0.182131 -0.302028
our -0.246930 0.343703 0.326652 0.428397 0.176416 0.540305 0.169295 -0.224710 -0.079162 0.043344 -0.183148 0.036269 0.252127 -0.731115 0.017779 0.455735 -0.152800 -0.166735 -0.064681 0.100539 0.336922 -0.484113 -0.449006 0.158955 0.047350 -0.322176 -0.172596 0.036535 -0.187501 0.382978 0.075983 -0.689226 0.300697 -0.006440 -0.171001 -0.071025 0.021306 -0.431354 -0.326905 -0.042879 -0.142977 -0.345304 -0.653862 0.161021 -0.162176 0.221093 0.259676 0.415357 0.364312 -0.397340
out 0.190388 -0.086692 0.540436 -0.284133 0.371863 -0.341020 -0.647854 -0.072207 -0.513580 -0.007909 1.701626 -0.512519 0.379835 -0.196790 0.185637 -0.209475 0.099914 0.773640 -0.030180 -1.128013 0.061449 -0.050538 0.675728 -0.194497 0.391969 -0.231937 -0.295510 0.208110 -1.032595 -0.099332 0.283774 -0.355897 0.125855 -0.642229 -0.593932 0.247469 0.972775 0.749994 -0.900641 0.167144 -0.184453 -1.282267 -0.508829 -0.534659 0.249137 -0.796064 -0.173788 0.552103 0.520567 0.150431
outfit -0.309857 0.187080 0.342014 0.038281 0.038679 -0.135548 0.196348 0.004595 -0.197113 -0.020351 0.212072 0.196198 -0.085883 -0.471462 0.169134 0.121643 -0.197711 0.195721 0.012788 0.074203 -0.034101 -0.216368 -0.207556 -0.317721 0.137049 -0.214692 0.204189 -0.114284 -0.049318 0.285721 -0.169537 0.089807 -0.158436 -0.227923 0.095888 -0.064213 0.124975 0.152964 -0.349353 -0.004735 0.076706 -0.241554 -0.157250 -0.155533 -0.040490 -0.239220 0.058799 0.155410 -0.007089 -0.125148
outside -0.304562 -0.052080 0.516007 -0.202117 0.191894 -0.160430 -0.144654 -0.161134 -0.343518 0.253165 -0.042801 0.192195 0.029425 -0.208873 0.396698 0.484597 -0.334131 0.039349 0.086902 0.172548 -0.100383 -0.010228 -0.060699 -0.154305 0.054740 -0.198481 -0.101469 0.030485 0.076100 0.175795 -0.112815 -0.103686 -0.209738 -0.167193 -0.209314 -0.181056 0.187821 0.539971 -0.104903 -0.010244 -0.184177 -0.232735 -0.329682 -0.471744 0.063793 -0.149207 0.125235 0.205755 0.011746 -0.184961
over -0.053554 0.400616 0.630021 -0.710901 0.192521 -0.606613 0.047642 -0.184746 -0.593094 0.508747 0.359579 0.468010 0.631330 -0.663333 0.743464 0.717673 -0.610779 0.216419 0.496289 0.068745 0.034066 0.379268 -0.252646 -0.553925 0.341151 -0.155390 -0.134371 -0.482674 0.206429 0.134070 -0.518635 -0.141231 -0.255042 -0.012016 -0.126383 0.191821 0.040577 0.772277 0.357689 0.036300 -0.727042 -0.319772 -0.127525 -0.498709 0.240132 -0.354526 0.400161 0.150315 -0.060842 0.053289
overcome -0.082934 -0.000481 0.277383 0.257197 0.067991 0.103024 0.182265 -0.103873 -0.184477 0.019182 0.229709 0.010402 -0.026433 -0.317142 0.118878 0.112068 -0.036641 0.135751 -0.079156 0.059227 0.124834 -0.255872 -0.065709 -0.146456 0.233372 -0.281432 0.182707 -0.081966 0.018424 0.312501 -0.094359 -0.081267 -0.146454 -0.129404 -0.120477 -0.211338 0.165748 0.063374 -0.390426 -0.020183 0.000817 -0.148116 -0.227626 -0.031608 -0.063386 -0.153345 -0.183764 0.271305 0.028508 -0.206489
own -0.333597 0.522526 0.825277 0.277730 -0.061744 -0.303613 0.607319 -0.616095 -0.265243 0.142322 0.582601 0.119109 0.075190 -0.680912 0.639476 0.266876 -0.841715 -0.109345 0.169301 -0.651123 0.696830 -0.478665 -0.043945 -0.575704 0.251582 -0.137403 -0.008265 -0.346931 0.726527 0.268730 -0.176757 0.107203 -0.488848 -0.248505 0.132050 0.660068 0.081576 -0.186078 -0.689696 0.597145 0.228842 -0.158273 -0.225664 0.184508 0.107660 -0.241332 0.621893 0.165038 -0.304472 -0.339258
owner -0.313065 0.167013 0.645271 -0.022842 0.077025 -0.203746 0.185539 -0.174201 -0.319131 -0.112642 0.410319 0.144701 -0.315270 -0.395555 0.377170 0.182648 -0.308112 0.328436 0.165784 0.082311 -0.133913 -0.118897 -0.124283 -0.209073 0.162373 -0.286372 0.175933 0.039733 -0.104710 0.369917 -0.146036 0.068879 -0.276646 -0.379448 0.289905 -0.249043 0.319159 0.500536 -0.481451 -0.093328 -0.010916 -0.273562 -0.233584 -0.295130 0.058942 -0.196500 0.065168 0.190659 -0.023797 -0.245751
pack -0.464693 0.059402 0.556337 0.061964 0.144901 0.018675 -0.014843 0.029729 -0.384222 -0.087968 0.136561 0.260955 -0.084634 -0.377111 0.242466 0.238679 -0.126358 0.129864 0.143353 0.167192 0.135042 -0.283801 0.058290 -0.127368 0.417812 -0.229201 0.219961 -0.296228 -0.200505 0.335645 -0.093731 0.161566 -0.133228 -0.221535 -0.086847 -0.099162 0.096632 0.438493 -0.316309 0.025378 0.180252 -0.183895 -0.378113 -0.429494 -0.160906 -0.305393 0.196825 0.187443 0.215948 -0.097980
paddle -0.258111 0.233961 0.170087 0.140331 0.022525 0.098040 0.254547 -0.163856 -0.228504 -0.073395 0.166431 -0.000030 -0.339319 -0.227170 0.146362 0.118778 -0.106664 0.160824 0.137440 0.127786 0.014948 -0.186773 -0.139969 -0.001226 0.177083 -0.226318 0.159455 0.008389 0.079445 0.245964 -0.132008 -0.035603 -0.159527 -0.164965 0.143415 -0.249013 0.201613 0.092855 -0.223257 -0.053554 -0.056071 -0.193227 -0.201495 -0.010629 -0.065591 0.012878 -0.049460 0.285649 -0.106143 0.009459
paddles -0.170997 -0.066113 0.662816 -0.062333 0.172140 -0.157193 0.253428 -0.106065 -0.271884 -0.213889 0.213158 0.089393 -0.209771 -0.216524 0.312076 0.368578 -0.055460 0.278586 0.221932 0.157429 0.132495 -0.332017 -0.108329 -0.221967 0.297568 -0.225586 0.241249 -0.062079 0.129684 0.305673 -0.091457 0.238176 -0.208932 -0.058681 -0.002071 -0.257651 0.093742 0.323521 -0.335675 0.019830 -0.010259 -0.045792 -0.258073 -0.176718 -0.046305 -0.246367 0.063895 0.144715 -0.093174 -0.263021
page -0.114883 -0.115970 0.248938 0.047378 0.218381 0.145965 0.178142 -0.220046 -0.166387 -0.002480 -0.032118 0.079545 0.011424 -0.198544 0.153205 0.156193 -0.097341 -0.013517 0.025125 -0.005331 0.034325 -0.137087 -0.059036 -0.154957 0.122058 -0.229187 -0.032963 -0.032447 0.093223 0.220013 0.098819 -0.086919 -0.082968 0.000841 -0.306186 -0.114177 0.080861 0.077434 -0.134671 0.092580 0.055464 -0.135338 -0.394639 0.007942 -0.161310 -0.058980 0.052077 0.240442 0.121545 -0.183562
paid -0.401203 -0.076031 0.840815 0.176513 0.273647 -0.068012 0.162163 0.155109 -0.283786 -0.083647 0.071006 -0.106483 -0.311515 -0.115747 0.373330 0.073585 -0.050049 0.001307 -0.012643 0.419716 0.197359 -0.232552 -0.101390 -0.062000 0.087434 -0.029001 0.178007 0.205123 -0.284510 0.579403 -0.026135 -0.045492 0.231618 -0.043843 0.186538 -0.770790 0.264479 0.318390 -0.552912 -0.408127 0.191488 -0.212808 -0.231858 -0.099263 0.041209 -0.290971 -0.026795 -0.052381 0.051277 -0.394296
pain -0.260022 0.125438 0.462142 0.266016 0.152013 0.153977 0.249624 -0.252259 -0.263767 -0.048801 0.438809 -0.071612 -0.324720 -0.157223 0.196673 0.190488 -0.149214 0.090723 0.048116 -0.115943 0.081934 -0.229525 0.134647 -0.269601 0.253828 -0.306726 0.148931 0.004734 0.115600 0.264733 0.190759 0.013386 -0.385414 -0.267564 -0.084915 -0.153826 0.200924 0.146104 -0.542873 0.101144 0.171052 -0.164328 -0.395330 -0.089694 0.002485 -0.143364 0.112152 0.291064 0.069636 -0.275135
pair -0.195496 0.082597 0.271504 0.325189 0.068911 0.111217 0.329784 -0.145836 -0.285053 -0.100976 0.463160 -0.085939 -0.094373 -0.185490 0.026391 0.227174 0.064568 0.184042 0.041369 0.083853 0.095767 -0.380312 0.029816 -0.012112 0.368016 -0.463177 0.255538 -0.279834 -0.069706 0.145859 -0.029817 0.135614 -0.077455 -0.182686 -0.235515 -0.060410 0.015381 -0.026685 -0.467712 -0.019176 -0.078660 -0.205092 -0.364959 -0.082827 0.069474 -0.164963 -0.052379 0.222141 0.068955 -0.053150
pak -0.526116 0.158746 0.358594 0.220722 -0.088678 -0.175795 -0.602876 -0.447984 -0.671162 0.000004 -0.588358 -0.576096 0.237017 0.314759 0.060517 0.541615 -0.166674 -0.308410 0.016067 0.127900 0.374403 -0.762631 0.289858 0.619161 0.328350 0.019755 -0.294527 0.058820 -0.322918 -0.181045 -0.432574 0.216146 -0.103363 -0.298615 -0.198137 0.047450 -0.079709 -0.244533 -0.479776 -0.017802 0.215272 -0.143787 -0.183846 -0.601530 0.222941 0.095149 -0.267361 -0.108348 -0.334924 -0.080874
pan -0.114932 -0.118992 0.697130 -0.372001 0.247031 -0.464938 0.349359 -0.176219 -0.400055 0.067487 0.716495 0.277850 -0.374130 -0.215524 0.524245 0.359311 -0.231929 0.459505 0.538455 0.109759 -0.338282 0.010352 -0.216598 -0.540879 0.210655 -0.542873 0.328652 0.066084 0.515501 0.245185 -0.014940 0.363023 -0.553964 -0.485843 0.033832 -0.377535 0.433358 0.495779 -0.686041 -0.123737 -0.436842 -0.358379 0.079039 -0.252066 0.234011 -0.343571 -0.172635 0.215593 -0.186743 -0.367992
pans -0.230056 -0.152193 0.615830 0.132039 0.309953 0.003503 0.041242 0.018429 -0.378260 -0.317556 0.152337 0.143694 -0.194631 -0.448624 0.283531 0.123393 -0.099711 0.435816 0.179617 0.195378 -0.005611 -0.534829 0.023946 -0.254033 0.434814 -0.282520 0.444776 -0.126101 -0.150739 0.538227 -0.125192 0.108692 -0.354498 -0.302897 0.102466 -0.352745 0.415083 0.234430 -0.637633 0.002013 0.159774 -0.371194 -0.331009 -0.335698 -0.247586 -0.295929 -0.155076 0.288825 0.146897 -0.234507
panted -0.210319 -0.088893 0.397947 -0.146499 0.011279 -0.329134 0.131334 -0.172044 -0.080509 -0.021383 0.280599 -0.069820 -0.074215 -0.059141 0.174105 0.124230 -0.334820 0.063498 0.019693 -0.186867 -0.091730 0.006022 -0.123686 -0.283847 -0.076406 -0.107926 0.004106 0.251057 0.148085 0.137476 0.050085 0.106667 -0.051348 -0.086392 -0.113103 -0.278615 0.036007 0.029598 -0.513739 0.025401 -0.062283 -0.114075 -0.129368 0.034843 0.161351 -0.156956 -0.108681 0.061398 -0.172528 -0.250212
papeete 0.005708 -0.110794 0.243874 0.329455 0.375280 0.370672 0.436032 -0.280694 -0.109129 -0.170687 -0.000072 -0.315433 -0.061606 0.002171 0.027824 0.093443 -0.008511 0.138428 -0.024892 0.013108 0.087020 -0.350730 0.076312 -0.000778 0.104817 -0.271723 0.047034 0.033669 0.077922 0.234034 0.234923 -0.223531 -0.182371 0.047743 -0.266376 -0.299760 0.114801 -0.386391 -0.421437 -0.014343 0.137223 -0.145788 -0.502996 0.273086 -0.201186 0.082136 -0.082250 0.180778 0.097444 -0.348267
paper -0.456138 0.222367 0.372448 0.034744 0.129390 -0.160097 0.453424 0.088742 -0.257777 -0.035397 0.827678 0.260491 -0.377022 -0.430160 0.307480 0.280757 -0.190958 0.221593 0.033985 0.226668 -0.154413 -0.186159 -0.183685 -0.391069 0.212371 -0.551426 0.383082 -0.055441 0.035034 0.319829 -0.145236 0.211542 -0.063856 -0.349040 -0.139854 -0.287382 0.057092 0.544256 -0.601594 -0.111185 -0.331059 -0.378926 -0.398854 -0.261573 0.238482 -0.372521 0.022791 0.383079 -0.075995 0.082397
paragraph -0.163661 0.139931 0.455167 0.017194 0.329754 0.282994 0.324450 -0.251885 -0.154114 -0.088755 -0.021607 -0.257217 -0.026525 -0.144198 0.281076 0.407615 0.174066 0.069744 0.039724 0.183834 0.292312 -0.387976 0.012914 -0.113889 0.217677 -0.256970 -0.029451 0.138341 -0.079104 0.389384 0.187413 -0.248074 0.047824 0.185570 -0.165891 -0.317166 0.044519 0.046637 -0.047355 -0.056668 0.102895 -0.129980 -0.479534 0.005077 -0.118363 0.009469 0.329141 0.286428 0.256006 -0.327481
parasol -0.257685 -0.050294 0.519215 -0.238775 -0.097657 -0.284536 -0.111893 -0.002803 -0.220977 -0.042176 0.100080 0.248687 -0.145266 -0.354813 0.231884 0.143966 -0.092178 0.209524 0.267185 0.109660 0.050530 -0.024273 -0.133492 -0.104932 0.212437 -0.125574 0.209678 -0.152421 -0.125740 0.262605 -0.165473 0.144182 -0.212535 -0.206048 0.194920 -0.055177 0.267102 0.486960 -0.097018 -0.085819 0.016254 -0.180299 -0.038100 -0.266061 -0.073550 -0.271061 0.014803 0.168850 -0.079783 -0.124471
paroxysm -0.338842 0.033433 0.405081 -0.108337 0.088051 -0.201824 -0.053219 0.066960 -0.313645 -0.208917 -0.039615 0.252438 -0.225897 -0.262179 0.144454 0.310072 -0.011435 0.331506 0.307384 0.260213 0.070781 -0.251099 0.075828 -0.026290 0.342045 -0.211776 0.354273 -0.342046 -0.047186 0.168660 -0.215143 0.304731 -0.356389 -0.297927 0.215579 0.002620 0.107957 0.386690 -0.237974 -0.023034 0.118109 -0.096047 -0.142485 -0.407702 -0.120415 -0.205105 0.163402 0.095464 -0.033458 0.008591
part -0.255125 0.176402 0.487904 0.228585 -0.009737 -0.244337 0.387868 -0.411719 -0.394682 -0.163916 0.954718 -0.123988 -0.414797 -0.154109 0.116749 0.365559 -0.194522 0.416256 -0.055007 0.020225 -0.289468 -0.138170 0.070680 -0.168980 0.244798 -0.748761 0.333785 -0.042790 -0.215366 0.136092 -0.016061 0.210261 -0.220646 -0.510187 -0.025278 -0.212888 0.152015 0.344135 -0.840985 -0.162144 -0.315088 -0.289699 -0.478576 -0.449714 0.578258 -0.221005 -0.170673 0.286357 -0.096289 -0.059284
particular -0.206998 -0.105244 0.287775 -0.078698 0.220168 0.000655 0.060001 -0.295522 -0.301878 0.018132 -0.334060 -0.057439 -0.136457 0.030643 0.047499 0.147100 -0.101616 0.047671 0.099702 0.176243 -0.092735 -0.117683 0.025122 0.066675 0.051645 -0.295334 -0.051212 0.122747 -0.019016 0.045711 0.133719 -0.050067 -0.256334 -0.101774 -0.113346 -0.195204 0.097904 -0.036634 -0.403026 -0.202354 0.116254 -0.074920 -0.178198 -0.159784 -0.028887 0.079427 0.015430 0.004697 0.030967 -0.416452
partington -0.419536 0.089585 0.217353 0.047296 -0.042453 0.015144 -0.318061 0.103868 -0.141525 -0.135429 -0.037390 0.087820 0.037348 -0.292769 -0.105007 0.273648 -0.276203 0.104670 0.086086 -0.070289 0.231652 -0.303462 0.107461 -0.102770 0.329838 -0.166041 0.169098 -0.188456 0.055322 0.039546 -0.281618 0.269780 -0.191836 -0.210144 -0.244125 0.010200 -0.095270 0.288623 -0.306001 0.318347 0.072501 -0.085684 -0.383763 -0.351801 -0.052894 -0.178722 0.072842 0.224072 0.162498 -0.060435
partner -0.602485 0.352173 0.532189 0.059913 -0.143646 -0.431221 0.247421 0.049219 -0.161654 -0.309281 0.539746 0.379651 -0.326807 -0.555340 0.267333 0.015499 -0.642233 0.238510 0.065901 -0.208269 -0.069077 -0.020441 -0.046027 -0.588026 0.072742 -0.205104 0.357146 -0.333523 0.123026 0.272118 -0.311987 0.428719 -0.516906 -0.448277 0.626974 0.043025 0.107177 0.389956 -0.573165 0.300221 0.474392 -0.130507 -0.128989 -0.167453 0.088131 -0.389206 0.384735 -0.056589 -0.124164 -0.201283
party -0.323654 0.245343 0.225046 0.040146 -0.099403 -0.215339 0.251667 -0.117291 -0.245337 -0.051510 0.280878 -0.043570 -0.227166 -0.181749 0.011353 0.205449 -0.105007 0.177448 -0.076459 0.140450 -0.184694 -0.043383 -0.137607 -0.093652 0.063922 -0.383331 0.181155 -0.010174 -0.229166 0.093568 -0.107233 0.070528 -0.072405 -0.180767 0.097958 -0.181278 -0.039506 0.127973 -0.453137 -0.211523 -0.098628 -0.142565 -0.185539 -0.196908 0.246546 -0.104459 -0.042291 0.089222 -0.105169 -0.074256
pass -0.139173 0.051130 0.352880 -0.063101 0.278520 -0.125572 0.476595 -0.325018 -0.392700 -0.093062 0.181193 -0.112274 0.030556 -0.081315 0.324252 0.256859 -0.058747 0.194969 0.120656 0.159991 0.047209 -0.246370 -0.039034 -0.009503 0.215587 -0.258946 0.004477 -0.187574 -0.076605 0.209933 -0.124487 -0.080391 -0.145115 0.062356 -0.136593 -0.065726 0.114389 -0.056631 -0.196968 -0.053040 -0.040545 -0.197671 -0.291333 -0.039267 -0.111675 -0.164230 0.034334 0.092721 -0.171386 -0.008872
passage -0.158544 -0.019917 0.433453 0.073381 0.156229 -0.052416 0.206203 -0.172248 -0.249625 -0.179213 0.352981 0.056803 -0.232052 -0.209243 0.164734 0.167373 0.011559 0.287575 0.102006 0.104253 -0.066527 -0.207239 0.018619 -0.032705 0.231957 -0.393733 0.201210 -0.060689 -0.208837 0.240914 0.027645 -0.016916 -0.115676 -0.238836 0.039363 -0.171677 0.223700 0.268048 -0.439131 -0.174809 -0.058807 -0.199948 -0.285303 -0.220862 0.073084 -0.132369 -0.005701 0.197234 0.023676 -0.170987
passed -0.390899 -0.305586 0.380194 0.035560 0.453167 -0.039741 0.329994 0.183758 -0.468818 -0.292048 0.328253 0.348804 -0.151625 -0.097474 0.438372 0.329228 -0.123072 -0.012242 0.260037 0.247501 0.066213 -0.234827 0.021001 -0.304691 0.293803 -0.354264 0.117813 0.055978 0.223739 0.287244 0.060087 0.180922 0.233980 -0.093132 -0.184454 -0.479856 0.059460 0.130523 -0.661946 -0.061508 -0.224163 -0.344365 -0.084577 -0.272461 0.076452 -0.228658 0.046849 0.012041 0.285361 -0.185141
passengers -0.149211 -0.037110 0.256832 -0.029420 0.197792 0.066619 0.054984 -0.168713 -0.195171 -0.051997 -0.132241 0.093748 0.229713 -0.210224 0.100446 0.266486 -0.152630 -0.029406 0.049553 0.036071 0.200484 -0.154380 0.070070 -0.051886 0.145398 -0.261391 -0.099994 -0.212080 -0.004301 0.044748 -0.053513 -0.095737 0.006155 0.052592 -0.262322 0.092196 -0.035411 0.138527 -0.078254 0.116781 -0.023384 -0.088928 -0.332340 -0.163239 -0.017643 -0.045345 0.245730 0.078357 0.145953 -0.183676
past -0.181156 -0.121241 0.421793 -0.127888 0.072498 -0.221799 0.058903 0.008815 -0.176768 -0.002863 0.220798 0.201366 0.122302 -0.273532 0.255226 0.177220 -0.102283 0.056224 0.134257 -0.022265 0.118660 -0.124651 -0.064033 -0.263141 0.143731 -0.167242 0.112482 -0.202522 0.091145 0.199514 -0.091944 0.144069 -0.089049 -0.056412 -0.138272 0.010737 0.113072 0.248354 -0.236868 0.057811 0.013575 -0.152973 -0.069877 -0.085618 -0.041395 -0.308825 0.052881 0.097089 -0.019065 -0.167304
path -0.135243 0.026052 0.530386 -0.132412 0.287897 -0.120823 0.245362 -0.175106 -0.321871 -0.150145 0.173566 0.008621 -0.243765 -0.233325 0.391888 0.233221 -0.105354 0.401072 0.248639 0.163846 -0.093877 -0.244189 -0.077677 -0.108804 0.253323 -0.178592 0.199332 0.015472 -0.080566 0.308021 -0.038677 -0.001649 -0.270903 -0.141506 0.141988 -0.216309 0.320432 0.165200 -0.267900 -0.117128 0.013342 -0.304342 -0.320142 -0.200271 -0.170898 -0.188899 0.056419 0.228645 -0.050685 -0.107084
paused -0.261638 -0.127956 0.359504 0.043621 0.265975 0.014299 0.162515 -0.218570 -0.296173 0.132342 0.041392 0.067484 0.043417 -0.151983 0.311532 0.108366 -0.317423 -0.141077 -0.030645 -0.186526 -0.015514 -0.055573 -0.181052 -0.249019 -0.059033 -0.120963 -0.283500 0.315953 0.216996 0.301670 0.096337 -0.307658 0.013719 -0.023241 -0.332783 -0.367813 0.188108 0.045974 -0.457936 0.039774 -0.117982 -0.311798 -0.117384 0.039946 0.006517 0.005375 -0.179317 0.157083 0.009566 -0.344158
pay -0.311876 0.340959 0.254251 0.183947 0.141502 0.225430 0.153180 -0.125838 -0.300282 0.019088 -0.006547 -0.056372 -0.283976 -0.257866 0.059692 0.153879 -0.089646 0.203263 0.078496 0.139295 -0.053787 -0.315506 -0.156063 -0.070210 0.269298 -0.215348 0.169436 0.051376 -0.104757 0.293657 -0.081978 -0.130724 -0.170401 -0.201342 0.127102 -0.247882 0.094347 0.085579 -0.256963 -0.036833 -0.014196 -0.170453 -0.263393 -0.139651 -0.081092 0.032065 0.089258 0.203670 0.045686 -0.156361
paying -0.063498 0.092210 0.197413 0.180428 0.194447 0.192027 0.314720 -0.255938 -0.165768 -0.066439 -0.018975 -0.096924 -0.001795 -0.136223 0.098510 0.191907 0.042427 0.043477 -0.076009 0.142449 0.180978 -0.239705 0.008306 0.040834 0.115872 -0.304699 -0.038032 -0.064052 -0.047563 0.145068 -0.031629 -0.128094 0.028600 0.077855 -0.134469 -0.091327 -0.006413 -0.010528 -0.151592 -0.059304 -0.025995 -0.080635 -0.314411 -0.014555 -0.008965 0.054780 0.107695 0.116940 0.053664 -0.166183
peace -0.341407 0.188228 0.230017 0.011174 -0.029170 -0.128898 0.085207 -0.119739 -0.308876 -0.057029 0.212766 0.006873 -0.231071 -0.158876 0.066980 0.263218 -0.092576 0.224127 0.142967 0.159173 -0.007545 -0.278429 -0.034192 -0.055669 0.301744 -0.336882 0.225611 -0.080155 -0.017704 0.086088 -0.231955 0.281170 -0.194373 -0.263895 -0.050326 -0.073323 -0.026248 0.238452 -0.333941 -0.056822 -0.165143 -0.165197 -0.163057 -0.334783 0.147703 -0.126515 -0.069724 0.179858 -0.037515 0.010992
pearl -0.198621 -0.038445 0.460039 0.144471 0.339368 0.113228 0.227306 -0.267128 -0.371306 -0.030868 0.108986 0.132270 -0.134899 -0.314770 0.219696 0.414673 -0.250432 0.191889 0.000907 0.066169 0.098415 -0.349912 0.055262 -0.278163 0.298783 -0.436167 0.104529 -0.153776 0.211021 0.248742 -0.085126 -0.022711 -0.325064 -0.076865 -0.326176 -0.122306 0.001365 0.217853 -0.456068 0.162567 -0.133475 -0.176911 -0.575068 -0.323911 -0.027693 -0.086062 0.076727 0.352465 0.099200 -0.267908
peered -0.097359 -0.129146 0.231966 -0.077816 0.251176 -0.066975 0.324220 -0.182351 -0.242820 0.016444 0.141012 -0.055643 0.062118 -0.129763 0.263015 0.032100 -0.284013 0.011290 0.077151 -0.109576 -0.021541 0.074157 -0.096739 -0.295108 0.001679 -0.256717 -0.138223 0.148851 0.236470 0.160736 -0.011072 -0.118715 -0.085476 0.069936 -0.244700 -0.291022 0.209095 -0.003536 -0.381066 0.044446 0.004169 -0.310980 -0.202671 0.210245 -0.084312 -0.179186 -0.113667 0.146448 -0.039993 -0.360788
peering -0.083628 -0.111437 0.240242 0.196980 0.236125 0.257953 0.090600 -0.047077 -0.133001 0.042605 -0.023315 -0.012318 0.213841 -0.280692 -0.010921 0.140763 -0.027970 0.059527 -0.055030 -0.093558 0.307481 -0.267951 -0.007839 -0.174452 0.283388 -0.270472 0.104175 -0.178064 0.130193 0.248678 -0.052243 -0.151342 -0.125739 0.090101 -0.487769 -0.162627 0.001461 -0.019876 -0.344467 0.180537 0.097353 -0.108161 -0.380648 0.103005 -0.243690 -0.171712 -0.083850 0.281484 0.181102 -0.355260
people -0.403477 0.541256 0.871559 0.137505 0.289531 0.019009 0.116623 -0.030971 -0.180286 -0.695750 0.224787 0.234367 -0.465808 -0.577876 0.461153 0.151583 -0.710947 0.236851 0.206902 0.007546 0.273723 -0.625951 0.007176 -0.318859 0.308226 0.141622 0.286679 0.282386 -0.130518 0.706339 -0.287817 0.038187 -0.196086 -0.179095 0.697079 -0.335815 0.003030 0.280386 -0.654527 0.239229 0.081054 -0.066444 -0.538810 -0.460646 0.043180 -0.003955 0.470375 0.103689 0.216720 -0.140703
perhaps -0.322706 0.099044 0.303735 0.093963 -0.120577 -0.108389 -0.145620 0.000442 -0.255318 -0.232392 -0.073549 -0.208247 -0.032450 -0.017159 0.027726 0.109346 -0.049255 0.011307 0.014473 0.125975 0.274814 -0.351196 0.023415 0.042342 0.220450 -0.038781 0.154151 -0.010251 -0.180916 0.201488 -0.227463 0.215807 -0.053740 -0.080037 0.019606 -0.290432 0.022190 0.009430 -0.290191 0.021369 0.184141 0.055424 -0.074510 -0.182285 0.061712 -0.144401 -0.163623 0.031331 -0.010121 -0.077458
permission -0.169813 -0.008884 0.546734 0.132185 0.245200 0.106020 0.275225 -0.149751 -0.248651 -0.064654 0.314768 0.010171 -0.219217 -0.294888 0.320920 0.188009 -0.030838 0.222608 0.068037 0.081808 0.114553 -0.316363 0.009229 -0.193011 0.332126 -0.195116 0.168231 0.032010 -0.002495 0.443540 0.000902 -0.040010 -0.188867 -0.079034 -0.100128 -0.292718 0.227599 0.245917 -0.363235 -0.026200 0.044238 -0.228595 -0.421321 -0.098505 -0.178717 -0.220455 0.012607 0.324873 0.013577 -0.206453
person -0.208861 0.188865 0.376568 -0.070878 0.040459 -0.109522 0.034626 -0.053720 -0.313106 0.108356 0.016518 0.125467 -0.404042 -0.298139 0.368202 0.148893 -0.127923 0.216229 0.260363 0.299875 -0.105027 -0.075715 -0.240397 -0.030913 0.140700 -0.044363 0.166824 0.170395 -0.070811 0.356717 -0.120033 -0.148098 -0.188365 -0.296159 0.402350 -0.286559 0.420219 0.282903 -0.133476 -0.300329 -0.154032 -0.313789 -0.048284 -0.265939 -0.097978 -0.009324 -0.107059 0.300838 -0.085815 -0.003787
petite -0.352943 -0.184475 0.542015 -0.318442 0.200215 -0.224372 0.201258 -0.191716 -0.293254 -0.069228 0.071659 0.239419 -0.201754 -0.244067 0.309806 0.441605 -0.016970 0.341427 0.368992 0.332982 -0.143439 -0.150149 -0.125772 -0.058043 0.183261 -0.390786 0.230067 -0.355083 0.010779 0.306054 -0.113005 0.138332 -0.383920 -0.205117 -0.058270 -0.142986 0.292802 0.590044 0.030866 -0.061168 -0.165885 -0.207480 -0.241470 -0.269391 -0.129038 -0.264982 0.107146 0.212679 -0.182727 0.000140
pick -0.458568 0.405019 0.190804 0.140628 -0.024010 0.117442 0.249836 -0.121959 -0.355489 0.000848 0.405784 0.203673 -0.166810 -0.464458 0.287868 0.235900 -0.344504 0.045829 0.232545 -0.149066 0.225623 -0.141718 0.004263 -0.258090 0.409569 -0.280296 0.150475 -0.247924 0.335219 0.219776 -0.129339 0.087790 -0.315392 -0.285310 -0.067763 0.055117 0.145633 0.229556 -0.243783 0.291104 0.115204 -0.282809 -0.350413 -0.128274 -0.196355 -0.176017 0.249509 0.434571 0.122463 0.091893
picked -0.118690 0.104092 0.300226 -0.177434 0.237747 -0.296351 0.395279 -0.264691 -0.676510 -0.018901 0.305430 -0.516324 0.288884 0.069020 0.553426 0.023292 -0.207725 -0.091458 0.130842 -0.249548 0.272194 0.206516 0.015933 -0.219374 0.174000 -0.209004 -0.320096 0.290276 -0.034148 0.249229 -0.099104 -0.434777 0.060791 0.311698 -0.190634 -0.434060 0.420046 -0.180773 -0.519772 -0.034545 0.084330 -0.515767 0.027561 0.314418 0.068616 -0.316978 -0.268054 0.114999 -0.057557 -0.344373
piece -0.334860 0.347028 0.092401 0.265576 -0.138738 0.019888 0.279081 -0.170275 -0.214761 -0.077054 0.438361 -0.168289 -0.233457 -0.220992 -0.166845 0.281674 -0.133502 0.284228 -0.004925 0.172949 -0.174125 -0.178309 -0.106869 0.034343 0.204698 -0.558330 0.284752 -0.117707 -0.183968 0.022064 -0.187400 0.111948 -0.099086 -0.393555 -0.009937 -0.172697 -0.025010 0.061094 -0.449071 -0.154279 -0.241789 -0.211768 -0.375012 -0.116304 0.290430 -0.052434 -0.105390 0.176701 -0.062499 0.014446
pieces -0.179724 0.409250 0.048454 0.443325 -0.075635 0.308647 0.219998 -0.267352 -0.226909 0.179360 0.154534 -0.067142 -0.126512 -0.398223 0.099602 0.168162 -0.205883 0.044952 -0.089493 -0.005290 0.130809 -0.134695 -0.193500 -0.069027 0.166960 -0.288701 0.032243 -0.025629 0.174423 0.265555 -0.229291 -0.294101 -0.233282 -0.237364 0.017162 -0.214573 0.188187 0.064163 -0.085892 0.103190 -0.101252 -0.180486 -0.276058 0.024146 -0.010707 0.139428 -0.121502 0.403282 0.015188 -0.093028
pilgrims -0.124910 0.013845 0.389199 -0.025270 0.149693 -0.005985 0.194699 -0.067776 -0.198512 -0.102238 0.214313 0.123976 -0.171807 -0.203414 0.144404 0.216508 0.104460 0.138057 0.178385 0.110995 0.087419 -0.189819 -0.087016 -0.068090 0.224389 -0.262602 0.152724 -0.123434 0.001347 0.233429 -0.003548 0.070896 -0.058669 -0.061486 -0.031297 -0.082630 0.038238 0.264922 -0.203353 -0.100130 -0.083747 -0.132191 -0.248119 -0.075899 -0.031274 -0.107732 0.088011 0.192478 -0.018731 -0.134667
pillow -0.148832 0.112603 0.414430 -0.149516 0.167979 -0.007665 0.289660 -0.178134 -0.245997 0.043285 0.117916 -0.012620 -0.288445 -0.241114 0.337005 0.184562 -0.097454 0.219030 0.309124 0.076578 -0.015164 -0.109940 -0.246975 -0.120212 0.126005 -0.160411 0.088541 0.176174 0.130927 0.301995 0.056919 -0.124034 -0.167544 -0.095377 0.124393 -0.273725 0.297630 0.099115 -0.233952 -0.153707 -0.172065 -0.295960 -0.155956 0.032864 -0.172617 -0.058511 0.013070 0.295101 -0.080517 -0.154208
pipe -0.386430 0.073126 0.673895 -0.408779 0.091802 -0.543253 0.203704 0.059735 -0.212963 -0.218816 0.341414 0.303726 -0.276242 -0.365804 0.484350 0.159297 -0.277661 0.321679 0.261547 -0.001138 -0.052141 0.058305 -0.116409 -0.397526 0.060836 -0.103230 0.231372 -0.072639 0.020461 0.272820 -0.191212 0.331231 -0.286221 -0.197223 0.452174 -0.121585 0.234136 0.631642 -0.304588 -0.002897 0.166273 -0.225671 -0.084316 -0.214129 -0.061670 -0.457234 0.278713 0.057111 -0.193791 -0.120952
place -0.223593 0.485400 0.567090 0.194801 0.309470 0.086717 0.634810 -0.101180 -0.366435 -0.334890 0.505476 -0.081503 -0.340561 -0.617566 0.455939 0.016181 -0.275366 0.416357 0.147380 -0.208561 0.316771 -0.631022 -0.240186 -0.529262 0.427053 -0.145913 0.329861 0.147449 0.216869 0.692133 -0.152944 0.027994 -0.246741 -0.165822 0.312146 -0.271099 0.191031 -0.150058 -0.703280 0.171553 0.141930 -0.429799 -0.353468 0.048542 -0.212113 -0.105824 -0.002062 0.395295 0.178919 -0.185840
places 0.035254 -0.000156 0.279280 0.000010 0.192005 -0.009983 0.171568 -0.117104 -0.100316 -0.132345 0.113746 -0.061618 -0.151464 -0.031802 0.123646 0.159979 0.046598 0.210431 0.047121 0.130304 -0.038703 -0.160660 0.074815 -0.018608 0.107313 -0.169721 0.082581 0.011466 -0.120844 0.091000 0.052554 -0.018869 -0.093652 -0.046270 0.074963 -0.049866 0.108643 0.113426 -0.123401 -0.132341 0.003188 -0.134604 -0.268957 -0.156039 0.069842 -0.040457 0.122300 0.070549 0.012459 -0.110085
plain -0.202535 0.033196 0.454791 0.019142 0.057799 -0.155034 0.065844 -0.353267 -0.347553 0.102387 0.107813 -0.291339 0.074961 -0.054363 0.194579 0.369199 -0.129667 0.101083 -0.027998 0.037925 0.194215 -0.059158 0.048271 -0.072921 0.090244 -0.434263 0.016502 -0.014647 -0.083837 0.150490 -0.058881 -0.192422 -0.132406 -0.075846 -0.142241 -0.259356 0.196300 0.062312 -0.320352 -0.117283 -0.094019 -0.165695 -0.270738 -0.207634 0.306034 -0.113050 -0.037521 0.142947 0.031283 -0.353078
plan -0.291793 -0.030523 0.544728 -0.232246 0.112785 -0.385073 -0.194809 0.198282 -0.135021 -0.090789 0.179015 0.245682 -0.173553 -0.234974 0.321603 0.057138 -0.400060 0.232662 0.042721 0.105380 -0.245098 -0.075478 -0.100090 -0.339422 0.072180 0.096456 0.182304 0.128573 -0.108420 0.261874 -0.269758 0.237750 -0.143588 -0.217023 0.186360 -0.276051 0.117776 0.576989 -0.242374 0.032401 0.072702 -0.122757 -0.145910 -0.376493 0.061915 -0.359257 0.054999 -0.020925 -0.100865 -0.110308
play -0.515966 0.465000 0.310453 0.071535 0.124321 -0.112315 0.024433 -0.119666 -0.502864 -0.235715 0.032760 -0.110813 -0.206257 -0.155923 0.207532 0.087407 -0.259010 0.246092 0.048196 0.146907 0.047893 -0.385634 -0.008301 0.155385 0.379597 0.019713 0.069419 0.115107 -0.341243 0.388496 -0.375200 0.059400 -0.108437 -0.240093 0.244720 -0.307970 0.069712 0.031336 -0.408592 -0.092761 0.131011 -0.211722 -0.210540 -0.451317 -0.014645 0.018281 -0.129723 0.047570 -0.019733 0.128862
played -0.293065 -0.041913 0.426659 0.055128 0.170673 -0.032962 0.021791 -0.071821 -0.389333 -0.007740 -0.097963 -0.037651 -0.008914 -0.041379 0.285786 0.277546 -0.100530 -0.031817 0.137633 0.222197 0.251367 -0.220819 0.044472 -0.035422 0.254555 -0.153835 0.044115 -0.099536 0.086946 0.259710 -0.112886 -0.014866 -0.163236 -0.008055 -0.129709 -0.334604 0.179944 0.111286 -0.195876 -0.007106 0.089509 -0.057975 -0.136118 -0.220726 -0.030584 -0.144838 0.010105 0.041334 0.028904 -0.247806
plenty 0.163981 -0.189871 0.387512 0.393235 0.251974 0.333420 0.250088 -0.414537 -0.065321 -0.228030 0.334743 -0.531603 -0.169035 0.262743 -0.044831 0.311102 0.148788 0.231191 -0.000973 -0.053607 0.130784 -0.333523 0.288677 0.078998 0.178485 -0.311280 0.186303 0.104142 -0.048784 0.206192 0.390210 -0.223923 -0.164693 -0.059019 -0.254822 -0.402744 0.051028 -0.263488 -0.470512 -0.028057 -0.179112 0.079953 -0.600353 0.138344 0.182589 0.145852 -0.146822 0.225225 0.062266 -0.306057
pocket -0.824014 0.175000 0.611209 0.427992 0.010541 -0.208332 -0.009697 0.038493 -0.065368 -0.421318 0.544519 0.069710 -0.094656 -0.397093 0.280934 -0.190035 -0.851055 0.148982 -0.533761 -0.283969 -0.120857 -0.341707 0.195469 -0.397134 -0.015496 0.088287 0.246052 0.151767 -0.418579 0.675136 -0.443859 0.075537 -0.352890 -0.713117 0.101466 -0.547860 0.223953 0.678876 -0.785206 0.410169 0.552554 -0.081130 -0.603944 -0.273081 0.228736 -0.246257 -0.198551 0.049794 -0.087029 0.012054
point -0.304668 0.235401 0.513027 0.094368 0.210040 -0.066338 0.701180 -0.147420 -0.239983 -0.252230 0.533887 0.023570 -0.544308 -0.581302 0.260697 0.088484 -0.317187 0.600111 0.057246 0.197451 -0.197912 -0.343363 -0.269413 -0.473264 0.339830 -0.420640 0.536978 -0.069884 0.023310 0.587581 -0.246171 0.222706 -0.481993 -0.254687 0.210491 -0.421706 0.230970 0.230835 -0.575327 -0.067119 0.103867 -0.367698 -0.623988 -0.020435 -0.232557 -0.388340 -0.088823 0.425119 -0.202419 -0.099339
police -0.092973 0.070785 0.380924 0.155840 0.302709 0.164612 0.344027 -0.216649 -0.271341 -0.055949 0.212227 0.086146 -0.329963 -0.320188 0.275170 0.207106 -0.120509 0.322428 0.149693 0.138794 -0.067547 -0.224195 -0.061224 -0.134388 0.268558 -0.297531 0.198073 0.013105 0.082154 0.341058 0.005022 -0.142714 -0.234231 -0.195712 0.069849 -0.254999 0.261990 0.200388 -0.348888 -0.079570 -0.132139 -0.316084 -0.402785 -0.146612 -0.118623 -0.021368 0.010941 0.335032 0.012519 -0.121712
policeman -0.269790 -0.161945 0.331239 -0.119898 -0.042074 -0.224233 -0.012714 0.178494 -0.082363 -0.266532 0.155087 0.239180 -0.220590 -0.179547 0.041634 0.126025 0.079903 0.208777 0.151399 0.221602 -0.008076 -0.219744 -0.045752 -0.084966 0.147985 -0.183476 0.389469 -0.218517 -0.074396 0.184223 -0.149233 0.390055 -0.109362 -0.167732 0.090141 -0.117786 0.041368 0.379817 -0.232520 -0.048508 0.068225 -0.027823 -0.059654 -0.194119 -0.043521 -0.328023 -0.002117 0.058020 -0.100090 0.024752
pool -0.262838 -0.003997 0.792445 -0.289670 0.246849 -0.380824 0.303320 -0.045009 -0.357087 -0.049177 0.504301 0.306514 -0.373428 -0.492639 0.576191 0.276115 -0.245492 0.419725 0.277461 0.182784 -0.188862 -0.132818 -0.330717 -0.441827 0.187298 -0.289827 0.284627 0.122396 0.070629 0.490006 -0.224603 0.110711 -0.185976 -0.173393 0.163942 -0.434106 0.299998 0.619064 -0.498168 -0.197577 -0.287180 -0.435044 -0.255132 -0.239141 0.003642 -0.390465 -0.046449 0.327747 -0.200478 -0.218688
poor -0.184390 0.029605 0.368129 -0.167085 0.080529 -0.202417 0.087723 0.073790 -0.218639 -0.231525 0.120630 0.134404 -0.284913 -0.200846 0.191844 0.311217 0.047174 0.182365 0.210108 0.252986 0.029548 -0.280619 -0.093046 -0.020130 0.154905 -0.111520 0.160104 -0.063557 -0.092133 0.118438 -0.090212 0.157715 0.015082 0.052441 0.098944 0.015690 -0.021622 0.191836 -0.243911 -0.159900 -0.145239 -0.221089 -0.214085 -0.240726 -0.019100 -0.163849 0.107584 0.183314 -0.108247 0.100941
portion -0.315295 0.212731 0.397139 0.146871 0.007358 -0.165932 0.243005 -0.235575 -0.451879 0.029624 0.454703 -0.053567 -0.243954 -0.244052 -0.034673 0.388352 -0.113207 0.311524 -0.004482 0.061114 -0.220513 -0.131944 -0.067402 -0.149415 0.284128 -0.618499 0.270531 -0.098869 -0.128438 0.010219 -0.019155 0.163526 -0.207709 -0.378565 -0.122543 -0.149322 -0.051559 0.164805 -0.825994 -0.188829 -0.161937 -0.288359 -0.405994 -0.281609 0.254337 -0.213075 -0.085536 0.253649 -0.066737 -0.248253
position -0.479869 0.241276 0.441721 0.043245 0.115357 -0.174702 0.016582 0.209888 -0.264005 -0.250850 0.440714 0.013842 -0.065324 -0.214527 0.220570 -0.025602 -0.300225 0.052091 -0.062105 -0.205810 0.158632 -0.058836 0.111881 -0.403490 0.179789 -0.042369 0.110375 0.016774 -0.191977 0.371411 -0.071007 0.081875 -0.014593 -0.112109 0.108133 -0.343268 0.109318 0.301811 -0.590649 0.149550 0.402029 -0.224587 -0.223103 -0.194365 0.071637 -0.361017 0.213589 0.036099 0.254016 -0.187733
possessed -0.132983 -0.001687 0.272104 0.083318 0.058294 -0.138463 0.162148 -0.139401 -0.129492 -0.060369 0.342437 -0.032669 -0.112474 -0.109554 0.088468 0.100002 -0.155519 0.108924 -0.143226 -0.043554 -0.105340 -0.152546 -0.066888 -0.199337 0.038758 -0.248409 0.058201 0.183095 -0.024023 0.184154 -0.018087 0.036252 -0.008359 -0.126277 -0.089951 -0.224706 -0.005049 0.076360 -0.568458 -0.068361 -0.156766 -0.116150 -0.146165 -0.112342 0.258843 -0.093592 -0.175287 0.056878 -0.063282 -0.236197
possession -0.089426 -0.068664 0.423520 0.164159 0.165755 0.035751 0.239150 -0.216374 -0.215020 -0.116423 0.364427 -0.186302 -0.185958 -0.066453 0.218354 0.086507 -0.102022 0.148172 0.096716 -0.108190 0.090983 -0.223593 0.109118 -0.075132 0.211428 -0.212142 0.093148 0.112046 -0.025257 0.175314 0.127840 -0.060519 -0.085820 -0.125934 -0.066545 -0.186135 0.226650 -0.038418 -0.503212 -0.040233 -0.004703 -0.213937 -0.312729 -0.012396 0.011030 -0.130285 -0.029703 0.195565 0.015344 -0.231616
possibly -0.372083 0.216811 0.260417 -0.057080 -0.120036 -0.206917 -0.024439 -0.117877 -0.281916 0.056214 0.060970 0.071060 -0.192281 -0.130258 0.154562 0.233412 -0.294938 -0.095084 0.140295 0.085859 -0.016866 -0.010396 -0.149639 -0.051731 -0.006568 -0.161764 -0.047648 0.179039 0.081852 0.019406 -0.094786 0.138341 -0.031098 -0.286930 0.084438 -0.130865 0.013649 0.154547 -0.343262 -0.132436 -0.161600 -0.147043 -0.017186 -0.247069 0.260072 0.066273 -0.034815 0.068879 -0.051046 -0.090700
post -0.193237 0.044509 0.430338 0.015489 0.364337 -0.044180 0.537244 -0.336951 -0.292153 -0.130531 0.101148 0.014809 -0.158468 -0.278727 0.374799 0.213657 -0.256342 0.294752 0.109987 0.210702 -0.072099 -0.170165 -0.126718 -0.151011 0.078184 -0.400733 0.035456 -0.066947 0.092228 0.367639 -0.161152 -0.120587 -0.269166 -0.091312 0.094888 -0.287459 0.280033 0.099505 -0.310353 -0.091625 -0.009605 -0.314131 -0.371906 -0.003150 -0.096040 -0.060216 0.057302 0.143985 -0.119062 -0.244958
pounds -0.027107 -0.053502 0.469864 0.508388 0.235268 0.094485 0.413182 -0.393306 -0.401973 -0.078311 0.517825 0.098913 0.091722 -0.204336 0.306489 0.033586 -0.194762 -0.270186 -0.230178 -0.226263 0.303919 -0.322961 0.089524 -0.186372 0.232275 -0.348281 -0.229262 0.021798 0.204049 0.322135 -0.083900 -0.086774 0.070565 -0.051108 -0.396338 -0.035606 0.047788 -0.049281 -0.796259 0.044299 -0.066102 -0.241906 -0.217295 -0.068588 0.242034 0.022568 -0.245235 0.154209 0.096076 -0.436614
poured -0.376808 0.236133 0.164610 -0.116014 0.002992 -0.143251 0.093987 -0.115926 -0.371790 0.092801 0.186810 0.060848 -0.045300 -0.181682 0.254242 0.273471 -0.197228 0.010530 0.201177 0.021516 0.062481 -0.015749 -0.124023 -0.158533 0.127882 -0.289090 -0.018819 -0.087717 0.167352 0.128766 -0.188164 -0.013448 -0.253782 -0.194125 -0.059953 -0.072428 0.177770 0.264001 -0.113226 0.061453 -0.166625 -0.221886 -0.004061 -0.187015 0.137301 -0.083891 0.043215 0.202103 -0.028698 -0.019933
pretty -0.374186 0.125280 0.358168 -0.153603 0.119192 -0.409801 0.138723 -0.195402 -0.502449 -0.209279 0.089699 -0.123933 0.007376 0.025867 0.297497 0.200582 -0.346843 0.089143 0.214452 -0.003412 0.220032 -0.079521 0.125496 0.029610 0.156405 -0.216647 -0.076014 -0.077828 0.003250 0.045839 -0.301024 0.080637 -0.126457 -0.068699 0.008786 -0.155598 0.150224 0.035714 -0.417784 -0.016015 0.018646 -0.217768 -0.080826 -0.257432 0.151300 -0.104650 -0.016245 -0.046511 -0.088451 -0.072602
prevent -0.247592 0.218021 0.149135 0.046422 -0.019411 -0.076522 0.050535 -0.148941 -0.235620 0.027158 -0.001700 0.005854 0.072300 -0.148345 0.140816 0.044334 -0.186374 -0.002473 0.030191 -0.014763 0.072709 -0.034945 -0.065248 0.068555 0.038638 -0.073117 -0.091353 -0.075030 -0.068125 0.104352 -0.158649 -0.110610 -0.081193 -0.170551 0.144460 -0.026571 0.186023 -0.035699 -0.085425 0.000407 0.159605 -0.126637 -0.033754 -0.055479 -0.042456 0.010075 0.054930 -0.016857 -0.008663 -0.072319
price -0.062278 -0.075338 0.445879 -0.103374 0.178126 -0.097100 0.160900 -0.013403 -0.252016 -0.179136 0.134373 0.135105 -0.329297 -0.198468 0.258462 0.202358 0.031804 0.308770 0.329722 0.246855 -0.009219 -0.193914 -0.039788 -0.080212 0.247389 -0.210762 0.321136 -0.121627 0.003812 0.198464 -0.046201 0.167552 -0.217393 -0.147288 0.224904 -0.132278 0.235294 0.282717 -0.205709 -0.128131 -0.052444 -0.179198 -0.217873 -0.193240 -0.123687 -0.200911 0.089119 0.193256 -0.036942 -0.043847
prison 0.031019 -0.123034 0.371835 0.160666 0.273001 0.149130 0.284414 -0.032040 -0.005951 -0.146644 0.221880 -0.079549 0.009456 -0.135257 0.117913 0.111154 0.088259 0.095519 -0.107004 -0.016403 0.257819 -0.341171 0.060560 -0.114667 0.149722 -0.110474 0.089192 -0.059258 -0.007462 0.309509 0.090133 -0.109445 -0.000534 0.177852 -0.231977 -0.150515 -0.019107 -0.108807 -0.338319 -0.019985 0.072313 -0.042775 -0.420188 0.117887 -0.156183 -0.145710 0.009856 0.177175 0.055854 -0.214071
proceeded -0.215994 0.322374 0.035052 0.212787 0.078110 0.180319 0.248281 -0.201261 -0.339543 0.287004 0.052670 0.032710 -0.053727 -0.319383 0.403439 0.067914 -0.319733 -0.142722 -0.057266 0.005036 0.031907 0.024360 -0.280843 -0.154054 -0.025542 -0.091468 -0.211357 0.237377 0.183185 0.380988 -0.155048 -0.544976 -0.008488 -0.049189 0.002446 -0.368241 0.369463 0.009207 -0.076209 -0.012001 -0.180048 -0.353113 -0.076183 -0.002574 -0.072630 0.169082 -0.182864 0.368763 0.054658 -0.031296
project -0.250672 0.886562 2.028653 -0.082671 0.005288 0.189420 1.469195 -1.124457 -0.813958 0.183502 0.600446 1.084589 0.248263 -2.096601 1.295321 1.298380 0.294825 0.030557 -0.497130 1.913319 -0.428749 -0.250695 -0.827890 -0.001127 -0.111071 -1.690096 -0.219023 -0.221205 -1.341907 0.837136 -0.502055 -1.145474 0.112322 0.052142 -0.548738 0.061340 -0.027239 2.657531 0.246541 -1.648889 -0.741351 -0.354460 -0.931982 -0.594302 0.385948 0.109989 0.898889 1.016995 0.355123 -1.232127
proper -0.136769 0.026490 0.251540 0.105289 -0.006371 0.125024 0.049425 -0.174413 -0.100154 -0.064313 -0.048812 -0.013862 -0.172365 -0.191065 0.051177 0.215765 -0.091499 0.177561 0.099802 0.134508 0.098020 -0.212621 -0.055797 0.073825 0.146437 -0.175033 0.134907 -0.004134 0.044666 0.159810 -0.066460 -0.027610 -0.124838 -0.156410 0.036213 -0.188915 0.161387 0.053715 -0.131579 -0.006094 -0.040027 -0.065339 -0.257105 -0.109399 -0.097529 0.029457 -0.003067 0.227611 -0.005344 -0.146914
protected -0.201118 0.133403 0.045668 0.274336 0.072744 0.418368 0.260322 -0.534795 -0.040922 0.186336 -0.039573 -0.343599 -0.157309 0.167674 -0.219815 0.177766 -0.134375 0.053499 0.044703 -0.150591 0.181317 -0.092017 0.162574 0.190599 0.183023 -0.350414 -0.050549 0.140846 0.335788 -0.030133 0.202621 -0.136747 0.037849 -0.128647 -0.254690 -0.306669 -0.026932 -0.335785 -0.197702 0.144149 -0.031312 0.059460 -0.321838 0.198751 -0.100483 0.190805 0.196698 0.170004 0.066642 -0.343872
prove -0.109149 0.262352 0.164346 0.023221 0.000091 -0.028047 0.144127 -0.191382 -0.246520 0.201369 0.086032 0.002880 -0.273878 -0.222963 0.250480 0.268316 -0.130303 0.151334 0.213773 0.142677 -0.004667 -0.031585 -0.248184 -0.006210 0.070702 -0.189377 0.104471 0.063340 0.163564 0.163033 -0.112818 -0.206968 -0.195189 -0.199136 0.165908 -0.167615 0.255660 0.097615 -0.089022 -0.141425 -0.346622 -0.247312 -0.099031 -0.108351 0.056768 0.106249 -0.080472 0.347929 -0.130814 0.045656
provide -0.481024 0.496652 0.193210 0.270101 0.051883 0.127310 0.417863 -0.006208 -0.311772 0.029392 0.379563 0.071851 -0.366228 -0.444321 0.289333 0.106874 -0.210088 0.111054 0.081859 0.165001 -0.092904 -0.209828 -0.412769 -0.171364 0.247706 -0.207369 0.195043 0.081794 0.014852 0.489903 -0.245249 -0.190797 0.026070 -0.173292 0.130593 -0.444973 0.148135 0.130079 -0.239526 -0.070296 -0.131566 -0.371401 -0.236091 0.036255 -0.002993 0.012090 -0.042369 0.332850 -0.032738 0.073398
pull -0.150300 -0.000937 0.055312 0.296981 0.132932 0.223711 0.227761 -0.151103 -0.077961 -0.015753 0.080638 -0.106161 -0.041724 -0.134828 -0.014310 0.052579 -0.205997 -0.019210 -0.150468 0.014455 -0.111725 -0.108396 -0.119940 -0.079884 -0.055538 -0.227867 -0.067887 0.143744 0.022233 0.199891 0.052626 -0.327107 0.008971 -0.006681 -0.179642 -0.382494 0.169301 -0.243581 -0.307713 0.008239 0.020203 -0.212858 -0.290948 0.187256 -0.048338 0.036742 -0.119387 0.125881 0.013511 -0.247669
pulled -0.339798 -0.000943 0.809830 -0.870496 0.464630 -0.792968 0.329338 -0.218388 -0.490125 -0.037882 0.179154 0.131516 -0.545697 -0.107937 0.890506 0.191097 -0.526598 0.295243 0.346872 0.014812 -0.521876 -0.024909 -0.543174 -0.582177 -0.236073 0.142309 -0.112084 0.901763 0.147658 0.567832 -0.019123 -0.088771 -0.219766 0.000149 0.275814 -0.684985 0.391312 0.356725 -0.627080 -0.258364 -0.408116 -0.477367 0.151155 -0.218481 0.128524 -0.247077 -0.177906 0.170375 -0.472399 -0.278657
purpose -0.180419 0.113007 0.182600 0.080186 0.061225 0.076764 0.116718 -0.176177 -0.097223 0.076529 0.085501 -0.058875 -0.250884 -0.146496 0.085053 0.178200 -0.138275 0.172602 -0.009371 0.055251 -0.068270 -0.159130 -0.097363 -0.099271 0.081531 -0.209256 0.102730 0.217821 0.117058 0.195422 0.042346 -0.034692 -0.115801 -0.184257 -0.072115 -0.246160 0.014021 0.117587 -0.296131 -0.046531 -0.225408 -0.109994 -0.199267 -0.168431 0.082779 0.076929 -0.079224 0.235293 0.037914 -0.129742
put -0.251727 0.241984 0.577985 -0.111499 0.009055 -0.246499 0.262589 -0.265184 -0.439847 0.006904 0.503629 0.160413 -0.170283 -0.501651 0.782416 0.125141 -0.338228 -0.090931 0.043840 -0.122060 0.216649 -0.150422 -0.442422 -0.444460 -0.008035 -0.020019 0.005169 0.416277 -0.041364 0.688453 -0.012290 -0.385262 0.077079 -0.064522 0.218667 -0.420105 0.519522 0.055675 -0.392714 -0.149532 -0.096058 -0.371061 -0.140762 -0.091585 0.015757 -0.249759 -0.160103 0.544591 -0.025433 -0.078502
quarter -0.518226 0.238442 0.313161 0.127211 0.071550 -0.102934 0.296051 -0.055754 -0.401201 -0.188100 0.464296 -0.001054 -0.328520 -0.302265 0.072812 0.322703 -0.192246 0.305383 0.135434 0.202208 -0.120051 -0.289271 -0.041508 -0.085088 0.335977 -0.442102 0.320256 -0.081796 -0.147799 0.175804 -0.123668 0.208702 -0.095193 -0.335463 -0.040353 -0.245348 0.029267 0.102475 -0.683349 -0.145132 -0.123474 -0.406569 -0.463978 -0.269875 0.077402 -0.195680 -0.041683 0.291595 -0.002492 0.081171
quartz -0.037642 -0.093716 0.537303 -0.123569 0.232269 -0.069879 0.152184 0.038119 -0.172007 -0.108848 0.300463 0.227900 -0.234495 -0.300359 0.393611 0.075305 0.008734 0.216393 0.214374 0.020086 -0.012601 -0.212826 -0.138705 -0.333881 0.211816 -0.024727 0.244050 0.092827 0.050929 0.444137 0.066707 -0.001868 -0.212317 -0.081380 0.089722 -0.231593 0.248157 0.286452 -0.325532 -0.043315 -0.008432 -0.181268 -0.104936 -0.069159 -0.195584 -0.247271 -0.020146 0.260312 -0.018108 -0.175827
question -0.133318 0.007836 0.397436 -0.210282 -0.046246 -0.324693 -0.074741 0.074383 -0.185724 -0.045950 0.035432 0.154936 -0.224138 -0.282745 0.218259 0.090327 -0.187087 0.247061 0.197873 0.125914 -0.098985 -0.090794 -0.130475 -0.222100 0.140299 -0.037327 0.305588 0.020363 -0.042673 0.131762 -0.183560 0.236691 -0.241027 -0.164561 0.232772 -0.106490 0.130030 0.301346 -0.223520 -0.086394 -0.031008 -0.100953 -0.032234 -0.287469 -0.010435 -0.295798 -0.029271 0.134649 -0.114575 -0.060179
quick -0.126634 0.404913 0.480458 0.222428 0.066665 0.085188 0.548284 -0.186506 -0.319287 0.165447 0.582792 -0.031174 -0.469331 -0.509572 0.375152 0.258272 -0.117778 0.362801 0.183331 0.118091 0.118441 -0.361576 -0.239407 -0.229818 0.482616 -0.274721 0.367390 0.066824 0.209670 0.395201 -0.104287 0.005257 -0.266128 -0.180942 0.100068 -0.208049 0.217247 0.078636 -0.519306 -0.192327 -0.165455 -0.356018 -0.407961 -0.036152 -0.184859 -0.199301 -0.021848 0.575568 -0.151806 -0.088515
quickly -0.335263 0.101417 0.209909 0.019419 0.047335 -0.045390 -0.052703 -0.137827 -0.336841 -0.020639 0.081826 -0.011559 0.133578 -0.161313 0.136643 0.177208 -0.208842 -0.075544 0.071549 -0.177661 0.184300 -0.136888 0.047361 -0.074137 0.140251 -0.171987 -0.148674 -0.007102 0.072828 0.090177 -0.071904 -0.052649 -0.104269 -0.127751 -0.215962 -0.027917 0.114981 0.003125 -0.386359 0.136943 0.072679 -0.272861 -0.129606 -0.096698 -0.013448 -0.076578 -0.016564 0.150994 0.086364 -0.120523
quiet -0.192261 0.069016 0.335858 -0.082135 0.039561 -0.114408 0.219844 -0.343668 -0.267130 -0.071350 0.123213 -0.155146 -0.119104 0.026770 0.137867 0.371083 -0.068708 0.091825 0.227050 0.112564 0.017237 -0.168528 -0.041199 0.079104 0.146197 -0.281247 0.075001 -0.006246 -0.025589 0.076190 0.017956 -0.012397 -0.098116 -0.076338 -0.110549 -0.176790 0.044617 0.000746 -0.238600 -0.062445 -0.226202 -0.079300 -0.256295 -0.067780 0.141806 -0.017962 -0.012843 0.165241 -0.195611 -0.039462
quietly -0.231286 -0.107937 0.218822 0.010161 0.081325 -0.105611 0.002402 -0.137418 -0.170357 -0.059842 -0.058110 0.059447 -0.048668 -0.072912 0.120249 0.117592 -0.211270 -0.073474 0.061150 0.059037 0.032460 -0.162021 0.013164 -0.014968 0.022147 -0.162942 -0.100078 0.070646 0.088933 0.106095 -0.092867 0.035849 -0.083760 -0.087931 -0.155969 -0.109808 0.122092 -0.021918 -0.346209 -0.019176 -0.019015 -0.188569 -0.042883 -0.115251 0.041627 -0.000875 -0.100544 0.039872 -0.039880 -0.211503
quite -0.391807 -0.397021 0.708634 -0.050910 0.040958 -0.214071 -0.328091 0.129963 -0.263449 -0.117794 0.059522 0.180910 0.113718 -0.303784 0.245712 0.031857 -0.260994 0.075537 0.090890 -0.020632 0.148836 -0.248238 -0.038782 -0.305077 0.176644 -0.134089 0.255870 0.053744 -0.126115 0.452170 -0.102327 0.085818 -0.106499 -0.228685 -0.166973 -0.535034 0.388519 0.344571 -0.616738 0.077984 0.246911 -0.140241 -0.035653 -0.246480 -0.079880 -0.452135 -0.230805 0.112463 0.164445 -0.522084
rafael -0.109712 0.089725 0.472820 -0.001793 0.265540 0.058942 0.331325 -0.327876 -0.350476 -0.040457 0.201780 -0.001320 0.053744 -0.259093 0.284944 0.314433 -0.070373 0.059968 0.091699 -0.021401 0.081068 -0.218090 -0.059497 -0.195676 0.187077 -0.425092 -0.037084 -0.062768 0.010739 0.226672 0.069118 -0.146038 -0.110050 -0.014431 -0.227235 -0.019734 0.082591 0.105794 -0.332516 0.052439 -0.071017 -0.222643 -0.379782 -0.097057 0.033257 -0.105273 0.177538 0.266676 0.120376 -0.321232
rail -0.209451 0.044249 0.402648 -0.374178 0.073745 -0.291746 0.089921 -0.011785 -0.234066 0.070113 0.130586 0.217869 -0.158725 -0.313639 0.345228 0.350495 -0.106698 0.247379 0.394390 0.191443 -0.096169 -0.032597 -0.219540 -0.160943 0.157196 -0.144089 0.123387 -0.100789 0.089411 0.127129 -0.152905 0.162297 -0.184277 -0.139149 0.096591 0.002905 0.188654 0.426267 0.024996 -0.089628 -0.215105 -0.278891 -0.128931 -0.217737 -0.120134 -0.244100 0.150157 0.216574 -0.152409 0.059053
rain -0.210557 -0.042759 0.281547 0.152938 0.133347 0.112071 0.215738 0.020757 -0.156192 -0.214261 0.060939 0.085376 -0.004263 -0.224976 0.059656 0.237360 -0.023514 0.118450 0.210878 0.148271 0.180488 -0.305248 0.041719 -0.058649 0.325473 -0.278778 0.243284 -0.341237 0.087441 0.145109 -0.080296 0.161655 -0.086513 -0.086173 -0.136500 -0.101067 0.000466 0.036383 -0.202414 0.125873 0.112931 -0.067639 -0.286383 -0.019768 -0.183519 -0.160655 0.158471 0.075901 0.112179 -0.097628
raised -0.203184 -0.028258 0.337917 0.263693 0.042915 0.114865 0.064238 0.050345 -0.087308 -0.206191 0.102418 -0.065362 0.103995 -0.257301 -0.080900 0.119639 0.087248 0.125474 -0.064253 0.071910 0.290411 -0.474326 0.037292 -0.077146 0.322526 -0.235746 0.324649 -0.304510 -0.121050 0.287447 -0.152759 0.163315 -0.137623 -0.064073 -0.222745 -0.106004 -0.061375 0.008198 -0.284510 0.099242 0.244259 0.033518 -0.311036 0.007610 -0.109677 -0.262325 -0.028784 0.104759 0.072563 -0.200596
ran -0.364687 -0.099220 0.559708 -0.607162 0.418485 -0.434625 0.569114 -0.414699 -0.475063 0.298248 0.453798 0.084519 -0.178871 -0.270852 0.693293 0.200747 -0.395289 0.162161 0.435362 -0.321468 -0.273005 0.129986 -0.392024 -0.651647 -0.019686 -0.371058 -0.128246 0.434548 0.440253 0.394106 0.293443 -0.260050 -0.375972 -0.122182 -0.358789 -0.320968 0.511599 0.180518 -0.749224 -0.069366 -0.413889 -0.700425 0.004352 0.097140 -0.052840 -0.280953 -0.159191 0.458216 -0.244408 -0.431542
ranch -0.233595 0.280623 0.196664 0.048831 0.006028 -0.047789 0.015767 -0.137815 -0.267568 -0.022232 0.098462 -0.208453 -0.251650 -0.016857 -0.012321 0.061271 -0.120700 0.078642 -0.094669 0.015203 -0.059362 -0.148495 0.009705 -0.046420 0.204573 -0.063793 0.048477 0.229884 -0.203326 0.140781 -0.093344 0.055241 -0.105175 -0.067739 -0.026711 -0.216771 -0.114228 0.083760 -0.363658 -0.111410 -0.003927 -0.056494 -0.232929 -0.193842 0.116658 -0.062124 -0.094017 0.118441 -0.095147 -0.033146
range -0.211598 0.124386 0.168129 0.230358 0.175277 0.114279 0.240322 -0.164165 -0.305513 0.054641 0.081522 -0.016295 0.107186 -0.130615 0.263365 0.012947 -0.240484 -0.215074 -0.110630 -0.026079 0.173011 -0.071912 -0.004018 -0.024133 0.078090 -0.120309 -0.269462 0.078408 0.068366 0.206546 -0.099214 -0.225273 0.095930 0.040138 -0.251728 -0.241646 0.060096 -0.054042 -0.317315 -0.005759 0.025238 -0.198832 -0.147057 -0.027905 -0.015000 0.096783 -0.122956 0.080793 0.134997 -0.152338
rather -0.190721 0.125877 0.300704 0.561389 0.026731 0.321350 0.176817 -0.252338 -0.240798 0.209642 0.319516 -0.080853 -0.229186 -0.322514 0.127229 0.193310 -0.109980 0.099673 -0.158134 0.156505 0.177041 -0.230724 -0.099390 -0.049243 0.233294 -0.395154 0.113219 -0.034050 0.156940 0.486494 -0.186005 -0.289775 -0.210188 -0.284725 -0.154523 -0.498547 0.357970 0.189134 -0.266250 -0.052264 -0.147972 -0.224058 -0.352464 -0.052227 0.059595 0.032986 -0.329211 0.442848 -0.008649 -0.223180
re -0.503382 0.727102 0.943820 -0.117052 0.785347 -0.561506 0.581114 -0.867420 -0.900918 -0.124651 0.186588 -0.513510 -0.036932 0.208389 0.710414 0.120049 -0.670705 -0.014543 -0.222158 -0.154616 -0.478669 -0.207790 -0.326154 -0.050441 -0.097877 0.180792 -0.809752 0.782472 -0.765836 0.591708 -0.319849 -0.742307 0.290344 0.153061 0.388540 -0.511421 -0.098753 -0.010321 -0.474616 -0.186551 -0.116181 -0.486246 -0.286003 -0.143053 0.822595 0.144607 0.191476 -0.599661 -0.522365 -0.432880
reached -0.251422 -0.157961 0.479948 -0.040594 0.325336 -0.034286 0.290674 -0.199256 -0.317271 -0.077684 -0.067199 0.049750 0.051205 -0.168965 0.323693 0.172963 -0.166185 -0.017586 0.091167 0.041075 0.082046 -0.292201 -0.158620 -0.163782 0.048551 -0.195095 -0.084892 0.120746 0.089041 0.340379 0.085006 -0.144160 -0.056936 -0.000194 -0.201180 -0.321296 0.175168 -0.101464 -0.487441 -0.023985 0.030646 -0.203854 -0.119746 0.024465 -0.114943 -0.093402 -0.048694 0.055357 0.028988 -0.405179
read 0.010709 0.196309 0.375404 0.593142 0.364713 0.026213 0.661593 -0.480768 -0.433566 -0.164623 0.652031 -0.097562 -0.121005 -0.244322 0.543437 -0.274507 -0.283860 -0.143768 -0.491040 -0.376573 0.275077 -0.087192 -0.010121 -0.353254 -0.028909 -0.220306 -0.341575 0.263184 -0.038750 0.688460 -0.172743 -0.665028 0.047073 0.046839 0.190226 -0.405216 0.512371 -0.074533 -0.706560 -0.069038 0.176623 -0.421817 -0.060303 0.148523 0.311887 0.011778 -0.262183 0.079245 -0.090526 -0.443531
ready -0.261091 0.362808 0.353844 0.103167 0.004023 0.109898 0.116462 -0.025614 -0.146198 0.128513 0.379024 0.263942 -0.200239 -0.511268 0.261192 0.090459 -0.238103 0.026234 0.079075 -0.067046 0.056988 -0.012925 -0.240766 -0.260187 0.140725 -0.118799 0.088462 0.081314 0.119325 0.401022 -0.053699 -0.157215 -0.134546 -0.222725 0.122982 -0.157548 0.096947 0.374885 -0.328667 -0.006805 -0.142800 -0.217545 -0.185274 -0.079143 -0.019990 -0.026048 0.083697 0.339983 0.087945 -0.134848
real -0.354831 0.086939 0.317149 -0.012330 0.023336 -0.156789 -0.053088 0.070782 -0.118961 -0.092176 0.211908 0.262968 -0.200709 -0.212926 0.094248 0.115000 -0.267281 0.093185 0.034564 0.094877 -0.076438 -0.119864 0.083432 -0.146253 0.166788 -0.104672 0.106609 -0.079246 0.037318 0.084121 -0.207947 0.365960 -0.180612 -0.265317 0.042975 0.025930 -0.043572 0.471886 -0.306136 0.023773 0.076219 -0.097524 -0.220998 -0.391851 0.060144 -0.166152 0.150668 0.014711 0.025998 -0.062897
really -0.436774 -0.034190 0.586103 -0.244748 0.082756 -0.488763 -0.102876 -0.074050 -0.583098 -0.274955 -0.005771 -0.123737 0.001840 -0.015427 0.251977 0.093934 -0.174444 0.049880 0.063203 0.020190 0.010551 -0.181059 -0.001292 -0.076128 0.151635 -0.121366 -0.022626 0.171882 -0.424637 0.225695 -0.119197 0.052708 -0.027266 0.019896 0.034705 -0.359801 0.196170 0.017185 -0.668358 -0.172275 0.300126 -0.271621 -0.037897 -0.314612 0.086437 -0.298274 -0.166439 -0.035638 -0.044306 -0.275335
reason -0.130360 0.059636 0.346138 -0.072542 0.090665 -0.188098 0.166103 -0.190055 -0.234978 -0.014200 0.118093 -0.043651 -0.202394 -0.119802 0.292613 0.139150 -0.208853 0.202116 0.091100 0.042315 -0.077689 -0.028067 -0.160053 -0.118507 0.008458 -0.083427 0.073104 0.192408 0.087791 0.317415 -0.053200 -0.123966 -0.146708 -0.120651 0.195925 -0.410451 0.240895 0.030427 -0.372073 -0.140185 -0.102589 -0.159241 -0.045242 -0.077266 0.015398 0.001562 -0.202701 0.138961 -0.131268 -0.119874
receive -0.191860 -0.012289 0.208263 -0.071272 0.085608 -0.170347 0.065246 -0.036549 -0.184866 -0.031118 0.062310 0.041247 -0.130269 -0.159323 0.239628 0.184418 -0.140423 0.094395 0.155678 0.085655 -0.003808 -0.159343 -0.237781 -0.065794 0.002084 -0.134310 0.024437 0.158938 0.116329 0.163773 -0.129849 -0.021367 0.051303 -0.080267 0.043008 -0.234551 0.153857 0.004018 -0.289780 -0.080953 -0.204097 -0.241049 -0.017787 -0.067908 0.048072 -0.050491 -0.115249 0.122752 -0.058536 -0.096743
received -0.457169 -0.138985 0.717842 -0.186509 0.285006 -0.516437 0.381996 -0.330112 -0.511415 -0.057369 0.324734 -0.049718 -0.016387 0.004822 0.431582 0.074248 -0.305117 0.109272 -0.217179 0.075368 -0.321402 0.117415 -0.047505 -0.240834 -0.203785 -0.354834 -0.167557 0.225337 -0.382725 0.375043 0.064755 -0.177861 -0.020478 -0.099290 0.040535 -0.613883 0.388639 0.138697 -0.838670 -0.384535 0.284183 -0.276572 -0.094603 -0.136218 0.159810 -0.346502 -0.099848 -0.204491 -0.176171 -0.573174
reckon -0.377050 -0.076931 0.435523 -0.009769 0.550167 -0.648065 0.880446 -0.438208 -0.576978 -0.139525 0.286970 -0.173960 0.342207 0.161968 0.788605 -0.380726 -0.683178 -0.337475 -0.470975 -0.017440 -0.053875 0.059193 -0.003314 -0.116888 -0.383137 0.018982 -0.773860 0.367609 -0.085868 0.520750 -0.410144 -0.347956 0.153326 0.346407 -0.139946 -0.620317 0.303703 -0.479177 -0.932128 -0.353842 0.310079 -0.406773 0.196302 0.152048 0.137457 -0.050245 -0.565791 -0.543860 -0.313782 -0.318945
red -0.242416 0.042341 0.421712 0.026826 0.070882 -0.187183 0.226976 -0.151736 -0.188865 -0.131954 0.325299 0.211676 -0.036960 -0.332144 0.179367 0.384641 -0.100370 0.261873 0.080975 0.244921 0.003710 -0.394618 -0.095880 -0.071996 0.170390 -0.466814 0.247382 -0.302303 -0.057501 0.147783 -0.256656 0.191844 -0.077889 -0.266391 -0.035973 0.095590 -0.013572 0.294221 -0.316944 -0.039021 -0.290967 -0.128418 -0.248871 -0.351745 0.242169 -0.147641 0.122230 0.111018 -0.081023 -0.044752
refund -0.422237 0.211346 0.586334 -0.006334 0.121501 -0.136342 0.314942 -0.159522 -0.363592 -0.239766 0.459341 0.038552 -0.398991 -0.275259 0.202376 0.429138 0.014437 0.273946 0.110074 0.317505 -0.116224 -0.317719 -0.118169 -0.092271 0.275396 -0.495822 0.280024 0.021807 -0.255170 0.332235 -0.086205 0.186361 -0.049544 -0.241090 0.045657 -0.298500 -0.028684 0.344688 -0.561547 -0.266879 -0.192759 -0.244265 -0.439975 -0.346330 0.220448 -0.179683 0.074217 0.258030 -0.054932 -0.105723
refused -0.084760 0.000195 0.277905 0.208020 0.280435 0.020627 0.555558 -0.282663 -0.227888 -0.035094 0.284501 -0.116405 0.064410 0.040365 0.276568 -0.058894 -0.103347 -0.208834 -0.140829 -0.068391 0.160435 -0.084568 -0.003463 -0.079654 -0.049689 -0.174015 -0.283699 0.080142 0.103021 0.273702 0.010287 -0.218153 0.077740 0.159166 -0.191634 -0.232228 0.057382 -0.219435 -0.414107 -0.118064 0.056495 -0.123889 -0.082562 0.259571 0.073429 0.051409 -0.109051 -0.080163 -0.033949 -0.309568
regular -0.157653 -0.080773 0.393906 -0.121676 0.173948 -0.153603 -0.092707 0.002389 -0.197481 -0.003129 0.131741 0.178098 -0.072705 -0.132244 0.272120 0.136299 -0.167746 0.018321 -0.023066 0.005284 -0.031668 -0.028548 -0.002305 -0.200596 0.025780 -0.036597 -0.056151 0.146208 -0.029731 0.250999 -0.058649 -0.063198 -0.067613 -0.041624 -0.048691 -0.186500 0.127227 0.422854 -0.261467 -0.009547 -0.055358 -0.130015 -0.119422 -0.265710 0.082352 -0.152715 -0.009582 0.112747 0.029529 -0.169496
reindeer -0.379102 0.151532 0.467422 -0.260209 0.115294 -0.226887 -0.003371 0.206738 -0.304007 -0.309185 0.402197 0.489569 -0.486644 -0.617634 0.532865 -0.002057 0.129898 0.535728 0.317925 0.090892 0.234013 -0.592334 -0.050083 -0.372131 0.597146 -0.093536 0.502067 -0.060864 -0.059431 0.624239 -0.363898 0.521992 -0.275206 -0.368683 0.405349 0.124011 0.301536 0.804883 -0.242171 0.058226 0.006412 -0.370360 0.140112 -0.667403 -0.207219 -0.418223 0.099628 0.391298 0.093730 0.251675
remained -0.585791 -0.102946 0.391520 0.017842 0.061255 -0.214542 0.266440 -0.386849 -0.002682 0.265932 0.277892 0.012663 -0.245112 -0.272590 0.308551 0.140878 -0.849802 0.160365 -0.168937 -0.134524 -0.361697 0.117147 -0.235241 -0.518568 -0.225144 -0.281848 0.003137 0.371249 0.354383 0.496696 -0.096749 -0.144602 -0.414547 -0.398507 -0.163488 -0.728990 0.444097 0.304997 -0.550036 0.158492 -0.083879 -0.310290 -0.371760 -0.014887 0.061810 -0.135952 -0.285990 0.260773 -0.270940 -0.380819
remarkable -0.578897 0.065154 0.379336 -0.237252 -0.094507 -0.459090 -0.174017 0.091721 -0.323124 -0.094929 0.066997 -0.027505 -0.199842 0.003744 0.041504 0.457663 -0.196865 0.093673 0.379567 0.239019 0.001603 -0.164349 -0.099279 0.099339 0.197529 -0.179390 0.228313 -0.045033 -0.044547 -0.085404 -0.236180 0.414092 0.079774 -0.216923 -0.018862 -0.223943 -0.136816 0.104504 -0.458929 -0.174398 -0.232543 -0.208084 -0.151081 -0.313052 0.195364 -0.239446 -0.001330 0.024208 -0.212319 0.068939
remarked -0.255436 -0.319165 0.451136 -0.078105 0.112822 -0.410350 0.161168 -0.297216 -0.204515 0.033461 0.258672 -0.179390 0.155911 -0.024371 0.269952 0.107991 -0.402762 -0.133594 -0.251675 -0.219422 -0.071495 0.045188 -0.181530 -0.347868 -0.344249 -0.382635 -0.250296 0.485421 0.075004 0.219707 0.009955 -0.224429 0.106161 -0.026251 -0.332053 -0.580552 0.283398 -0.063146 -0.889930 -0.111360 -0.119133 -0.316415 -0.030491 0.155844 0.399865 -0.216772 -0.363548 -0.029006 -0.182727 -0.672829
remember -0.434805 0.132785 0.414322 -0.110822 0.164555 -0.408815 0.282874 -0.174635 -0.424630 -0.014507 0.051990 0.047911 0.000055 -0.039734 0.450148 0.017995 -0.411610 -0.123580 0.037319 0.170272 -0.047976 -0.010434 -0.114173 -0.074760 -0.072556 -0.017995 -0.148213 0.039560 -0.043363 0.311827 -0.258708 -0.028371 -0.100151 -0.041122 0.116771 -0.310451 0.180354 0.052314 -0.360162 -0.131526 0.128048 -0.159718 0.038626 -0.162492 0.137789 -0.087975 -0.049341 -0.226263 -0.176516 -0.128439
remembered -0.498251 0.044674 0.498675 -0.428565 0.101728 -0.644536 0.108085 -0.193296 -0.429558 0.027952 0.132097 0.095329 -0.175058 -0.024439 0.535111 0.174470 -0.656410 0.000780 0.106477 0.052291 -0.311536 0.165044 -0.195349 -0.238929 -0.175223 -0.021464 -0.217056 0.436919 0.057649 0.209208 -0.179048 -0.005483 -0.074454 -0.106380 0.102879 -0.486090 0.204179 0.209555 -0.564553 -0.188219 -0.133589 -0.297420 0.003533 -0.317036 0.196749 -0.120141 -0.167987 -0.047408 -0.259486 -0.134969
removed -0.088871 -0.096611 0.530256 0.001328 0.239369 -0.116373 0.171234 -0.155890 -0.343356 -0.159252 0.194745 0.145645 0.058244 -0.307623 0.435476 0.158642 -0.010362 0.189022 0.074274 0.104534 0.113050 -0.239515 -0.037332 -0.095414 0.158880 -0.275523 0.140678 -0.186763 -0.175242 0.385084 -0.107568 -0.193645 -0.145146 -0.044432 0.085115 -0.168942 0.361269 0.222616 -0.344228 -0.091708 0.073057 -0.201654 -0.153581 -0.165912 -0.058770 -0.260647 0.015578 0.150256 0.013913 -0.239131
repeated -0.321858 -0.104516 0.572380 -0.094398 0.234536 -0.395139 0.113766 -0.165032 -0.340403 -0.159257 0.232671 0.141528 0.071351 -0.210475 0.518541 0.016031 -0.431829 0.000524 -0.007492 -0.131802 0.057511 -0.160607 -0.025904 -0.298329 0.004786 -0.086473 -0.209725 0.174984 0.024754 0.373573 -0.228086 0.020851 -0.081033 -0.101893 -0.021725 -0.255794 0.312756 0.213471 -0.640388 0.016874 0.137269 -0.317305 -0.013793 -0.186063 0.071547 -0.217654 -0.161215 -0.043013 -0.104451 -0.294161
replacement -0.186786 0.050470 0.306209 0.260483 0.034246 0.083640 0.049646 -0.181914 -0.166448 0.035658 0.151346 -0.160136 -0.009548 -0.003736 -0.060709 0.227098 -0.007458 -0.009279 -0.260299 0.159690 0.029667 -0.202240 0.130510 0.065184 0.111039 -0.314279 -0.000143 0.049495 -0.218880 0.125850 0.003829 -0.062875 -0.027393 -0.144777 -0.225223 -0.247799 -0.040398 0.082591 -0.386177 -0.138316 0.042403 0.006403 -0.389493 -0.192949 0.219028 -0.065631 -0.056352 0.056144 0.060743 -0.273109
replied -0.174375 -0.111857 0.325969 -0.032793 0.239824 -0.175735 0.128632 -0.239393 -0.322862 0.049958 0.091339 -0.070684 0.087647 0.090676 0.371266 0.095979 -0.235407 -0.152152 -0.083207 -0.014479 0.063834 0.023703 0.048951 -0.060539 -0.052425 -0.066582 -0.286893 0.165963 0.028641 0.243294 -0.050978 -0.216739 0.030857 0.130233 -0.227640 -0.339642 0.192944 0.043045 -0.286058 -0.056677 0.027981 -0.179826 -0.113508 -0.093695 0.085472 -0.062100 -0.120835 -0.005064 -0.047672 -0.203048
reply -0.349600 0.048869 0.273310 -0.017256 -0.154258 -0.208027 -0.105317 0.094256 -0.209446 -0.171325 0.041966 0.205466 0.046338 -0.341928 0.057976 -0.040642 -0.115820 0.050065 0.097138 0.008256 0.152401 -0.144584 -0.076258 -0.162856 0.174909 -0.160043 0.199516 -0.284263 -0.128999 0.252640 -0.261520 0.237685 -0.191419 -0.191088 0.168518 -0.002662 0.145588 0.195876 -0.225439 0.096932 0.282384 -0.028302 0.145434 -0.177290 -0.036031 -0.246598 -0.005311 -0.055227 0.066799 -0.160169
report -0.075155 0.197499 0.171667 0.434277 0.120689 0.191368 0.239886 -0.420507 -0.378121 0.042937 0.199077 -0.419713 0.074994 0.037908 0.081201 0.011541 -0.036182 0.044443 -0.229919 -0.143668 0.091778 -0.242734 0.115597 0.141863 0.212161 -0.230158 -0.118518 0.025872 -0.256488 0.158683 0.017857 -0.313004 -0.056929 -0.105637 -0.129214 -0.140135 0.173406 -0.272266 -0.388509 -0.025544 0.166569 -0.149938 -0.232241 0.013333 0.103306 0.050258 -0.144802 0.027748 0.023108 -0.208146
required -0.393192 0.085762 0.279282 0.155150 -0.030948 0.068119 -0.082983 -0.018274 -0.193765 -0.128211 -0.030426 0.224652 -0.175698 -0.298805 0.032262 0.249516 -0.086283 0.118198 0.155347 0.254510 0.086486 -0.299859 -0.008157 0.023974 0.232371 -0.304245 0.246120 -0.221938 -0.047385 0.212283 -0.154840 0.147105 -0.193118 -0.366018 0.090882 -0.101147 0.113018 0.294144 -0.225759 -0.026356 0.033921 -0.062992 -0.194557 -0.369485 -0.008940 -0.010357 0.063636 0.144092 0.126178 -0.052493
respected -0.324766 -0.012331 0.365582 0.054310 0.035509 -0.106007 0.039460 -0.230789 -0.289677 -0.028810 0.099473 -0.173751 0.077033 -0.055489 -0.009709 0.195550 -0.107782 0.096910 -0.036227 -0.111167 0.134901 -0.156022 0.084649 0.002666 0.178928 -0.309429 0.017490 -0.077316 -0.109297 0.099005 -0.041299 0.043965 -0.055993 -0.097935 -0.209322 -0.214226 0.021653 -0.010893 -0.522212 0.020334 0.128090 -0.086348 -0.258965 -0.100156 0.038791 -0.205280 -0.014020 0.046352 -0.014464 -0.335522
response -0.153294 0.046402 0.225600 0.192708 0.125272 0.044084 0.245168 0.107433 -0.115251 -0.124246 0.158634 0.123687 -0.071483 -0.429479 0.225984 -0.127793 -0.080772 0.279050 -0.006558 0.106545 0.068177 -0.313527 -0.221232 -0.205609 0.186610 -0.045488 0.283183 -0.084079 0.002643 0.541943 -0.235262 -0.049885 -0.162370 -0.173109 0.205469 -0.339143 0.370237 -0.028843 -0.289404 -0.023466 0.179590 -0.237129 -0.001096 0.034635 -0.311123 -0.151406 -0.243829 0.174920 0.043858 -0.064361
rest -0.108300 0.169166 0.998326 0.154337 0.073097 -0.275605 0.234304 -0.251439 -0.540046 -0.038264 0.726990 -0.153689 -0.466649 -0.327745 0.645938 0.242223 -0.294859 0.576983 0.236737 0.207513 0.068442 -0.284258 0.155066 -0.140028 0.510436 -0.271868 0.515756 -0.084501 -0.196381 0.393410 -0.172057 0.102639 -0.490869 -0.453975 0.352845 -0.299027 0.621330 0.482878 -0.622179 -0.230310 -0.052655 -0.329930 -0.424148 -0.549907 0.139965 -0.456242 -0.053930 0.354599 -0.124126 -0.048915
rested -0.291436 -0.004541 0.422069 -0.098373 0.015918 -0.164251 0.011074 -0.118299 -0.253137 0.200134 0.152793 0.109920 -0.006353 -0.254275 0.363135 0.308422 -0.319317 -0.045108 0.110792 0.093839 0.012485 -0.063610 -0.176831 -0.197881 0.045725 -0.221755 0.023444 0.091018 0.143070 0.195885 -0.046486 -0.062801 -0.071510 -0.147792 -0.155464 -0.229877 0.158081 0.202467 -0.312721 -0.048572 -0.243561 -0.215078 -0.162290 -0.204810 0.108430 -0.181917 -0.016358 0.228168 -0.038756 -0.210795
resting -0.393873 0.030451 0.509778 -0.227179 0.109137 -0.257297 0.134021 -0.097521 -0.248991 0.042590 0.219103 0.330479 -0.271426 -0.294525 0.449827 0.319850 -0.408420 0.009194 0.259301 0.061574 -0.078916 -0.048483 -0.136836 -0.340402 0.053601 -0.114354 0.090543 0.026793 0.262410 0.237028 -0.022663 0.156621 -0.193724 -0.178234 0.024911 -0.112288 0.091702 0.380186 -0.305347 0.024611 -0.134644 -0.210203 -0.220341 -0.277345 0.006224 -0.200736 0.217128 0.225252 -0.074622 -0.029072
return -0.437907 0.561127 0.329183 0.263222 -0.064740 0.174891 0.137010 -0.106919 -0.296788 0.138428 0.070932 0.364350 -0.444015 -0.766585 0.243656 0.244051 -0.389936 0.158710 0.105308 0.319285 -0.150687 -0.238659 -0.551687 -0.191547 0.134856 -0.288515 0.254443 0.202693 0.027553 0.545334 -0.283970 -0.249369 -0.191408 -0.467782 0.409433 -0.404940 0.230303 0.306549 -0.316114 -0.171759 -0.334889 -0.330495 -0.161415 -0.290486 0.035299 0.194807 -0.036927 0.465125 0.067954 -0.126826
returned -0.354550 -0.143376 0.499384 0.115329 0.109989 -0.088159 0.214652 -0.229586 -0.320059 0.342960 0.402623 0.404006 -0.361585 -0.598104 0.714067 0.260897 -0.587710 -0.163193 0.212272 -0.082852 0.015694 0.107096 -0.511168 -0.487880 -0.139564 -0.428861 -0.055271 0.530446 0.690675 0.587484 -0.028719 -0.548327 -0.062184 -0.417659 -0.131408 -0.797276 0.789869 0.388968 -0.692843 -0.120905 -0.620630 -0.700430 -0.037499 -0.004544 0.151478 0.051488 -0.442068 0.704766 -0.044277 -0.434046
returning -0.129426 0.293835 0.327524 0.145258 0.073793 0.191394 0.189869 -0.258688 -0.230329 0.195254 0.139744 0.117243 -0.226343 -0.499987 0.345588 0.270901 -0.127740 0.159798 0.138475 0.103049 0.096106 -0.182543 -0.286012 -0.079863 0.174568 -0.207938 0.071555 0.089028 0.109666 0.396590 -0.095722 -0.370643 -0.173517 -0.236943 0.113609 -0.157264 0.334808 0.232219 -0.094657 -0.104348 -0.288027 -0.314314 -0.289733 -0.115736 -0.112156 0.118237 -0.003027 0.520613 -0.009987 -0.057384
revolver -0.266744 -0.106992 0.714048 0.020526 0.243824 -0.096250 0.335434 -0.071955 -0.274187 -0.164422 0.601342 0.215866 -0.226385 -0.422321 0.494819 0.004841 -0.217843 0.250924 0.171913 -0.184554 0.331183 -0.399935 0.161157 -0.462867 0.430875 -0.135695 0.312936 -0.285294 0.270237 0.532312 -0.060151 0.294780 -0.501006 -0.216535 -0.097238 -0.009914 0.327668 0.386184 -0.570125 0.230186 0.296164 -0.246447 -0.296056 -0.110633 -0.347775 -0.482111 0.026337 0.321147 -0.016503 -0.136148
rewarded -0.273235 -0.043124 0.302399 0.101488 -0.110125 -0.096029 -0.110164 0.012142 -0.009087 -0.181485 -0.040390 0.096159 0.224443 -0.241247 -0.126112 0.139235 -0.228653 0.052957 0.031745 0.026472 0.262007 -0.264861 0.055711 -0.047279 0.159197 -0.242513 0.150794 -0.339578 0.008250 -0.015304 -0.264758 0.311815 -0.080312 -0.166443 -0.131499 0.040103 -0.101260 0.115978 -0.237751 0.235305 0.183231 0.145723 -0.156199 -0.118715 0.024214 -0.264883 0.200332 -0.118937 0.079521 -0.319771
rich -0.199862 0.098276 0.238207 0.175372 0.116723 -0.055227 0.164521 -0.106228 -0.151439 -0.186019 0.194095 -0.089721 -0.089066 -0.074628 0.093830 0.040317 -0.123704 0.098503 -0.120071 -0.013320 -0.015259 -0.147944 -0.009172 0.012703 0.030594 -0.115314 -0.012485 0.033725 -0.161227 0.209756 -0.177667 -0.106971 -0.014593 -0.066622 0.106608 -0.209653 0.074529 0.067874 -0.319808 -0.031950 0.079052 -0.135588 -0.195219 -0.021194 0.101488 -0.027028 -0.037758 -0.026222 -0.101046 -0.099069
rid 0.034018 -0.018991 0.199502 0.292992 0.024277 0.199090 0.169687 -0.294200 -0.189260 -0.047123 0.366551 -0.218875 -0.001448 -0.009950 -0.089462 0.115550 0.068398 0.101022 -0.100149 -0.124106 0.077735 -0.138947 0.171714 0.074938 0.246030 -0.347568 0.029776 -0.128023 -0.222942 -0.005470 0.212144 -0.086749 -0.001415 -0.101411 -0.224033 0.015144 0.051106 -0.124561 -0.337468 -0.026437 0.024539 -0.073684 -0.381574 -0.069842 0.094695 -0.038876 -0.021171 0.148337 0.174558 -0.190946
ride -0.265130 0.289397 0.119286 0.101233 0.107703 0.032272 0.216277 -0.157941 -0.384064 -0.094517 0.053494 0.005139 -0.121593 -0.167426 0.235632 0.096466 -0.139301 -0.057756 -0.031406 0.099838 0.033870 -0.178225 -0.090429 -0.009139 0.098029 -0.142498 -0.121581 0.077206 -0.143226 0.199823 -0.149337 -0.182541 0.012354 0.029753 0.027665 -0.118718 0.093092 0.023832 -0.175204 -0.061572 -0.028131 -0.230992 -0.157347 -0.182510 0.022104 0.057801 -0.019538 0.170669 0.031869 0.057430
right -0.103306 0.601067 0.472774 0.126568 -0.119971 0.008014 0.073928 -0.552743 -0.220906 -0.352604 0.083633 -0.688682 0.290611 -0.437140 0.536690 0.025470 -0.786840 0.530159 0.021632 0.050037 0.327587 -0.458355 0.020120 0.076823 0.275148 -0.014569 0.508577 0.334853 -0.343708 0.884218 -0.831237 -0.531860 -0.573049 -0.370888 0.558856 -1.079934 0.688186 -0.036358 -0.333369 0.241848 -0.038116 0.087871 -0.414642 -0.011204 -0.085100 -0.226452 -0.482438 0.410659 -0.475823 0.079613
rim -0.101202 -0.069365 0.517445 0.157187 0.279013 0.123613 0.298206 -0.235771 -0.287467 -0.119408 0.350726 0.037139 -0.241157 -0.278441 0.279453 0.217998 -0.041937 0.243124 0.086892 0.012121 0.032690 -0.337424 -0.043218 -0.197880 0.295194 -0.259729 0.201386 -0.013673 0.005022 0.423454 0.067109 -0.062215 -0.179063 -0.114279 -0.152272 -0.247872 0.212478 0.176405 -0.429044 0.018015 -0.035514 -0.236317 -0.482838 -0.094153 -0.139978 -0.209810 -0.043537 0.380814 0.010272 -0.162974
rise -0.196992 0.226816 0.162663 0.423923 0.073264 0.375484 0.183917 -0.395617 -0.392039 0.010084 0.258563 -0.183510 0.057094 -0.385312 0.238406 0.132783 -0.180981 -0.011084 0.021091 -0.272572 0.253980 -0.229194 -0.004991 -0.128743 0.259864 -0.379200 -0.047957 0.082628 0.022209 0.387416 0.085927 -0.557578 -0.149196 -0.191837 -0.110142 -0.250054 0.487532 -0.145659 -0.478721 0.195138 0.073069 -0.381489 -0.282238 0.125342 -0.152420 0.020377 -0.096892 0.511696 0.213814 -0.295145
river -0.033876 0.082326 0.435593 -0.008163 0.306044 0.096339 0.339462 -0.253013 -0.220821 0.109297 0.227927 0.150701 -0.127015 -0.365948 0.353952 0.272351 -0.121525 0.176535 0.225944 0.029745 0.030117 -0.192992 -0.155979 -0.190731 0.242204 -0.274776 0.062458 -0.004150 0.238716 0.275898 -0.052412 -0.098116 -0.189574 -0.132927 -0.150683 -0.040921 0.130075 0.346699 -0.233885 0.003370 -0.308089 -0.278575 -0.330432 -0.064150 -0.064639 -0.065714 0.066589 0.389074 -0.067983 -0.179986
road -0.268138 -0.076029 0.449805 -0.154844 0.129859 -0.226718 0.081527 0.019028 -0.289587 -0.117070 0.101961 0.249172 -0.155524 -0.346182 0.331414 0.200755 -0.139656 0.257928 0.261801 0.144298 -0.032038 -0.118347 -0.130926 -0.202647 0.147647 -0.242737 0.216532 -0.104526 0.011479 0.277712 -0.146165 0.059305 -0.189909 -0.225524 0.163258 -0.229481 0.359638 0.330792 -0.282920 -0.072423 0.009215 -0.286279 -0.087117 -0.228683 -0.125155 -0.272173 0.046494 0.171811 -0.036930 -0.135190
robbed -0.205048 -0.106585 0.333003 -0.029210 -0.029708 -0.322187 0.056984 -0.154604 -0.274689 -0.124734 0.275745 0.038594 0.133044 -0.111934 0.132496 0.099617 -0.260359 -0.029224 0.046078 -0.227431 0.092380 0.092313 0.098935 -0.205564 0.006284 -0.315574 -0.052986 -0.154661 -0.017090 -0.023008 0.002833 0.041599 -0.061639 -0.104276 -0.010179 0.025573 0.156246 0.042484 -0.473770 0.066556 0.140925 -0.178117 -0.014438 -0.080027 0.186842 -0.234575 0.063736 -0.064840 0.044079 -0.346020
rock -0.359126 0.033161 0.593050 0.003708 0.049225 -0.249144 0.409533 -0.180455 -0.378318 -0.243524 0.688262 0.004496 -0.183858 -0.255305 0.190995 0.202752 -0.119497 0.187746 0.092931 0.024396 0.016991 -0.302979 -0.143231 -0.253309 0.362481 -0.438974 0.241640 -0.010661 -0.098701 0.293909 -0.069761 0.380545 0.028909 -0.124229 -0.234354 -0.287187 -0.057616 0.131354 -0.797445 -0.110239 -0.073185 -0.250082 -0.338627 -0.090289 0.122871 -0.385598 -0.146632 0.201359 -0.106193 -0.184466
rocks -0.248495 0.186984 0.600703 -0.037229 0.255404 -0.093472 0.461676 -0.130600 -0.436818 -0.076274 0.368862 0.186798 -0.508088 -0.446747 0.469412 0.253261 -0.200390 0.383537 0.308423 0.263024 -0.193540 -0.231586 -0.322692 -0.235306 0.270105 -0.268991 0.299057 0.057309 0.043299 0.478442 -0.109508 0.010745 -0.265983 -0.221596 0.232223 -0.369724 0.305233 0.300017 -0.444424 -0.212204 -0.199101 -0.379761 -0.329554 -0.208866 -0.160984 -0.176207 -0.045273 0.394717 -0.082857 -0.064934
rogers -0.188592 -0.327022 0.641238 -0.417585 0.278901 -0.274614 0.161010 -0.163236 -0.329881 -0.009870 0.048151 0.366856 0.193384 -0.450466 0.302442 0.491817 0.038867 0.479870 0.340326 0.238283 0.037282 -0.103083 -0.193186 -0.315969 0.316113 -0.571867 0.258404 -0.636719 0.091569 0.273191 -0.219850 0.245651 -0.410008 -0.117714 -0.206411 0.026730 0.300044 0.689111 0.017064 0.022518 -0.026499 -0.228330 -0.252604 -0.276662 -0.145400 -0.499557 0.212762 0.125525 0.016825 -0.314908
rolled -0.249993 -0.078013 0.416944 0.080821 0.311337 -0.098146 0.352642 -0.378052 -0.462763 0.193236 0.257233 -0.084881 0.178377 -0.135313 0.499643 0.122079 -0.552250 -0.218842 -0.131781 -0.279621 0.152032 0.067129 -0.062633 -0.341528 -0.051682 -0.259716 -0.377671 0.215660 0.334098 0.298747 -0.016789 -0.386460 -0.071445 0.092010 -0.465070 -0.463767 0.261616 -0.105217 -0.624483 0.103930 -0.035147 -0.359802 -0.272468 0.088001 0.048079 -0.104900 -0.218341 0.199420 0.011291 -0.462625
rolling -0.087637 -0.031037 0.260674 0.565847 0.171443 0.497920 0.078053 -0.205764 -0.072785 0.149166 0.291097 -0.018360 0.101150 -0.373909 0.009435 0.290965 -0.239985 -0.027331 -0.263296 -0.219381 0.349150 -0.402306 0.108259 -0.290373 0.378722 -0.314381 0.073433 -0.123711 0.390574 0.289266 -0.062624 -0.139512 -0.156009 -0.030838 -0.718868 -0.147872 -0.170395 0.086414 -0.397561 0.384251 -0.100523 -0.080541 -0.758485 -0.012346 -0.091707 -0.074094 -0.097329 0.509043 0.175880 -0.299933
room -0.191718 0.078714 0.567121 -0.088314 0.126282 -0.087016 0.119806 -0.016784 -0.155745 -0.104706 0.348064 0.250795 -0.028560 -0.618418 0.320406 0.130402 -0.252314 0.310051 0.244386 -0.049546 0.139690 -0.189805 -0.148736 -0.402432 0.319538 -0.219730 0.405033 -0.173246 0.050224 0.467439 -0.159152 0.052788 -0.292232 -0.219173 0.097397 -0.134599 0.251514 0.410309 -0.360686 0.105924 0.031365 -0.217608 -0.254578 -0.135713 -0.157133 -0.402265 0.113524 0.321114 0.039707 -0.171359
rope -0.375656 0.063780 0.589452 -0.294835 0.034625 -0.263057 -0.086844 0.040274 -0.295447 0.047779 0.131689 0.334393 -0.373956 -0.362553 0.316796 0.266959 -0.184117 0.201160 0.214835 0.206705 -0.198404 -0.066140 -0.186487 -0.261692 0.215283 -0.032864 0.253606 0.045147 -0.134904 0.320684 -0.024954 0.208397 -0.190294 -0.192465 0.119489 -0.161477 0.048239 0.575704 -0.207708 -0.121051 -0.062415 -0.177255 -0.259580 -0.458928 -0.110187 -0.278312 0.125537 0.272428 -0.045156 -0.010932
rose -0.077391 0.323845 0.496009 0.091750 0.029725 -0.201035 0.578119 -0.432862 -0.422343 0.194869 0.689054 0.088319 -0.242256 -0.483932 0.758630 0.167852 -0.386290 0.191089 0.157638 -0.065553 0.052742 0.122103 -0.373437 -0.476907 0.029402 -0.454945 0.061317 0.137200 0.334923 0.488806 -0.220125 -0.332822 -0.319668 -0.244116 0.291294 -0.387165 0.684738 0.384903 -0.301992 -0.027798 -0.294347 -0.399942 0.004241 0.006919 0.237910 -0.147690 -0.087362 0.384988 -0.157388 -0.314668
ross -0.261898 0.079941 0.308561 0.308441 0.119462 0.237157 -0.119317 -0.157338 -0.325156 -0.266044 -0.234865 0.044965 -0.064688 -0.308877 -0.068489 0.414982 -0.269489 0.245295 0.076188 0.068840 0.104630 -0.489987 0.065418 0.095010 0.338521 -0.286761 0.104075 -0.061265 0.048224 0.175397 -0.337453 0.106830 -0.373312 -0.370036 -0.087980 -0.223229 0.042537 0.225497 -0.358326 0.291460 0.069429 -0.070636 -0.515641 -0.305879 -0.106460 0.014142 -0.043762 0.274674 0.132381 -0.183375
rough -0.247719 -0.000152 0.325812 0.143915 0.193753 0.180912 0.250672 -0.215255 -0.202895 -0.094890 0.307811 -0.030846 -0.169165 -0.132316 0.099558 0.328300 -0.132741 0.068579 0.187860 -0.057857 0.042226 -0.285044 -0.042544 -0.111172 0.307395 -0.272520 0.067258 0.034066 0.137811 0.177581 0.158711 0.000310 -0.023005 -0.060666 -0.389748 -0.206638 -0.033687 0.078710 -0.331749 0.107960 -0.166203 -0.193950 -0.509891 0.002274 -0.042057 -0.059229 0.079597 0.287035 0.028585 -0.113635
round -0.380706 -0.016098 0.618772 -0.298971 0.158866 -0.201318 -0.037858 0.149030 -0.264829 -0.049376 0.205349 0.399365 -0.432015 -0.265974 0.291414 0.345801 0.068841 0.199374 0.372842 0.379526 -0.126245 -0.109041 -0.223930 -0.108149 0.186156 -0.117990 0.244246 -0.019340 -0.092577 0.372999 -0.058534 0.172607 -0.094900 -0.177102 0.165259 -0.261303 0.159765 0.713732 -0.157009 -0.249503 -0.221951 -0.208184 -0.143428 -0.380003 -0.005227 -0.242151 0.126958 0.188447 -0.079964 -0.020225
row -0.302944 0.228836 0.196289 0.070677 -0.027196 0.008007 0.148845 -0.144170 -0.233985 0.107197 0.241460 -0.060356 -0.212748 -0.130478 0.160886 0.174681 -0.236303 -0.006802 0.066950 0.022356 -0.022059 -0.029355 -0.145308 -0.109284 0.065398 -0.193064 0.011739 0.193954 0.101133 0.151196 -0.016345 -0.070819 -0.015195 -0.180148 -0.022894 -0.306045 0.110148 0.072382 -0.287835 -0.052601 -0.169185 -0.197829 -0.163592 -0.059580 0.119782 0.015114 -0.051021 0.220168 -0.029077 -0.084531
run -0.384628 0.406413 0.175236 0.289536 0.102534 0.410695 0.532518 -0.220638 -0.470413 -0.031269 0.416684 0.122684 -0.363625 -0.841018 0.232191 0.119458 -0.325399 0.297581 0.245409 -0.179070 0.035689 -0.170185 -0.380266 -0.324575 0.429235 -0.522060 0.261745 0.053995 0.126558 0.522807 0.015608 -0.552840 -0.252227 -0.265736 0.026839 -0.440220 0.464965 -0.078380 -0.561147 0.083048 -0.146622 -0.654423 -0.499434 0.150979 -0.441167 -0.035403 -0.130010 0.830947 0.163658 -0.205200
running -0.315906 -0.088699 0.392073 -0.008745 0.130526 0.046396 0.188160 -0.047852 -0.232356 -0.060869 0.239430 0.151891 -0.035553 -0.512994 -0.019044 0.234709 0.059821 0.408030 0.198088 0.047938 0.015154 -0.346406 -0.160131 -0.345498 0.426768 -0.513455 0.460275 -0.473841 -0.034081 0.376980 -0.054247 0.132152 -0.438350 -0.261965 -0.252805 -0.075513 0.205654 0.323322 -0.318746 0.153420 0.079872 -0.219867 -0.317769 -0.037944 -0.260811 -0.436443 0.017251 0.351584 0.032634 -0.242491
rush -0.110342 0.204722 0.290013 0.414635 0.112847 0.294137 0.565099 -0.183619 -0.183138 -0.028026 0.612474 0.056583 -0.493570 -0.389687 0.162669 0.223274 0.046841 0.337485 0.066433 0.218562 -0.036969 -0.256086 -0.172616 -0.159832 0.323961 -0.518186 0.409896 -0.141602 0.114751 0.412795 -0.037105 -0.070969 -0.228636 -0.307135 0.037156 -0.337825 0.231752 0.253039 -0.344347 -0.103988 -0.270176 -0.254194 -0.394989 -0.010228 0.006434 -0.030533 -0.079174 0.449322 -0.007630 -0.037979
rushed 0.121396 -0.171141 0.323990 -0.045175 0.344129 0.005043 0.272736 -0.235077 -0.116548 -0.035845 0.217499 0.044334 0.063554 -0.104458 0.282028 0.086460 -0.061836 0.044568 -0.010983 -0.180538 -0.018027 -0.044789 -0.084395 -0.242878 -0.001872 -0.129654 -0.138133 0.176474 0.059815 0.249198 0.154251 -0.309236 0.041195 0.124143 -0.171588 -0.170532 0.135672 0.089347 -0.218082 0.013030 -0.165724 -0.181939 -0.176922 0.108372 0.036918 -0.073747 -0.008938 0.118765 0.002533 -0.312796
s 0.732082 -0.552919 1.498000 0.486277 -0.295241 -1.287325 -1.405859 -0.625393 0.448987 1.310399 -0.769700 -1.003043 0.804160 -0.129489 -0.008941 1.831294 -0.885398 -0.169930 -0.600774 0.869400 0.003421 -1.125646 -0.605479 0.368962 -1.410398 0.340639 0.000905 -0.188168 0.852676 0.140784 -1.539179 -0.862785 -0.876785 -0.054623 -0.516314 -0.075186 -0.122666 0.045377 -0.869623 -0.784374 -1.184148 0.077865 -1.196945 0.633581 1.066823 -0.384574 -1.259503 0.318657 -2.580981 -0.275038
saddle -0.239706 0.078683 0.251100 0.069209 0.062506 -0.009293 0.167526 -0.134244 -0.215270 0.032241 0.171875 0.059186 -0.099691 -0.210876 0.191181 0.175015 -0.242832 -0.020968 0.119103 -0.009496 0.110609 -0.067900 -0.089296 -0.171045 0.130348 -0.211476 -0.023669 0.054329 0.224248 0.185209 -0.115735 -0.017915 -0.063568 -0.113537 -0.126085 -0.208831 0.137431 0.107712 -0.296694 0.049995 -0.104754 -0.230311 -0.165834 -0.017991 0.009641 -0.066883 -0.031813 0.192758 -0.018635 -0.156434
safe -0.308425 0.048126 0.499449 -0.163267 -0.058823 -0.309405 0.324681 0.158407 -0.033573 -0.153242 0.384771 0.179545 -0.323376 -0.439894 0.181498 0.090234 -0.194982 0.340440 0.262555 0.160976 -0.038390 -0.070936 -0.181800 -0.403169 0.215153 -0.270678 0.517070 -0.188890 0.126865 0.208539 -0.180940 0.518124 -0.259808 -0.237824 0.195230 -0.151272 0.105076 0.370949 -0.336116 -0.036274 0.161986 -0.263128 -0.338581 0.058247 -0.117577 -0.463463 0.127516 0.227916 -0.164005 -0.104556
said -0.366626 -0.544020 1.575956 -0.040700 -0.143648 -0.861175 -0.475661 -0.270244 -0.411078 -0.041765 -0.157493 -0.986599 0.070232 0.367410 0.904756 0.084634 -0.464814 -0.517015 -0.472080 -0.440883 0.339701 -0.811207 -0.398005 -0.501185 -0.417911 0.796590 -0.230973 1.320831 -0.169979 0.757865 -0.234878 -0.107599 0.170425 0.442625 -0.085929 -1.190558 0.231104 -0.152679 -1.577733 0.077219 0.284935 -0.184297 -0.182057 0.501402 0.403698 -0.639056 -1.001506 -0.020059 -1.092180 -0.841969
sail -0.156887 0.059768 0.467783 -0.022008 0.175957 0.039088 0.036324 0.045287 -0.253832 -0.048410 0.087073 0.211901 -0.243141 -0.551201 0.308492 0.160540 -0.097785 0.444495 0.308441 0.256589 0.049517 -0.344308 -0.132332 -0.246534 0.467128 -0.153515 0.532402 -0.197194 -0.048660 0.517205 -0.243394 0.025568 -0.400565 -0.266759 0.167441 -0.221278 0.375595 0.468947 -0.120552 0.033511 -0.079652 -0.238886 -0.266290 -0.324093 -0.282291 -0.310762 -0.000010 0.440399 0.029669 0.015924
sailed -0.014344 -0.040391 0.224794 0.223979 0.126531 0.104525 0.261659 -0.375394 -0.213437 0.000307 0.094574 -0.200876 0.098159 -0.022937 0.162483 0.138423 -0.187182 -0.089335 -0.067539 -0.126059 0.146437 -0.031117 0.020708 -0.019001 0.017314 -0.216230 -0.191305 0.081690 0.076902 0.133939 0.114934 -0.359979 -0.032914 0.025641 -0.194557 -0.242555 0.206764 -0.183706 -0.315202 0.030992 -0.002093 -0.137000 -0.263231 0.134636 0.076075 0.084822 -0.073539 0.126578 0.004798 -0.283512
sailing -0.146630 0.080582 0.219226 0.153584 0.160090 0.277737 0.082233 -0.109934 -0.178072 0.014241 -0.033747 -0.044442 -0.109137 -0.191770 -0.005257 0.175262 -0.015138 0.036600 0.020142 -0.018655 0.102088 -0.212712 -0.042043 -0.078752 0.216081 -0.157858 0.054840 0.034720 -0.011500 0.175155 0.126728 -0.134371 -0.044856 -0.006644 -0.246888 -0.156751 -0.029490 0.031817 -0.195942 0.028301 -0.003366 -0.102332 -0.427070 -0.061460 -0.150433 -0.001409 0.047941 0.310913 0.164736 -0.160162
sailor -0.364166 0.010402 0.588018 -0.192410 0.087409 -0.364899 0.025543 0.170486 -0.273191 -0.229202 0.213865 0.234281 -0.289967 -0.331275 0.345152 0.137872 -0.167842 0.242524 0.134889 0.352156 -0.142205 -0.186551 -0.152396 -0.215372 0.180896 -0.090703 0.309446 0.075495 -0.264692 0.366963 -0.281165 0.284525 -0.038006 -0.148852 0.245646 -0.393335 0.139174 0.502132 -0.413894 -0.237292 0.024352 -0.199798 -0.186619 -0.377729 0.000522 -0.386479 -0.035683 0.075681 -0.103323 -0.034026
salmon -0.046640 0.022930 0.335009 -0.016040 0.168661 -0.036791 0.226198 -0.057125 -0.106344 -0.073991 0.425984 0.112106 -0.215348 -0.212990 0.201972 0.178842 -0.072561 0.293797 0.076697 0.038532 -0.172988 -0.113772 -0.063208 -0.195972 0.136334 -0.205228 0.228141 -0.018433 -0.024310 0.213953 -0.008342 0.005570 -0.168614 -0.148376 0.011378 -0.127949 0.105598 0.323458 -0.259611 -0.012251 -0.181528 -0.153223 -0.293001 -0.128771 0.021890 -0.190386 0.039042 0.224085 -0.062099 -0.050546
samaritan -0.101029 -0.032262 0.377555 -0.227595 0.022963 -0.193012 -0.127089 0.127161 -0.068390 -0.117349 0.113472 0.240696 -0.263317 -0.250125 0.140966 0.173701 0.090759 0.301027 0.245860 0.264223 -0.064853 -0.131476 -0.086422 -0.086299 0.184245 -0.077447 0.330089 -0.113777 -0.070614 0.239713 -0.169053 0.234986 -0.238297 -0.174326 0.221060 -0.054858 0.127248 0.566703 0.009399 -0.109400 -0.091905 -0.049390 -0.079766 -0.284078 -0.069938 -0.234109 0.042122 0.163947 -0.106064 0.053079
same -0.398125 -0.893206 0.854766 -0.303300 0.497545 -0.323266 0.335683 -0.345081 -0.254560 -0.426219 -0.463204 0.230141 -0.364106 -0.149119 0.432399 0.080205 -0.420508 0.563951 0.272263 0.684686 -0.196060 -0.339632 0.138740 -0.093028 0.138716 -0.608720 0.509973 -0.252761 -0.036294 0.571081 0.030418 0.270631 -0.685485 -0.278011 -0.098189 -0.662775 0.623664 0.422668 -0.487284 -0.329748 0.368435 0.016896 -0.563504 -0.514190 -0.363984 -0.309378 -0.131936 0.028116 -0.006275 -0.460094
san 0.034707 -0.112321 0.211732 0.216461 0.236586 0.310115 0.344470 -0.372145 -0.271673 0.112588 0.027121 -0.103848 0.334614 -0.156319 0.089179 0.453687 0.142231 -0.045037 0.050288 0.030254 0.236146 -0.275714 0.012258 0.015809 0.151489 -0.603380 -0.042676 -0.356471 0.150662 0.011886 0.153232 -0.299356 -0.124692 0.045867 -0.540382 0.141560 0.092998 -0.223519 -0.152804 0.112095 -0.167645 -0.160099 -0.384783 0.100447 -0.000464 0.014165 0.126398 0.301754 0.144806 -0.319652
sand 0.025421 0.116706 0.762978 0.186766 0.258617 -0.063440 0.701391 -0.273408 -0.206278 -0.053372 0.967810 -0.130336 -0.753982 -0.299769 0.365238 0.002871 -0.199877 0.658947 -0.170856 0.103162 -0.515703 -0.199197 -0.182960 -0.428479 0.234570 -0.250142 0.442807 0.400768 -0.266667 0.557965 0.027437 0.117320 -0.215317 -0.281090 0.209253 -0.558199 0.202930 0.415422 -0.750995 -0.346400 -0.164425 -0.322038 -0.680400 -0.172003 0.060396 -0.342583 -0.241961 0.432526 -0.233301 -0.140562
sank -0.277502 -0.110249 0.495613 -0.207074 0.123702 -0.285570 0.113079 -0.228165 -0.302699 -0.021329 0.146097 0.064972 0.082147 -0.159032 0.330401 0.191511 -0.291225 -0.000570 0.142231 -0.098958 0.041511 0.017801 -0.077217 -0.225916 -0.018644 -0.256414 -0.105218 0.054560 0.085940 0.186112 -0.031448 -0.052810 -0.130662 -0.118284 -0.107306 -0.213343 0.290012 0.213787 -0.393518 0.044276 0.009125 -0.229123 -0.044984 -0.080950 0.085663 -0.213095 -0.001249 0.066408 -0.080105 -0.353573
sat 0.192697 -0.262169 0.364134 -0.166947 0.581878 0.069407 0.734224 -0.901518 -0.432136 0.255587 0.574579 -0.535877 0.417295 -0.016538 0.590470 0.069375 -0.411703 -0.025381 0.278675 -1.078513 0.278534 0.227152 -0.108575 -0.753245 0.229337 -0.296900 -0.585141 0.574411 0.813561 0.443557 0.205331 -0.625539 -0.351680 0.253142 -0.938698 -0.508958 0.547814 -0.207406 -0.727109 0.589087 -0.259791 -0.674042 -0.224545 0.926330 -0.210710 -0.204070 -0.544562 0.597672 -0.314750 -0.744785
savage -0.340491 0.153407 0.463583 -0.034658 0.028010 -0.088531 0.006756 -0.103484 -0.288372 0.035005 0.177864 0.137113 -0.164017 -0.280093 0.253638 0.271754 -0.373369 0.054378 0.173890 -0.079243 0.069525 -0.086772 -0.015977 -0.343050 0.220580 -0.202309 0.094427 0.006403 0.260989 0.146028 -0.059668 0.153485 -0.305882 -0.178162 -0.116116 -0.122309 0.035242 0.355287 -0.318967 0.195840 0.017066 -0.093971 -0.315359 -0.258964 0.001442 -0.167788 0.173160 0.252879 0.053792 -0.208046
save -0.210279 0.382740 0.533048 0.058285 -0.003158 -0.204575 0.247323 -0.438739 -0.602472 0.135095 0.314376 -0.221276 -0.410742 -0.112345 0.490508 0.272309 -0.357856 0.180017 0.068639 0.169985 -0.123301 -0.007751 -0.087057 -0.022159 0.131453 -0.229091 0.030462 0.273645 -0.134916 0.271134 -0.129206 -0.291220 -0.318783 -0.281182 0.294628 -0.385087 0.432974 0.264439 -0.429812 -0.303105 -0.200309 -0.255808 -0.247294 -0.391715 0.293732 -0.003702 -0.141315 0.269657 -0.240699 -0.080082
saved -0.177970 -0.053629 0.312206 0.012211 0.183990 -0.343853 0.088819 -0.164368 -0.443583 -0.009841 0.008423 0.026887 0.300103 -0.028902 0.477059 0.139392 -0.433684 -0.197494 -0.113620 -0.035758 0.157821 -0.014859 0.026144 -0.166430 -0.069937 -0.069565 -0.271305 0.131693 0.081408 0.214417 -0.233106 -0.214212 0.089198 0.067970 -0.048876 -0.300072 0.138498 -0.128381 -0.494573 -0.035608 -0.061044 -0.190000 0.088124 -0.242968 0.230669 -0.044201 -0.227506 -0.138355 -0.006108 -0.193241
saw -0.423115 -0.055016 0.732739 -0.387781 0.453849 -1.244072 0.966478 -0.768889 -0.487213 -0.020876 0.428158 -0.050038 -0.277172 0.163124 0.989344 0.258679 -1.458105 -0.067975 -0.149042 0.025445 -0.536504 0.329688 -0.282155 -0.469552 -0.772256 -0.069554 -0.673116 0.605239 0.366115 0.346556 -0.235354 -0.377408 -0.207204 0.065543 0.117084 -0.657040 0.275319 -0.269606 -0.834070 -0.383694 -0.595457 -0.378046 -0.002094 -0.298231 0.812418 0.123422 -0.442102 -0.371592 -0.720239 -0.279357
say -0.822834 0.855292 0.011052 0.904897 0.237346 0.073104 1.002072 -0.792219 -0.562508 -0.345100 0.503729 -0.620262 -0.676864 -0.196549 0.516117 -0.327236 -0.871944 0.227728 -0.675153 0.001363 0.026349 -0.819492 -0.195791 -0.033790 0.032710 -0.403160 -0.442353 0.968968 -0.155442 0.910448 -0.917891 -0.337568 0.157579 -0.318631 0.468565 -1.012466 0.438092 -0.504586 -1.026372 -0.226784 -0.152427 -0.596685 -0.009078 -0.283758 0.536118 0.492336 -0.708222 -0.074870 -0.113565 -0.141732
saying -0.264994 -0.028419 0.491879 0.123749 0.092880 -0.069361 0.126463 -0.229628 -0.346371 -0.037861 0.067987 -0.195932 0.021984 -0.175507 0.191303 0.163740 -0.232760 -0.033426 0.064022 -0.051773 0.287795 -0.233191 -0.078645 -0.151826 0.162777 -0.272515 -0.048633 0.097811 0.124778 0.307492 -0.177177 -0.075052 -0.062367 0.000131 -0.238472 -0.403765 0.157610 0.007073 -0.526867 0.012739 0.000588 -0.217800 -0.224221 0.062485 0.061172 -0.127150 -0.198832 0.149403 -0.014059 -0.439236
says -0.426786 0.166784 0.409068 -0.093364 0.021202 -0.407396 -0.026369 -0.361163 -0.396521 0.028316 0.087564 -0.291161 -0.165666 0.148304 0.273960 0.151125 -0.498752 -0.037350 -0.144588 -0.209473 -0.079513 0.010050 -0.046840 -0.081127 -0.106764 0.046955 -0.225578 0.578149 0.092719 0.229081 -0.082430 -0.059573 -0.170366 -0.199151 0.017318 -0.504207 0.045361 -0.050014 -0.752924 -0.012920 -0.051857 -0.130306 -0.041019 -0.196910 0.377788 0.116459 -0.386220 0.005418 -0.237526 -0.272044
scarcely -0.219484 -0.094515 0.347168 0.078261 0.256855 -0.078673 -0.071786 -0.097459 -0.466370 -0.401924 -0.122150 -0.099088 0.122972 -0.192014 0.275548 -0.041686 -0.262044 0.028829 0.087198 -0.138831 0.265098 -0.256340 0.190259 -0.011607 0.180179 -0.140060 -0.167516 0.059134 -0.235043 0.241939 -0.110102 -0.255997 0.000291 0.078687 0.053202 -0.197622 0.469878 -0.246155 -0.557421 0.057515 0.397609 -0.498722 -0.167001 -0.137001 -0.176141 -0.116873 -0.064079 0.080793 0.269833 -0.283157
scene -0.188207 0.020457 0.461860 -0.076967 0.190418 -0.036164 0.088134 -0.120621 -0.178254 -0.028422 0.195197 0.042851 -0.419005 -0.154074 0.308558 0.223836 -0.293141 0.264150 0.188671 0.094219 -0.157988 -0.158075 -0.050134 -0.223892 0.184529 -0.060933 0.183568 0.241662 0.154937 0.327027 -0.021292 0.058572 -0.295800 -0.182135 0.080860 -0.364709 0.166518 0.349881 -0.264690 0.001354 -0.153580 -0.172677 -0.350091 -0.214397 -0.045310 -0.071533 -0.028527 0.284640 -0.088712 -0.075619
sch -0.109017 -0.127102 0.387740 -0.370344 0.185069 -0.151181 0.157102 -0.168504 -0.321890 0.027033 -0.055227 0.078106 -0.105208 -0.106331 0.215586 0.321408 0.146032 0.236925 0.446326 0.163003 -0.056832 0.016848 -0.140174 -0.038268 0.087498 -0.344538 0.008354 -0.179164 0.010152 0.089182 0.080397 0.000011 -0.258343 -0.082032 0.015388 0.010355 0.296162 0.354446 0.100818 -0.096550 -0.132413 -0.224330 -0.031422 -0.067464 -0.098770 -0.162708 0.186359 0.071756 -0.106073 -0.200589
schooner -0.427698 -0.016136 0.270564 -0.161374 0.304218 -0.263285 0.263132 0.112923 -0.473935 -0.158555 0.180828 0.101455 -0.108057 -0.452033 0.391225 -0.002280 -0.170389 0.590588 0.435901 0.331371 0.021996 -0.245440 0.011064 -0.089658 0.423131 -0.393560 0.306807 -0.389270 -0.106752 0.325532 -0.474052 0.188454 -0.308318 -0.409766 0.203828 -0.139113 0.691314 0.345768 -0.268720 -0.157734 0.136734 -0.691637 -0.008291 -0.320550 -0.312292 -0.434213 -0.081186 0.117441 0.066667 0.094303
score -0.149257 0.132989 0.255584 0.158151 0.075025 0.043454 0.174986 -0.027900 -0.165838 -0.068611 0.402567 0.012834 -0.171063 -0.229422 0.029457 0.240874 -0.041454 0.211947 0.080861 0.088304 -0.029760 -0.239608 0.001282 -0.051011 0.311661 -0.313403 0.241563 -0.128705 -0.059494 0.050944 -0.076465 0.170793 -0.035593 -0.192749 -0.115350 0.004971 -0.061992 0.172285 -0.395503 -0.069758 -0.184520 -0.218076 -0.390341 -0.181338 0.070454 -0.147425 0.021173 0.226426 0.022695 0.015248
scott -0.170145 -0.151444 0.160987 -0.009892 0.175746 -0.048529 -0.079642 -0.021546 -0.188126 -0.307137 -0.194408 0.028607 0.057647 0.046087 0.066888 0.029207 -0.028097 -0.017203 0.030343 -0.018632 0.002334 -0.143236 0.061026 0.046895 0.013946 0.039239 -0.063818 -0.003634 -0.148028 0.161199 -0.052372 0.040478 0.031158 -0.009532 0.044810 -0.152210 0.088173 -0.075718 -0.254764 0.026296 0.197371 -0.106731 0.013441 -0.080227 -0.037339 -0.010144 -0.042513 -0.156549 0.034851 -0.164217
scrambled -0.127129 0.052143 0.304291 0.014932 0.219124 -0.050476 0.444098 -0.335213 -0.274807 0.008908 0.235988 -0.106841 -0.075450 -0.133922 0.341711 0.122757 -0.221218 -0.019963 0.120034 -0.145010 0.055471 -0.030514 -0.247695 -0.200291 -0.088108 -0.272605 -0.182240 0.263226 0.240769 0.281935 0.061259 -0.334596 -0.013582 -0.001021 -0.036814 -0.349738 0.302470 -0.152737 -0.451203 -0.047945 -0.209781 -0.341871 -0.043138 0.261067 0.087606 0.042125 -0.129946 0.168729 -0.089336 -0.343524
scratched -0.185820 -0.231261 0.573934 -0.201911 0.141812 -0.316238 -0.036355 0.009534 -0.104254 -0.042990 0.215671 0.258291 0.020113 -0.263482 0.337894 0.184737 -0.314099 0.069883 -0.043689 -0.069768 -0.052457 -0.033643 -0.106493 -0.371298 -0.078669 -0.101755 0.045195 0.134205 0.008676 0.254611 0.002436 -0.033486 0.013988 -0.013665 -0.090908 -0.233786 0.123392 0.368177 -0.460895 0.029091 -0.077612 -0.149104 -0.239888 -0.225309 0.111789 -0.321855 0.066028 0.109601 -0.022738 -0.275989
screen -0.192544 -0.101354 0.475694 0.008157 0.095619 -0.118553 0.215899 -0.107884 -0.263921 -0.097295 0.179461 0.078257 -0.087292 -0.185675 0.150458 0.365583 0.075748 0.221393 0.157516 0.372021 -0.002562 -0.282040 -0.095460 -0.054773 0.208790 -0.422507 0.306141 -0.333814 -0.108595 0.217516 -0.105244 0.159663 -0.180454 -0.133187 -0.039942 -0.162656 0.122075 0.211919 -0.229542 -0.123311 -0.057988 -0.055650 -0.257401 -0.166184 0.063427 -0.277396 0.062815 0.074408 -0.120368 -0.158078
sea -0.388438 0.094587 0.390264 -0.213075 0.161217 -0.167873 -0.056248 -0.090108 -0.152834 -0.075167 0.367815 -0.005635 -0.702306 -0.336394 0.197325 0.580091 -0.469936 0.797988 0.427363 0.167706 -0.219001 -0.396901 -0.316068 -0.469428 0.306490 -0.412575 0.730820 0.348900 0.476709 0.570254 -0.228197 0.172208 -0.599887 -0.396577 0.152196 -0.920974 0.105029 0.379958 -0.630282 0.104913 -0.826414 -0.152081 -0.275855 -0.412450 0.233086 -0.202993 -0.313343 0.474879 -0.215611 -0.091955
seal -0.216327 -0.024946 0.769539 -0.190748 0.253176 -0.405780 0.193107 0.034610 -0.278093 -0.198085 0.350373 0.420923 -0.390953 -0.344466 0.519231 0.106995 -0.194390 0.363534 0.154431 0.226663 -0.217640 -0.127898 -0.053862 -0.193555 0.172419 -0.043218 0.225770 0.041823 -0.244441 0.353025 -0.113131 0.218584 -0.058914 -0.280986 0.480296 -0.128947 0.261183 0.573580 -0.438100 -0.280290 0.021083 -0.249842 -0.167960 -0.533475 -0.015215 -0.279494 0.176112 0.038869 -0.062190 -0.034232
search -0.242373 0.096618 0.422973 -0.051846 0.036446 -0.148336 0.104822 -0.026693 -0.246246 -0.235404 0.167071 -0.023488 0.034666 -0.233930 0.048335 0.287784 -0.040461 0.253896 0.083662 0.182803 -0.006609 -0.264816 -0.002008 -0.067627 0.226559 -0.312133 0.242592 -0.219644 -0.316113 0.100437 -0.112907 0.212191 -0.119748 -0.140506 -0.014078 -0.014447 -0.031032 0.192543 -0.283684 -0.030785 0.041092 -0.090482 -0.313612 -0.231236 0.076243 -0.273206 0.153975 0.043249 0.038211 -0.083508
seas -0.193575 0.105805 0.776964 -0.367729 0.134194 -0.369728 0.132911 -0.300882 -0.512753 -0.121647 0.064721 0.069510 -0.273346 -0.203725 0.374196 0.424902 -0.105201 0.255599 0.412391 0.202611 0.123633 -0.224793 -0.085630 -0.032545 0.289822 -0.315065 0.137380 0.030218 -0.088074 0.119167 -0.134695 0.135382 -0.153615 -0.041512 0.153865 -0.000819 0.058937 0.332154 -0.415409 -0.204453 -0.234723 -0.185744 -0.243088 -0.416203 0.114246 -0.221841 0.218419 0.209436 -0.182212 -0.271436
seattle -0.170071 0.110720 0.311680 -0.368967 -0.015277 -0.325538 -0.138394 0.132662 -0.079512 -0.101689 0.120439 0.231099 -0.313311 -0.181608 0.199683 0.117903 -0.163954 0.415796 0.252886 0.126129 -0.240293 0.020197 -0.099279 -0.138389 0.168801 0.132950 0.289968 0.032455 -0.048438 0.210049 -0.138188 0.296173 -0.260582 -0.247694 0.335600 -0.116060 0.055927 0.480176 -0.047624 -0.044376 -0.054372 -0.028206 -0.035435 -0.417191 -0.098747 -0.112202 -0.011703 0.112014 -0.059272 0.199419
second -1.058726 0.264784 0.212483 -0.050646 -0.076839 -0.160196 0.380444 0.175191 -0.503020 -0.095337 0.417423 0.380380 -0.623412 -0.530798 0.078695 0.411016 -0.132606 0.307468 0.494954 0.389010 -0.114757 -0.271942 -0.429481 -0.244973 0.421666 -0.790430 0.473218 -0.327109 0.286346 0.269310 -0.451212 0.667574 -0.238103 -0.533123 -0.181129 -0.435119 0.065646 0.617720 -0.454584 -0.022676 -0.235568 -0.431561 -0.227371 -0.230936 -0.087480 -0.349035 -0.108940 0.355012 -0.022553 0.026688
section -0.204597 0.167347 0.338016 0.105469 0.187140 0.116863 0.216420 -0.378131 -0.344213 0.033050 -0.032541 -0.283304 0.271991 -0.079053 0.126126 0.325402 0.040824 -0.088947 -0.164598 0.105561 0.165738 -0.103222 0.065326 0.129419 0.125184 -0.349020 -0.235836 -0.105532 -0.318483 0.156958 -0.008517 -0.353084 0.073916 0.163965 -0.352474 -0.115859 -0.023487 0.054781 -0.131826 -0.126642 0.109405 -0.141466 -0.445917 -0.009705 0.038637 0.013448 0.150650 0.081326 0.112897 -0.293224
see -0.622043 0.952477 0.067657 0.720403 0.452217 0.173804 0.254568 -0.614590 -1.107416 -0.198239 -0.133261 -0.223039 -0.511168 -0.345648 0.622550 0.046865 -0.707580 0.351127 -0.076287 -0.068709 -0.311319 -0.522644 -0.313689 0.002774 0.084970 -0.297532 -0.379948 0.388806 -0.056916 0.612673 -0.590553 -0.682943 -0.372556 -0.549990 0.814214 -0.550039 0.854536 -0.501173 -0.491134 0.213176 0.232152 -0.939057 0.018078 -0.437200 0.210139 0.678693 -0.259799 0.124664 0.207955 -0.135657
seeing -0.248920 0.028184 0.297375 0.137545 0.097521 0.018642 0.118585 -0.144884 -0.250627 0.071800 0.127942 0.102581 -0.044194 -0.282107 0.149742 0.201268 -0.166591 0.120375 0.013009 0.081977 -0.007844 -0.172233 -0.127735 -0.142715 0.149632 -0.293346 0.115819 -0.122420 0.086724 0.299047 -0.141838 -0.083031 -0.243164 -0.191609 -0.138182 -0.250755 0.175270 0.170934 -0.288098 0.026331 -0.059850 -0.126324 -0.173947 -0.164330 -0.009140 -0.064814 -0.104912 0.190153 0.034729 -0.214744
seek -0.341556 0.209152 0.203818 0.044927 0.343041 -0.241586 0.336306 -0.106439 -0.535497 0.210454 0.037734 -0.134836 0.078032 -0.058897 0.663647 0.051865 -0.565517 -0.152673 -0.130429 0.183289 0.046160 0.066927 -0.075347 -0.162737 -0.099960 -0.000575 -0.405809 0.327560 0.200541 0.326881 -0.342046 -0.315215 -0.026915 0.068722 -0.069291 -0.547594 0.404046 -0.135361 -0.393224 -0.191176 0.017367 -0.472193 -0.038673 -0.171115 0.057369 -0.006688 -0.299999 0.008669 -0.009687 -0.062062
seemed 0.193875 0.289330 0.274870 0.267738 -0.090557 -0.256568 0.072607 -0.626285 -0.721390 0.358906 0.364324 -0.499888 -0.506849 -0.002736 0.637520 0.510339 -0.493335 0.179943 0.320230 -0.130569 0.108683 0.265543 -0.288974 -0.109159 -0.129002 -0.435268 -0.124054 0.479785 0.554208 0.099203 -0.071536 -0.782139 -0.308868 -0.308529 0.382171 -0.596115 0.848757 -0.217352 -0.351241 -0.166267 -0.873499 -0.619312 0.096199 -0.191366 0.773662 0.323581 -0.526854 0.554891 -0.140785 -0.238001
seen -0.755687 -0.094223 0.490776 0.065476 0.825846 -0.097319 0.173877 0.000757 -1.080316 -0.980235 0.098851 0.285890 -0.062875 -0.027552 0.398482 -0.127581 -0.202014 -0.173430 0.007112 -0.171774 0.290377 -0.309141 0.539975 0.158505 0.408948 -0.162042 -0.465301 -0.254710 -0.804285 0.539595 0.067550 -0.469652 0.299113 0.330641 -0.016739 -0.239585 0.180487 -0.127421 -1.132758 -0.032223 0.691845 -0.613492 -0.268698 -0.595157 -0.236330 -0.000596 0.213877 -0.162538 0.648873 -0.210603
self -0.278366 0.185941 0.324064 0.101821 -0.001805 -0.044273 0.051047 -0.275635 -0.372041 -0.034858 0.059209 0.080805 -0.016594 -0.264442 0.230011 0.237151 -0.276478 0.062147 0.115283 -0.010755 0.136134 -0.193446 -0.044980 -0.125441 0.190427 -0.324715 0.041205 -0.136315 0.049027 0.231780 -0.237034 -0.061393 -0.308634 -0.211610 0.008328 -0.085899 0.177430 0.276197 -0.188461 0.187974 -0.039992 -0.058961 -0.135646 -0.256872 0.136779 -0.025634 0.054994 0.153701 0.028543 -0.169113
sell -0.451977 0.279258 0.192134 0.160562 0.068376 0.039086 -0.097389 -0.161892 -0.427491 -0.159823 -0.089734 -0.046325 -0.050235 -0.135812 0.168763 0.058372 -0.291364 -0.136012 -0.059744 -0.005441 0.034538 -0.272063 -0.005788 0.043444 0.118523 -0.012292 -0.186043 0.206022 -0.258451 0.234750 -0.127886 -0.172775 -0.011814 -0.152651 0.054762 -0.191388 0.129417 -0.002382 -0.341049 0.087021 0.132132 -0.213828 -0.094867 -0.284705 0.069443 0.129708 -0.035426 0.057185 0.130799 -0.087588
send -0.285483 0.353069 0.066426 -0.001500 0.003298 -0.097181 0.134019 -0.265392 -0.422066 0.185826 0.056394 -0.154262 0.048883 -0.164511 0.221544 0.251964 -0.240699 -0.030061 0.140400 -0.039383 0.146889 0.060511 -0.154725 -0.022148 0.106290 -0.244609 -0.175561 0.053895 0.133712 0.067305 -0.190226 -0.204476 -0.072177 -0.069563 -0.061464 -0.132568 0.150613 -0.043568 -0.131497 -0.013612 -0.173224 -0.353171 -0.051921 -0.050697 0.137393 0.050134 -0.084536 0.209376 -0.014938 -0.055061
sent -0.563227 0.231833 0.535482 -0.376027 -0.206345 -0.676294 0.063160 -0.207688 -0.550040 0.318884 0.227417 0.044731 0.022104 -0.264988 0.350385 0.331890 -0.527985 -0.061913 0.167013 0.041223 -0.091769 0.395189 -0.363055 -0.259524 -0.116353 -0.407672 -0.133438 0.141037 -0.003662 0.095661 -0.247816 -0.037291 -0.065391 -0.171854 0.053045 -0.360932 0.192282 0.323294 -0.511141 -0.266601 -0.233725 -0.359410 0.107186 -0.245183 0.402797 -0.257521 -0.083314 0.048152 -0.152441 -0.385900
service 0.099324 0.135477 0.249105 0.459533 0.032659 0.237649 0.272906 -0.284537 -0.182130 0.041632 0.470330 -0.117895 -0.226450 -0.226818 0.088044 0.143813 0.112782 0.278785 -0.120577 0.056009 0.012598 -0.172157 0.039228 0.038383 0.218340 -0.437733 0.185804 -0.114478 -0.154694 0.213640 -0.005320 -0.259504 -0.158729 -0.287870 0.109655 -0.080429 0.322375 0.152760 -0.281229 -0.164124 -0.156658 -0.178901 -0.322456 -0.100102 0.121676 -0.018686 -0.087514 0.318250 -0.004088 -0.120840
set -0.184709 -0.094004 0.327853 0.172526 0.456465 0.197606 0.163290 0.040680 -0.006435 -0.243683 0.366428 0.044540 0.078779 -0.448063 0.247414 0.065130 0.182112 0.318714 -0.105934 -0.050312 0.573818 -0.673174 0.129088 -0.459970 0.456684 -0.474050 0.186987 -0.038317 0.111324 0.616597 -0.263659 0.071253 -0.090910 -0.110349 -0.340375 -0.208530 0.225990 0.423422 -0.335937 0.142033 0.125579 -0.320540 -0.313720 -0.175410 -0.019217 -0.301568 0.038771 0.301128 0.376771 -0.430863
seven -0.407467 -0.120941 0.282305 0.385458 0.112137 0.293918 0.062018 -0.273520 -0.262150 -0.444555 -0.145402 0.059240 -0.002693 -0.191282 -0.294317 0.143864 -0.107219 -0.094600 -0.015208 -0.066884 0.199802 -0.472693 0.179473 -0.015937 0.236465 -0.573029 0.052324 -0.270382 -0.053551 0.058826 0.147987 0.108481 -0.247177 -0.231104 -0.326237 0.072752 -0.133518 -0.116712 -0.792146 0.175391 0.228268 -0.029375 -0.348388 -0.144070 0.076538 0.097069 0.043175 -0.004978 0.300290 -0.520299
seventeen -0.095522 -0.107296 0.251646 0.204883 0.240298 0.185679 0.318894 -0.312221 -0.189138 -0.055279 0.108464 -0.090136 0.082558 -0.121078 0.098038 0.288279 -0.128561 0.018411 0.037235 -0.002043 0.042239 -0.203967 0.045902 -0.023274 0.103210 -0.446886 -0.004674 -0.063067 0.044012 0.042850 0.175842 -0.194832 -0.001347 -0.062632 -0.322447 -0.109180 0.075084 -0.113914 -0.421714 0.036760 -0.091484 -0.175796 -0.447582 0.037473 0.023817 -0.014577 0.094004 0.162725 0.115515 -0.311322
several 0.275363 -0.344568 0.532148 0.312354 0.271248 -0.048779 0.502662 -0.269215 -0.289700 0.024935 0.442359 -0.116654 0.212089 0.043201 0.308225 0.145345 0.144630 -0.175897 0.188468 -0.039664 0.505180 -0.213065 0.210689 0.077098 0.265883 -0.352366 0.067002 -0.303406 0.264021 -0.044340 0.182447 0.034075 0.090113 0.037101 -0.382376 0.157295 0.065486 -0.359570 -0.739199 -0.232295 -0.166067 -0.206668 -0.169078 0.193845 0.136156 -0.085454 -0.200943 0.119385 -0.017793 -0.302776
shadow -0.361195 0.329752 0.517096 0.293832 -0.032039 -0.142171 0.297076 -0.165883 -0.384201 -0.249612 0.765117 0.011420 -0.551927 -0.299714 0.093380 -0.005352 -0.199267 0.475593 -0.065144 0.123735 -0.198262 -0.281310 -0.112769 -0.023581 0.400740 -0.334019 0.313424 0.082970 -0.264316 0.427027 -0.368673 0.316187 -0.137005 -0.500810 0.302852 -0.467954 0.124214 0.324515 -0.798455 -0.205963 0.003227 -0.199641 -0.219980 -0.352149 0.139266 -0.152589 -0.331476 0.112177 -0.122368 -0.167531
shadows -0.122996 -0.030920 0.602488 0.030432 0.265910 -0.096643 0.088851 -0.230607 -0.347011 -0.202938 0.391016 -0.170019 -0.049458 -0.151038 0.129441 0.085115 -0.039029 0.440564 -0.057492 -0.068500 -0.050030 -0.326202 0.196324 -0.015217 0.368005 -0.231377 0.109079 -0.009033 -0.468962 0.194335 0.031635 -0.030858 -0.155145 -0.194124 -0.021261 -0.079293 0.208578 0.093393 -0.689742 -0.152446 0.170840 -0.328474 -0.448004 -0.309793 -0.050914 -0.307915 -0.021626 0.100061 0.050268 -0.237863
shaking -0.090021 0.018202 0.254475 -0.006997 0.069879 0.031839 0.119893 -0.337672 -0.303966 0.005732 0.011268 -0.191198 0.045160 -0.012126 0.162304 0.295505 -0.060142 0.030734 0.169000 -0.066877 0.253115 -0.176661 0.098611 0.091929 0.232114 -0.161397 -0.109570 -0.074062 0.048198 -0.019035 0.075733 -0.090861 -0.098132 0.064733 -0.199817 0.072440 0.064819 -0.142916 -0.125686 0.043627 -0.033763 -0.118352 -0.275182 -0.053452 -0.085688 -0.016967 0.107973 0.186792 0.004052 -0.093729
shall -0.586641 0.114804 1.011303 -0.240975 0.610035 -0.873614 0.128034 -0.247182 -0.778469 0.294432 0.412720 -0.635940 0.196077 0.583044 0.821255 -0.404749 -0.848417 -0.119833 -0.554829 -0.455580 0.058902 0.366787 0.494315 -0.324023 -0.030020 0.488842 -0.791425 0.669201 -0.392706 0.445989 -0.169360 0.013054 0.140368 0.141856 -0.047020 -0.730784 0.214464 0.152879 -1.143182 -0.230774 0.784290 -0.352071 -0.018485 -0.432625 0.354142 -0.518487 -0.064179 -0.747053 -0.060776 -0.583426
shallow -0.172040 -0.031963 0.279215 -0.035654 0.151130 -0.021978 0.153931 -0.110284 -0.210514 0.024895 0.187342 0.044910 0.035235 -0.170817 0.152546 0.238312 -0.074757 0.071475 0.112206 0.018260 0.063650 -0.101321 -0.037328 -0.139966 0.175200 -0.295459 0.028321 -0.132858 0.119113 0.134393 -0.041025 -0.012286 -0.140580 -0.049780 -0.257544 -0.089905 0.077352 0.172000 -0.223657 0.059417 -0.079907 -0.156483 -0.234353 -0.027290 -0.034419 -0.174047 0.040199 0.167882 -0.006384 -0.186905
shanklin -0.236673 0.117155 0.285412 0.148649 0.123743 0.029517 0.032101 -0.257336 -0.466637 -0.296425 0.067789 -0.230780 0.050819 0.018029 -0.064615 0.298166 -0.010501 0.328582 0.187524 -0.052450 0.198753 -0.436634 0.175977 0.268022 0.457697 -0.262160 0.053888 -0.180904 -0.157612 0.059154 -0.231073 0.256086 -0.235433 -0.286845 -0.025913 -0.094700 0.083195 -0.073285 -0.439663 0.125340 0.261281 -0.117808 -0.313450 -0.221288 -0.103681 -0.067908 0.008749 0.039442 0.034510 -0.098456
share -0.014581 0.196523 0.245279 0.052832 0.106971 -0.041906 0.098133 -0.309653 -0.444622 0.076304 -0.019355 -0.272997 -0.158449 0.056552 0.390461 0.233873 -0.102064 0.069042 0.196961 0.034976 0.163078 -0.103878 -0.006242 0.082677 0.144288 -0.043994 -0.121145 0.167462 0.086781 0.147606 -0.124976 -0.280918 -0.138436 -0.034536 0.192250 -0.213163 0.358076 -0.045589 -0.088245 -0.076563 -0.127137 -0.272428 -0.047532 -0.100571 0.080100 0.079641 -0.083162 0.176382 -0.148257 -0.012421
shark -0.377489 0.153389 0.383811 -0.208429 -0.078151 -0.198782 -0.252711 0.110157 -0.208994 -0.075243 0.074201 0.312587 -0.333629 -0.300565 0.032201 0.379994 -0.007790 0.357305 0.331372 0.280486 -0.128337 -0.196818 0.044534 -0.037157 0.360227 -0.221477 0.436842 -0.262105 -0.130605 0.007988 -0.124062 0.409983 -0.382212 -0.442605 0.247320 0.114022 0.026064 0.574022 -0.224593 -0.070545 -0.012589 -0.089568 -0.155662 -0.562370 -0.019319 -0.253122 0.282379 0.160043 -0.051165 0.072770
sharks -0.169994 0.307641 0.458615 0.060834 0.100600 0.133806 0.171288 -0.162833 -0.314330 -0.008407 0.112643 -0.060058 -0.520288 -0.342895 0.382816 0.157182 -0.166309 0.304585 0.199567 0.193976 0.010319 -0.214932 -0.155942 -0.069442 0.316767 -0.031190 0.246343 0.279895 -0.023038 0.450011 -0.067336 -0.197113 -0.245580 -0.156186 0.321942 -0.420922 0.345975 0.202395 -0.259975 -0.160076 -0.064597 -0.253641 -0.347035 -0.195126 -0.241982 -0.024063 -0.020641 0.455172 -0.030541 -0.056706
sharp -0.383716 -0.030898 0.379070 0.153248 0.101441 -0.089181 0.443442 -0.025425 -0.196999 0.100369 0.501266 0.232502 0.017511 -0.457667 0.248184 0.348823 -0.198167 0.031943 -0.027841 0.127996 0.111286 -0.261737 -0.231929 -0.374419 0.214767 -0.502777 0.237351 -0.228124 0.248981 0.290553 -0.153154 0.113993 0.057594 -0.073791 -0.454811 -0.188178 -0.027984 0.177782 -0.483028 0.007875 -0.246741 -0.271588 -0.372457 -0.038425 0.102456 -0.342093 -0.008506 0.301430 -0.005437 -0.142919
sharply -0.277218 0.042146 0.353037 -0.112262 0.079933 -0.103617 0.017804 -0.166309 -0.278367 0.001464 -0.056201 -0.137927 0.008385 -0.121447 0.184134 0.215597 -0.267008 0.081780 0.197868 -0.051777 0.091055 -0.144790 -0.081750 -0.164381 0.146531 -0.197088 0.028601 0.128384 0.165930 0.144773 -0.088083 0.051630 -0.243861 -0.112185 -0.135879 -0.260802 0.156367 -0.010549 -0.353449 0.085925 0.067551 -0.143869 -0.173242 -0.037065 -0.043816 -0.152610 -0.022600 0.152722 -0.014390 -0.319340
she -1.341378 0.592133 -0.199707 -0.152927 -0.083539 -0.191488 -0.426673 0.315771 -0.385245 -0.361665 -0.678125 -0.031922 0.022253 -0.507001 -0.186188 0.233499 -0.646363 0.631099 0.453084 0.059663 0.448571 -0.701784 0.213394 0.180309 0.928289 -0.108620 0.377284 -0.260670 0.345296 0.131551 -1.147121 1.054252 -0.632439 -0.797924 -0.030680 -0.128877 -0.201493 -0.011492 -0.489965 0.495050 0.595717 -0.363921 -0.099993 -0.594495 -0.638899 -0.074621 -0.196365 0.028434 0.273461 0.241573
sheet -0.205072 0.046356 0.539668 -0.349147 0.157730 -0.291805 0.166004 -0.003781 -0.343015 -0.166102 0.294062 0.155176 -0.316032 -0.211131 0.261253 0.304917 0.137023 0.391161 0.392617 0.223680 -0.090586 -0.251174 -0.167621 -0.153567 0.329336 -0.265179 0.375901 -0.137558 -0.081593 0.241811 -0.053017 0.313325 -0.303688 -0.143358 0.084643 -0.046563 0.090042 0.371111 -0.311650 -0.156648 -0.122501 -0.174947 -0.135279 -0.262615 -0.051390 -0.303871 0.074201 0.209668 -0.129937 -0.022219
shell -0.154780 -0.061578 0.556829 0.016442 -0.004313 -0.141188 0.022043 -0.062333 -0.179931 0.086334 0.315807 0.131251 -0.148562 -0.249083 0.228265 0.345889 -0.163592 0.021609 0.010881 0.153341 0.026039 -0.055024 -0.103072 -0.316793 0.157955 -0.264148 0.173082 0.020351 0.035656 0.202192 -0.062377 0.073254 -0.056240 -0.106701 -0.185754 -0.263938 0.054955 0.508033 -0.178730 -0.053694 -0.185613 -0.053814 -0.321254 -0.266264 0.245322 -0.272376 0.088366 0.216018 -0.063510 -0.249594
shells -0.216348 -0.044487 0.320720 0.048257 0.194684 -0.066071 0.168131 -0.215280 -0.280687 -0.181199 0.277224 -0.058032 -0.100811 -0.082706 0.248322 0.192695 0.009771 0.156949 0.070661 -0.012206 0.175580 -0.505280 0.072020 -0.105039 0.225059 -0.332449 0.126010 0.031169 0.049321 0.229083 -0.050858 0.175384 -0.128876 -0.188275 -0.122499 -0.014194 0.120197 -0.010877 -0.532677 0.051196 -0.100412 -0.182897 -0.092422 -0.248820 0.125167 -0.117192 -0.036568 0.121679 0.069750 -0.155665
ship -0.307827 -0.074339 0.505487 -0.015008 0.156828 -0.236319 -0.029835 0.204838 -0.166991 -0.195632 0.326601 0.196069 -0.341290 -0.367667 0.226506 0.016463 -0.285519 0.477253 0.034608 0.232335 -0.257781 -0.240909 0.008237 -0.262152 0.269481 -0.140359 0.417480 0.056466 -0.225206 0.368647 -0.240062 0.251229 -0.197795 -0.346876 0.138474 -0.366954 0.280534 0.465302 -0.536157 -0.146925 0.054901 -0.339698 -0.296070 -0.462062 -0.046272 -0.367182 -0.147566 0.169137 0.040169 -0.029623
shirt -0.321424 0.095860 0.483934 -0.014512 0.158135 -0.097456 0.244693 -0.162604 -0.373054 -0.092462 0.400718 0.017366 -0.109965 -0.243653 0.317182 0.188819 -0.212395 0.039073 0.128805 -0.159076 0.133847 -0.167819 -0.026061 -0.330682 0.312814 -0.204139 0.043499 0.001225 0.085556 0.296961 -0.002320 0.106526 -0.149158 -0.032463 -0.205387 -0.183319 0.090275 0.192263 -0.445233 0.127348 0.115548 -0.235778 -0.345946 -0.065246 -0.084041 -0.303527 0.076281 0.265082 0.027955 -0.178879
shoes -0.368879 0.126547 0.399878 -0.049283 0.136986 -0.212984 0.118934 -0.143941 -0.324705 -0.055292 0.269813 0.191792 -0.051184 -0.226591 0.380293 0.095120 -0.393172 -0.019597 0.071815 -0.128571 0.009609 -0.058495 0.002653 -0.304184 0.094108 -0.124204 -0.076035 -0.014376 0.057523 0.261935 -0.134409 0.042110 -0.173419 -0.159305 0.030385 -0.083489 0.161629 0.327236 -0.310933 0.132266 0.113883 -0.174348 -0.086287 -0.244781 0.085234 -0.170188 0.157534 0.026633 0.022866 -0.138279
shook -0.278032 -0.233269 0.750127 -0.587318 0.109418 -0.867743 0.101453 -0.293159 -0.347819 -0.076487 0.218227 0.017484 0.220750 -0.215522 0.601809 0.312843 -0.620774 0.088594 0.206397 -0.362763 0.009626 -0.005425 -0.270220 -0.471759 -0.227370 -0.056043 -0.194774 0.305155 0.159577 0.155060 -0.081109 0.000584 -0.063635 0.037571 -0.028286 -0.135519 0.237028 -0.010215 -0.797459 0.102467 -0.189364 -0.410307 0.027958 -0.012025 0.195583 -0.407661 -0.092245 -0.021230 -0.370514 -0.391662
shore -0.047385 -0.105959 0.457249 -0.309592 0.537300 -0.003791 0.218267 -0.153043 -0.450082 -0.153524 0.051681 0.141270 0.013944 -0.366569 0.418387 0.412396 0.091272 0.416397 0.497533 -0.070580 0.059253 -0.286750 -0.178096 -0.202979 0.398524 -0.251707 -0.022315 -0.213729 0.104530 0.279597 -0.050855 -0.016734 -0.166819 0.091191 -0.217137 0.097054 0.279612 0.343170 0.079047 0.175094 -0.134870 -0.554089 -0.307154 -0.080660 -0.337569 -0.244337 0.211781 0.328719 0.126301 -0.104129
short -0.248879 0.359260 0.271821 0.329409 0.243320 0.027128 0.423876 -0.215135 -0.468583 -0.094853 0.489814 -0.095920 -0.328413 -0.108994 0.217215 0.187885 -0.117825 0.163162 -0.058868 0.109702 -0.029339 -0.215582 0.002342 -0.065624 0.245847 -0.388620 -0.005615 0.140753 -0.057759 0.196054 -0.205387 0.046411 0.064911 -0.211059 0.090056 -0.270624 0.001587 0.209394 -0.610330 -0.195990 -0.234660 -0.353480 -0.256450 -0.309265 0.382621 0.050770 -0.073058 0.061417 0.039590 -0.097978
shot -0.206285 0.113816 0.603556 -0.209505 0.218665 -0.198299 0.172512 -0.036512 -0.411067 -0.042847 0.171460 -0.024089 -0.008232 -0.329831 0.647206 0.069275 -0.375074 0.065794 0.101505 -0.133956 0.209187 -0.133427 -0.220008 -0.363802 0.070771 0.079085 -0.132494 0.350570 -0.019583 0.461059 -0.128184 -0.265623 -0.075458 0.004696 0.103301 -0.328841 0.405265 0.184865 -0.285045 -0.002536 0.110584 -0.343250 -0.212515 -0.072386 -0.148849 -0.277256 -0.002091 0.209034 0.003283 -0.270480
should -0.711645 0.396169 0.820490 -0.456244 0.308655 -0.886122 -0.069044 -0.689228 -1.045853 0.210390 -0.105452 -0.752378 0.214583 0.554409 0.509834 -0.085451 -0.896425 -0.072315 -0.414532 -0.190554 -0.283113 0.205090 0.453308 0.131426 -0.080813 0.150088 -0.763633 0.857163 -0.791395 0.183783 -0.056335 -0.272255 -0.169138 -0.117086 0.120579 -0.568834 0.221119 -0.305920 -1.396470 -0.557400 0.661165 -0.242699 -0.025220 -0.664773 0.339059 -0.136263 -0.177369 -0.526786 -0.191058 -0.621514
shoulder -0.468905 0.298051 0.150669 0.097101 -0.060629 0.024596 0.161908 -0.072657 -0.242617 0.075141 0.209841 0.259133 -0.197367 -0.448030 0.243777 0.197995 -0.399019 0.056913 0.175170 0.000602 0.130810 -0.079360 -0.116443 -0.318325 0.165314 -0.331688 0.160264 -0.213799 0.347220 0.207028 -0.258494 0.083712 -0.344571 -0.290678 0.061335 -0.023615 0.192791 0.321805 -0.137971 0.251780 -0.051420 -0.226102 -0.140940 -0.185527 -0.054820 -0.097799 0.184712 0.287420 0.061475 0.006473
shoulders -0.613432 0.369788 0.535269 -0.323795 0.090282 -0.508756 0.304370 0.037231 -0.404545 -0.003546 0.746765 0.443449 -0.087734 -0.719502 0.579158 0.211219 -0.730232 0.144416 0.117595 -0.464007 0.115957 0.170820 -0.328308 -0.847342 0.111919 -0.287347 -0.043176 0.010666 0.400492 0.352690 -0.405914 0.165038 -0.180227 -0.083190 0.007002 -0.098459 0.024475 0.652692 -0.556308 0.373804 -0.092528 -0.500553 -0.268437 -0.170710 0.098329 -0.486408 0.245937 0.335690 -0.016685 -0.174408
shouted -0.128573 -0.282927 0.366740 -0.044035 0.222825 -0.271240 0.094151 -0.180468 -0.229255 0.061475 0.207618 -0.149761 0.073262 0.023954 0.413997 0.018229 -0.440374 -0.083214 -0.108470 -0.250859 0.050126 0.075825 -0.039098 -0.345768 -0.161117 -0.091265 -0.222643 0.419726 0.283840 0.273281 -0.055057 -0.191436 -0.058226 0.025327 -0.333552 -0.548841 0.326197 0.010972 -0.551869 0.055015 -0.069064 -0.278677 -0.061873 0.056111 0.175170 -0.151496 -0.391679 0.113558 -0.052868 -0.395263
shoved -0.271334 -0.034037 0.626457 -0.425679 0.151530 -0.546504 0.052138 -0.174653 -0.441399 0.041844 0.179484 0.214984 0.033651 -0.243000 0.623946 0.207325 -0.464251 0.048545 0.276356 -0.066868 0.084887 0.076796 -0.113449 -0.335634 0.055056 -0.141314 -0.088046 0.022320 0.197836 0.251632 -0.245373 0.036096 -0.276908 -0.080682 0.014820 -0.119986 0.301383 0.432386 -0.305249 0.037472 -0.087999 -0.271511 0.039204 -0.315416 0.108967 -0.301818 0.041447 0.084533 -0.129610 -0.220954
shovel -0.209685 -0.352029 0.674508 -0.196514 0.171783 -0.221402 -0.159559 0.039455 -0.129357 0.327164 0.323145 0.493026 0.041933 -0.412116 0.465343 0.272005 -0.381903 -0.060466 0.088771 -0.042746 -0.142317 0.127309 -0.191596 -0.514860 0.026490 -0.146394 -0.025595 0.205257 0.271714 0.277156 0.066317 -0.014966 -0.045604 -0.219341 -0.441288 -0.298708 0.221551 0.724306 -0.371211 0.021579 -0.250793 -0.272766 -0.251743 -0.274842 0.034555 -0.332436 -0.019713 0.318709 0.088672 -0.391059
show -0.310058 0.435227 0.069402 0.301709 0.070891 0.006442 0.456877 -0.271126 -0.530069 0.073279 0.244963 -0.217999 -0.215921 -0.165984 0.270690 0.089096 -0.124989 0.174178 0.048890 0.172272 -0.143457 -0.216234 -0.223012 0.061982 0.164850 -0.358510 0.074772 -0.001324 -0.101557 0.219617 -0.183207 -0.251908 -0.143931 -0.260879 0.215080 -0.287321 0.425897 -0.290689 -0.408113 -0.203420 -0.007677 -0.474134 -0.059047 -0.020521 0.058502 0.071343 -0.207141 0.189156 -0.105966 -0.006751
showed -0.303199 0.214139 0.502898 -0.395890 -0.138923 -0.636530 0.001571 -0.330765 -0.415770 0.044010 0.090978 -0.241224 -0.272526 0.142596 0.272341 0.322050 -0.454397 0.081616 0.200988 -0.044703 -0.227187 0.251662 -0.246845 -0.127351 -0.190557 -0.070858 -0.064059 0.447739 0.022604 0.013422 -0.000996 0.031959 -0.120014 -0.161273 0.324245 -0.394187 0.063037 -0.020177 -0.476113 -0.218357 -0.221398 -0.112715 0.074959 -0.227724 0.465473 0.032276 -0.138274 -0.038061 -0.275575 -0.245259
shut -0.137013 -0.116681 0.310174 -0.010097 0.021674 -0.272005 0.016300 -0.025803 -0.168682 0.013398 0.143778 -0.122199 0.185872 -0.128414 0.179819 0.030865 -0.183218 0.037867 -0.030094 -0.105954 0.075684 -0.152262 -0.109995 -0.197036 0.053408 -0.052865 0.035903 0.057074 0.018253 0.229119 -0.230432 0.019148 -0.030966 -0.016596 -0.131812 -0.225192 0.130358 -0.057329 -0.398986 0.043052 0.053237 -0.204429 -0.002407 0.139873 0.043090 -0.299802 -0.293594 0.011815 -0.194220 -0.209187
sick -0.489290 -0.055409 0.372680 -0.101892 0.106827 -0.255799 -0.069589 -0.125119 -0.430800 -0.107284 0.048621 0.043655 -0.036454 -0.093431 0.316595 0.116544 -0.357968 -0.102000 0.077113 -0.012387 0.109218 -0.164616 -0.006683 -0.100524 0.138374 -0.163480 -0.130393 0.185799 -0.003029 0.264982 -0.237065 0.068096 0.026798 -0.091739 -0.179635 -0.381665 0.169973 0.158585 -0.468116 0.032435 -0.011037 -0.268923 -0.051878 -0.293930 0.109461 -0.154648 -0.209339 0.047572 0.049754 -0.209311
side -0.006495 0.343217 0.856893 -0.126178 0.295474 0.080032 0.997466 -0.672290 -0.384105 0.455378 0.984304 0.380039 -0.085271 -1.031163 0.602688 0.831860 -0.183591 0.502722 0.163280 0.123464 -0.088090 0.041746 -0.473556 -0.656924 0.283197 -0.847000 0.150325 -0.536769 0.372516 0.547675 0.001557 -0.338970 -0.446926 -0.117814 -0.189723 0.098879 0.320134 0.725838 0.006819 -0.032559 -0.409630 -0.532873 -1.006228 0.068583 -0.260383 -0.453397 0.519506 0.901120 -0.171990 -0.194339
sides -0.014470 -0.042199 0.690028 -0.055072 0.329428 -0.040654 0.222971 -0.335475 -0.357112 0.153422 0.284862 0.160229 -0.466084 -0.419302 0.459404 0.310564 -0.261205 0.377563 0.081675 0.033084 -0.263172 -0.156753 -0.212750 -0.403864 0.204492 -0.230043 0.182024 0.296799 0.067843 0.429301 0.088184 -0.210317 -0.302296 -0.186125 -0.029266 -0.322166 0.340694 0.443087 -0.460111 -0.147912 -0.276389 -0.380260 -0.573541 -0.346294 -0.072160 -0.191069 -0.075108 0.563611 -0.108840 -0.252544
sight -0.233968 0.206105 0.315017 0.259362 0.099227 0.083856 0.445931 -0.070436 -0.165262 -0.179658 0.763697 -0.089802 -0.740490 -0.228413 0.000702 0.282034 -0.090789 0.485821 -0.007620 0.244055 -0.439659 -0.337298 -0.067304 -0.256972 0.303130 -0.448238 0.562946 0.101517 -0.074214 0.275108 0.135845 0.257825 -0.359677 -0.404691 0.013902 -0.287413 -0.063279 0.099515 -0.713505 -0.219995 -0.327647 -0.286506 -0.655600 -0.232236 0.199116 -0.094112 -0.197199 0.483279 -0.068577 0.050804
sign -0.128981 0.041483 0.146512 0.088457 -0.030454 -0.069497 0.029484 -0.121398 -0.206181 -0.145562 0.291057 -0.111307 -0.055062 -0.001916 -0.120042 0.079180 0.042956 0.161374 -0.043984 -0.068480 -0.044895 -0.100404 0.082964 0.043338 0.189314 -0.274231 0.073937 -0.087603 -0.177004 -0.002417 0.031999 0.125413 -0.094151 -0.141637 -0.098558 -0.012443 0.004077 -0.020889 -0.417577 -0.028519 0.035844 -0.107945 -0.112343 -0.138239 0.141805 -0.073299 -0.143180 0.043721 0.040541 -0.109818
silence -0.187003 -0.058129 0.439594 -0.091858 0.221204 0.077251 0.300984 -0.020079 -0.232581 -0.262913 0.512432 0.070547 -0.286661 -0.241451 0.078544 0.187160 0.206597 0.413187 0.420175 0.092376 -0.005584 -0.413775 -0.068751 -0.097039 0.554922 -0.314753 0.438435 -0.172737 -0.095102 0.303041 0.029361 0.298745 -0.127590 -0.183700 -0.221376 -0.129248 0.104805 0.232601 -0.377018 -0.061325 -0.164777 -0.279117 -0.376818 -0.030426 -0.236861 -0.337947 -0.033806 0.380711 -0.021403 0.003313
silently -0.070359 -0.031023 0.369833 -0.073594 0.292422 0.010393 0.226378 -0.242355 -0.292072 -0.103591 0.066478 0.100881 0.004219 -0.188502 0.218072 0.253511 -0.020892 0.125604 0.229322 -0.019685 0.134054 -0.177212 -0.044966 -0.120136 0.212576 -0.271488 -0.012784 -0.138045 0.098029 0.190134 0.014630 -0.035468 -0.112417 0.026881 -0.156161 0.004379 0.066800 0.114851 -0.213558 0.068946 -0.071172 -0.198216 -0.238227 -0.054911 -0.071987 -0.086882 0.132896 0.176045 0.041102 -0.209851
simple -0.173591 0.039674 0.185620 0.243481 0.080186 0.061759 0.108762 -0.174497 -0.205609 -0.071176 0.048688 -0.103386 0.039632 -0.121673 0.049086 0.058149 -0.121056 0.026431 -0.101824 0.007022 0.043609 -0.201031 -0.057528 -0.011728 0.082086 -0.238377 -0.052249 0.017676 -0.056359 0.188435 -0.135171 -0.107172 -0.047451 -0.108551 -0.090558 -0.255124 0.151153 -0.037728 -0.315051 0.008390 0.074712 -0.144539 -0.122609 -0.017966 0.059708 -0.005991 -0.153959 0.022071 0.024530 -0.268558
since -0.270975 -0.159549 0.287019 0.072979 0.127692 -0.056520 -0.043240 -0.113866 -0.251547 -0.137558 0.044251 -0.018092 0.071141 -0.106231 0.091026 0.195501 -0.130849 -0.036906 0.049102 -0.090953 0.175628 -0.180774 0.014627 -0.037055 0.097080 -0.223758 -0.022383 0.044708 0.044541 0.205698 -0.018252 -0.113016 -0.007462 -0.079325 -0.217612 -0.295252 0.127090 -0.020733 -0.548963 0.032807 -0.011597 -0.214488 -0.157338 -0.011187 0.050717 -0.051555 -0.168741 0.127423 0.057719 -0.273273
sink -0.221475 0.288730 0.390709 -0.076201 0.015453 -0.078769 0.199819 -0.232544 -0.252308 0.197500 0.208732 0.110575 -0.517994 -0.439013 0.498644 0.120996 -0.318657 0.292666 0.302468 0.114164 -0.063749 -0.063862 -0.269616 -0.170366 0.143307 -0.123320 0.126633 0.305678 0.211820 0.336780 -0.146777 -0.133818 -0.223279 -0.375949 0.459005 -0.246235 0.531569 0.310689 -0.185463 -0.200488 -0.199866 -0.421405 -0.055243 -0.179415 -0.136685 -0.013333 0.031601 0.435695 -0.147673 -0.048977
sitting -0.084537 -0.052859 0.284574 0.006924 0.113215 0.079271 0.170430 -0.094199 -0.139363 0.008840 0.226991 0.128703 -0.095893 -0.344046 0.168963 0.124527 0.052921 0.183008 0.149072 -0.019014 0.049429 -0.200727 -0.176687 -0.183628 0.244153 -0.188642 0.249646 -0.128658 0.024389 0.384203 0.014508 -0.080383 -0.170685 -0.100629 -0.128332 -0.116448 0.193256 0.195737 -0.158223 0.050883 -0.103365 -0.177618 -0.200189 0.035929 -0.198928 -0.186618 -0.091867 0.360714 -0.023932 -0.064271
situation -0.110664 0.135497 0.437952 0.096268 0.140576 -0.111328 0.335175 -0.035222 -0.279977 -0.213713 0.447225 0.135886 -0.388965 -0.348923 0.386362 0.019189 -0.085706 0.365206 0.185724 0.075108 0.010997 -0.231342 -0.063789 -0.219803 0.238544 -0.184079 0.337903 -0.058149 -0.025612 0.395675 -0.112935 0.034477 -0.260210 -0.266740 0.428477 -0.154976 0.413655 0.193296 -0.452075 -0.118316 0.014368 -0.327637 -0.086414 -0.155515 -0.044058 -0.186524 -0.023886 0.222387 -0.024452 -0.033219
six -0.173630 0.078145 0.363882 0.050367 0.108355 0.017827 0.035505 -0.138895 -0.448530 -0.025027 0.075201 0.390201 0.186888 -0.466678 0.300393 0.283760 -0.020428 -0.093553 0.382014 -0.034116 0.396538 -0.240385 0.046746 -0.043691 0.420123 -0.360273 -0.056982 -0.478384 0.097818 0.009755 -0.112641 0.165221 -0.047920 -0.208902 -0.058189 0.513132 0.082705 0.283620 -0.161089 0.095454 0.000481 -0.358570 -0.147234 -0.327588 -0.076980 -0.056722 0.299740 0.221874 0.296278 -0.078991
skiff -0.539098 0.338678 0.277714 0.279578 -0.181594 -0.224226 -0.251130 -0.175403 -0.136707 0.004818 0.265583 0.028204 -0.256750 -0.645632 0.276030 -0.071226 -0.963890 0.354455 -0.124181 -0.502915 -0.121929 -0.318990 -0.089424 -0.302769 0.326393 0.161388 0.274025 0.154692 0.246288 0.414584 -0.611958 0.122957 -0.749765 -0.733877 0.130532 -0.225572 0.348833 0.464010 -0.580753 0.379979 0.153150 -0.314694 -0.438817 -0.267263 -0.146257 -0.073880 -0.528085 0.549737 -0.321674 0.162079
skin -0.205994 0.160849 0.460740 0.219394 0.053848 0.114151 0.171547 -0.097135 -0.148374 0.091925 0.419961 0.229072 -0.283129 -0.458767 0.180645 0.272924 -0.211709 0.106739 -0.010387 -0.003209 0.144023 -0.269820 -0.174464 -0.345087 0.241579 -0.323089 0.183315 -0.036123 0.264807 0.348229 -0.161772 0.035335 -0.191195 -0.177714 -0.149051 -0.151865 0.021270 0.416761 -0.368915 0.100857 -0.249108 -0.144726 -0.356237 -0.178873 0.085643 -0.099402 0.044567 0.386193 0.020122 -0.257631
sky -0.245000 0.146053 0.924132 0.089564 0.264185 -0.227304 0.312457 -0.237698 -0.366182 0.090492 0.836732 0.195954 -0.724418 -0.541171 0.621801 0.240471 -0.415404 0.584906 0.079967 0.260888 -0.470079 -0.191133 -0.204680 -0.288029 0.246500 -0.241591 0.355113 0.318744 -0.184397 0.687310 -0.172717 -0.147159 -0.332917 -0.541154 0.358345 -0.542758 0.563725 0.732546 -0.763389 -0.432667 -0.395998 -0.583023 -0.526587 -0.512012 0.113161 -0.250932 -0.228498 0.499660 -0.261385 -0.083086
sleep -0.546034 0.640096 0.137524 0.445903 0.140434 0.293473 0.514520 -0.462573 -0.270019 0.258715 0.428330 0.054242 -0.219375 -0.545717 0.396950 -0.033984 -0.748844 0.040271 0.046066 -0.289789 0.017798 -0.104919 -0.206694 -0.331324 0.101034 -0.271772 -0.170155 0.187909 0.515204 0.495015 -0.230525 -0.386576 -0.470929 -0.531763 0.138484 -0.324806 0.518387 0.005743 -0.483276 0.191064 0.065989 -0.475274 -0.234624 0.138873 -0.156253 0.188632 -0.010367 0.340440 -0.023845 -0.300832
sleeping -0.200134 -0.080838 0.317143 0.121868 0.104256 -0.000059 -0.061476 -0.162090 -0.279429 -0.047777 0.016967 -0.075401 0.110700 -0.030255 0.130281 0.168699 -0.148441 -0.103381 -0.059262 -0.093260 0.230958 -0.210428 0.127382 -0.019656 0.173146 -0.152744 -0.109663 -0.020705 -0.053768 0.091820 0.000173 -0.074542 0.019803 -0.004734 -0.273481 -0.077165 0.047976 0.015325 -0.323293 0.117250 0.075296 -0.107872 -0.268808 -0.185968 0.072718 -0.054146 -0.005563 0.097058 0.135303 -0.227534
slept -0.038964 -0.644109 0.919152 -0.335337 0.493964 -0.457343 0.116434 -0.197873 -0.284058 -0.139180 0.229838 -0.037299 -0.086629 -0.042907 0.551908 0.163982 -0.417662 0.148212 0.240623 -0.366664 -0.205944 0.006161 -0.293549 -0.590423 -0.214605 -0.024498 -0.081365 0.710119 0.254308 0.476265 0.279639 -0.287542 0.042042 -0.010924 -0.102647 -0.901286 0.556216 0.073204 -0.971192 0.015984 -0.203086 -0.478596 -0.041213 0.225151 0.098870 -0.342264 -0.352163 0.121686 -0.219027 -0.787754
slipped -0.266772 -0.044592 0.358270 -0.198756 0.283103 -0.237226 0.201893 -0.033707 -0.195168 -0.006040 0.297491 0.016362 -0.159908 -0.142626 0.358316 0.153839 -0.160060 0.204180 0.032186 -0.102100 -0.039613 -0.045433 -0.120558 -0.411082 0.001800 -0.124413 0.052957 0.259134 0.104445 0.377647 0.050208 -0.044047 -0.116356 -0.028677 -0.098801 -0.370881 0.222365 0.183213 -0.487407 -0.007985 -0.021144 -0.352118 -0.193499 -0.021360 -0.027536 -0.303839 -0.064360 0.193751 -0.039830 -0.200149
slope -0.132817 0.166987 0.583889 -0.179718 0.204086 -0.134651 0.371800 -0.297044 -0.435585 0.075783 0.358169 0.059072 -0.384098 -0.297240 0.518645 0.381658 -0.090765 0.358789 0.332087 0.218071 -0.190007 -0.154124 -0.232930 -0.187552 0.282655 -0.240027 0.235522 0.090734 -0.013177 0.384129 -0.013709 -0.090157 -0.261020 -0.150820 0.141274 -0.259323 0.304813 0.367697 -0.218492 -0.212227 -0.290037 -0.289118 -0.333728 -0.221743 -0.060819 -0.200983 0.041423 0.421012 -0.176008 -0.002958
slow -0.379431 -0.161201 0.692811 0.089932 0.100372 -0.023428 -0.036327 0.082449 -0.224385 -0.001567 0.229970 0.200509 -0.113577 -0.315877 0.379052 0.207604 -0.227621 -0.034546 0.123484 0.186750 0.320814 -0.261699 0.086645 -0.258776 0.330547 -0.192597 0.185149 -0.125275 0.127879 0.334308 -0.145299 0.207774 -0.162691 -0.179523 -0.184214 -0.265628 0.284968 0.607069 -0.231131 0.083882 0.214635 -0.092672 -0.297630 -0.315334 -0.063644 -0.460137 0.214400 0.132191 0.090895 -0.318238
slowly -0.361967 -0.076994 0.527954 -0.258193 0.086397 -0.391010 -0.002733 -0.053838 -0.315411 0.539134 0.585757 0.155989 0.273338 -0.444534 0.574467 0.281021 -0.492337 0.022690 0.231474 -0.408627 0.294494 0.130098 -0.132616 -0.619346 0.249014 -0.164483 -0.001993 -0.094677 0.677974 0.301179 -0.218708 0.135286 -0.322126 -0.184455 -0.595977 -0.088506 0.258105 0.423107 -0.469611 0.296171 -0.133067 -0.449346 -0.158605 -0.049752 -0.132459 -0.625985 -0.182466 0.460109 -0.043512 -0.235673
small -0.320356 0.330030 0.053130 0.233601 -0.035962 -0.265404 0.565221 -0.180820 -0.388729 -0.251955 0.594023 -0.019406 0.122125 -0.192560 -0.125712 0.382592 -0.047788 0.032764 0.115374 0.201373 0.203063 -0.254552 -0.063998 0.254901 0.249605 -0.868197 0.062816 -0.524608 0.036409 -0.256212 -0.473113 0.341915 0.185534 -0.122149 -0.280926 0.174150 -0.319918 -0.170710 -0.730396 -0.205174 -0.329215 -0.361988 -0.269313 0.006253 0.457315 -0.066091 -0.043832 -0.001236 -0.111797 0.047980
smallpox -0.193205 0.004926 0.218186 -0.052782 0.078329 0.001155 -0.045514 -0.077506 -0.188044 -0.002732 -0.026876 -0.151947 -0.268237 0.059189 -0.027235 0.216047 0.026166 0.141686 0.148884 0.020373 -0.059892 -0.236465 -0.035967 -0.086655 0.133081 -0.099231 0.189727 0.151456 0.079143 0.099479 0.172127 0.109185 -0.242035 -0.107054 -0.122905 -0.200349 -0.038824 -0.103610 -0.381603 -0.014731 -0.060252 -0.058986 -0.144221 -0.094270 -0.024700 -0.015084 -0.083217 0.173097 -0.035157 -0.136583
smiled -0.298947 -0.062343 0.495752 -0.115035 0.157010 -0.371262 0.251149 -0.360925 -0.368025 0.011230 0.190749 -0.244060 0.151828 -0.023124 0.453385 0.068197 -0.511376 -0.152720 -0.003674 -0.229329 0.053026 0.069008 -0.102152 -0.244094 -0.185582 -0.092913 -0.370366 0.347296 0.092823 0.311943 -0.034137 -0.292838 -0.032871 0.047489 -0.126551 -0.467883 0.321945 -0.149983 -0.600563 -0.053853 0.042198 -0.320616 -0.089883 0.150336 0.153963 -0.096558 -0.238329 -0.049586 -0.138532 -0.413422
smoke -0.290644 -0.009100 0.658637 0.046290 0.217907 -0.085887 0.110965 0.029825 -0.196589 -0.036580 0.496628 0.234002 -0.207868 -0.446912 0.377157 0.279092 -0.366125 0.267625 0.098800 -0.022499 -0.006712 -0.156192 -0.052152 -0.436377 0.285222 -0.216373 0.287274 0.000320 0.164093 0.411037 -0.188550 0.110364 -0.202034 -0.276767 -0.114124 -0.322567 0.127524 0.633485 -0.438546 0.107851 -0.117131 -0.269252 -0.528196 -0.286920 0.031733 -0.299252 0.038790 0.368986 0.059172 -0.155542
smooth -0.258811 -0.062115 0.436224 0.116560 0.031402 0.022081 -0.031349 -0.138913 -0.250946 0.096789 0.117650 -0.027164 -0.025925 -0.038979 0.134779 0.287024 -0.177829 -0.033115 0.015383 0.099340 0.140368 -0.193300 0.102608 -0.075834 0.308153 -0.173732 0.018597 -0.128474 0.066436 0.125982 -0.121146 0.209890 -0.123522 -0.064783 -0.408703 -0.167053 -0.073493 0.331874 -0.115676 0.137414 -0.000084 0.042048 -0.367333 -0.256702 0.066860 -0.188838 0.029632 0.094438 0.014819 -0.185744
smote -0.289934 -0.147635 0.561374 -0.545023 -0.039074 -0.611897 -0.214196 -0.083899 -0.482369 0.046753 0.008017 0.163662 -0.025923 -0.071500 0.386218 0.325122 -0.342605 0.051136 0.393679 0.008566 0.025733 0.263291 -0.002227 -0.226597 0.058894 -0.213662 -0.056960 -0.071617 -0.004120 -0.109965 -0.070487 0.188793 -0.185892 -0.083520 0.040038 0.045820 0.229472 0.485763 -0.106191 -0.033367 -0.058539 -0.204062 0.031464 -0.478182 0.200856 -0.325953 0.200864 -0.011513 0.017631 -0.252776
snarled 0.022565 -0.290618 0.206408 -0.057957 0.173831 -0.082182 0.229918 -0.085250 -0.086084 -0.217465 -0.019228 -0.073293 0.065105 -0.073979 0.115459 -0.200946 -0.125277 0.069270 0.002215 -0.173898 0.026377 -0.051840 -0.066130 -0.240651 -0.027742 -0.108946 0.035763 0.133101 0.030651 0.215540 0.075654 -0.016778 -0.008805 0.103355 -0.055207 -0.294865 0.231515 -0.202277 -0.436999 0.064493 0.219276 -0.160527 0.000266 0.251867 -0.150390 -0.187382 -0.223682 -0.000564 -0.001952 -0.343910
sneaked -0.207682 0.019858 0.182106 0.127253 0.181364 -0.006672 0.139174 -0.195138 -0.304807 -0.046041 0.052741 -0.173097 0.074237 -0.007188 0.179033 0.065668 -0.185996 -0.073923 -0.025952 -0.079009 0.119133 -0.160370 0.071084 -0.018504 0.116722 -0.132670 -0.170443 0.113493 0.027786 0.184202 -0.050729 -0.147144 -0.021269 -0.009571 -0.184932 -0.234868 0.150131 -0.253452 -0.467901 -0.015271 0.080156 -0.272519 -0.124266 -0.002416 -0.026837 0.015348 -0.189103 0.070758 0.029223 -0.194097
sneered -0.250902 -0.142703 0.374040 0.014542 0.221353 -0.090872 -0.026673 -0.231024 -0.264223 -0.099827 0.009126 -0.045218 0.122372 -0.024065 0.198462 0.099220 -0.301442 -0.151029 -0.074777 -0.153018 0.004092 -0.084139 0.021932 -0.111187 -0.053882 -0.081342 -0.271972 0.244473 -0.058948 0.217250 0.038129 -0.217230 0.077469 0.000841 -0.210686 -0.345491 0.134576 -0.008515 -0.497409 0.035029 0.074667 -0.199822 -0.159843 -0.064275 0.122593 -0.025057 -0.119867 -0.021015 0.048117 -0.349753
snow -0.369212 0.319840 0.418281 -0.119842 0.256905 -0.057940 0.312054 -0.232577 -0.409325 -0.064875 0.116757 0.092991 -0.372103 -0.340724 0.362635 0.353957 -0.381868 0.275638 0.314236 0.089257 -0.015749 -0.283163 -0.213619 -0.118346 0.272425 -0.150054 0.057053 0.165603 0.146332 0.299004 -0.180443 -0.090221 -0.089877 -0.117206 0.094319 -0.252137 0.070626 0.091168 -0.327341 -0.026074 -0.338123 -0.383813 -0.381398 -0.266708 -0.079820 0.042206 0.101452 0.367252 -0.069235 0.038483
so 0.143830 0.036308 0.305123 0.103112 0.483163 -0.352763 -0.339444 -0.005836 -0.645789 -0.249043 -0.469551 -0.033546 -0.419671 -0.184084 0.009263 -0.119475 0.156527 0.411510 -0.356910 -0.264196 0.625417 -0.776997 0.251742 -0.608991 0.383431 -0.556989 0.226748 0.577737 0.312436 0.145756 -0.335556 0.360018 -0.202014 0.174572 0.105893 -0.025060 -0.387188 -0.114913 -1.787913 -0.208381 -0.082734 -0.175433 0.437883 -0.969209 0.589767 -0.190579 -0.249771 0.055179 0.362465 -0.912976
soft -0.124222 0.043441 0.542824 -0.078675 0.090514 -0.213873 0.213679 -0.060553 -0.247801 -0.049356 0.618384 0.048664 -0.063181 -0.199004 0.137418 0.262775 -0.060392 0.156131 0.035987 -0.068313 -0.046119 -0.024947 -0.050818 -0.297763 0.271378 -0.327061 0.118931 0.007111 -0.109639 0.057283 0.021203 0.260237 0.071461 -0.029906 -0.231558 -0.101566 -0.170630 0.361862 -0.506761 -0.069640 -0.136873 -0.167351 -0.423348 -0.173029 0.202311 -0.373767 0.102327 0.163248 0.005569 -0.209261
softly -0.231970 -0.104631 0.404690 -0.216068 0.183582 -0.212035 0.048189 -0.239984 -0.405101 -0.031288 0.031174 0.115437 0.033384 -0.141181 0.335457 0.251262 -0.269582 -0.022641 0.239491 -0.176649 0.043701 -0.082434 -0.097572 -0.220755 0.066927 -0.224047 -0.164569 0.134616 0.190979 0.146729 -0.012902 -0.028245 -0.138819 -0.060169 -0.223168 -0.138236 0.173496 0.161133 -0.407338 0.126626 -0.143126 -0.280211 -0.038441 -0.127166 0.041261 -0.108335 -0.052858 0.165680 -0.003839 -0.308151
sold -0.307677 0.080772 0.479420 -0.140491 0.198396 -0.332600 0.227250 -0.456207 -0.609196 -0.051349 0.070597 -0.171510 -0.062675 0.000672 0.443645 0.194113 -0.364320 -0.108436 0.245522 -0.083803 0.019549 0.131726 -0.137679 -0.022697 -0.070172 -0.286634 -0.394880 0.275535 -0.038704 0.188377 -0.042880 -0.356259 0.000397 -0.028017 0.061273 -0.364862 0.364289 0.007432 -0.416821 -0.186733 -0.165367 -0.441868 0.059563 -0.090691 0.324527 0.064056 -0.120370 0.001689 -0.068157 -0.397310
some -0.106490 -0.263064 -0.047750 0.809837 0.468098 0.692939 0.482186 -0.204439 -0.373987 -0.307104 0.078465 0.148855 0.073850 -0.184993 -0.040704 -0.045138 0.219252 0.122791 -0.167483 0.166120 0.289899 -0.346964 0.568069 0.341788 0.421552 -0.845507 0.040692 -0.653800 -0.074672 0.150277 0.085184 -0.374249 -0.284925 -0.235253 -0.340492 -0.083859 0.474356 -0.146808 -0.569123 -0.138049 0.450265 -0.184591 -0.447016 -0.219896 -0.370639 0.153558 -0.037383 0.103318 0.520759 -0.381376
something -0.660772 0.370370 0.167172 0.739937 -0.131831 0.417528 0.296593 -0.032721 -0.415017 0.032759 0.180850 0.011682 -0.253368 -0.508054 -0.251703 0.141627 -0.055463 0.065870 -0.447221 0.352282 0.170419 -0.424321 0.014700 -0.155193 0.507277 -0.732683 0.460276 -0.417891 -0.195683 0.438887 -0.244276 0.025106 -0.375754 -0.316982 -0.284182 -0.470299 -0.053554 0.059931 -0.777596 -0.066107 0.318465 -0.001773 -0.479577 -0.267858 -0.103169 -0.170709 -0.162343 0.354804 0.173362 -0.374244
sometimes -0.196973 -0.091331 0.282781 0.193704 0.087198 0.044265 0.059456 -0.252898 -0.244880 -0.097659 0.095031 -0.108961 0.113141 0.019127 0.054604 0.140000 -0.104934 -0.085961 -0.092548 -0.070952 0.177176 -0.170524 0.160964 -0.012434 0.086522 -0.276391 -0.107493 -0.102853 -0.072406 0.120959 0.027792 -0.106010 -0.109891 -0.048792 -0.248793 -0.131066 0.116802 0.025329 -0.308609 0.110369 0.147119 -0.028686 -0.183018 -0.097804 0.115965 -0.088933 0.006327 -0.025169 0.070010 -0.298008
somewhere -0.313822 0.360233 0.226025 0.043225 0.032713 0.041345 0.123341 -0.097154 -0.355321 0.255820 0.171662 0.050311 -0.165344 -0.395095 0.255318 0.204076 -0.275953 0.082117 0.123594 0.096818 -0.030673 -0.012147 -0.220518 -0.231725 0.261726 -0.199547 0.069470 0.088634 0.105108 0.279173 -0.199550 -0.144151 -0.153144 -0.146608 -0.059555 -0.272249 0.104415 0.277132 -0.189664 -0.058592 -0.223144 -0.318180 -0.224792 -0.163366 -0.034745 -0.064197 -0.080380 0.383535 -0.002091 -0.020133
son -0.262854 0.229005 0.448209 -0.091671 -0.082499 -0.299540 -0.015838 -0.270142 -0.309000 -0.090036 0.266594 0.040046 -0.261233 -0.154333 0.293011 0.056554 -0.390264 0.068499 0.090245 -0.266109 -0.018284 0.022469 -0.042951 -0.300563 0.044903 -0.030747 -0.043450 0.242651 0.003419 0.198831 -0.105056 0.081518 -0.261136 -0.217038 0.288762 -0.078061 0.125209 0.366855 -0.370668 0.103114 -0.025437 -0.119479 -0.014103 -0.254603 0.266723 -0.041550 0.018039 0.110155 -0.074095 -0.119144
song -0.187178 0.126897 0.229271 0.288910 0.145739 0.143215 0.083836 -0.242266 -0.219150 0.006343 0.303470 -0.084705 -0.127027 -0.203829 0.128594 0.195694 -0.270791 0.170808 -0.172067 -0.161834 0.074286 -0.316895 0.086954 -0.196679 0.214562 -0.297747 0.079067 0.140111 0.097128 0.255713 -0.043381 -0.098968 -0.205934 -0.241179 -0.220100 -0.203916 0.082758 0.107486 -0.568171 0.144669 -0.142765 -0.186197 -0.398408 -0.275054 0.159426 0.014217 -0.115795 0.329697 0.120334 -0.176539
soon -0.422614 -0.057594 0.120679 0.222954 0.116678 -0.025079 0.051199 -0.059529 -0.330687 -0.010950 0.097486 -0.036330 0.015560 -0.217600 0.143342 0.001049 -0.257802 0.005499 -0.137640 -0.085356 0.120027 -0.242941 -0.048501 -0.196680 0.128897 -0.301477 0.010150 0.142907 0.075255 0.360931 -0.154580 -0.111298 -0.038748 -0.151522 -0.266384 -0.448082 0.233351 -0.122429 -0.724080 0.029440 0.061131 -0.375170 -0.049826 -0.093386 -0.005623 -0.087394 -0.396132 0.178038 0.136109 -0.262704
sort -0.082972 -0.045175 0.217093 0.334561 0.132527 0.125139 0.268843 -0.207960 -0.163642 -0.050328 0.421124 -0.182961 -0.008273 -0.035782 -0.077434 0.075070 0.015595 0.091123 -0.218792 -0.098070 -0.084590 -0.202504 0.053094 -0.076519 0.128532 -0.370851 0.080721 0.008677 -0.143151 0.156529 0.140391 -0.102717 -0.040784 -0.108149 -0.316883 -0.217692 0.006826 -0.119475 -0.628460 -0.052753 0.003717 -0.120456 -0.333632 0.047673 0.151412 -0.090827 -0.197965 0.121868 0.029476 -0.251592
sought -0.156038 0.031034 0.108999 0.093919 0.173802 0.134285 0.145373 -0.181964 -0.221381 0.068167 -0.000393 -0.011320 -0.085720 -0.157167 0.226885 0.091206 -0.109331 0.027423 0.086671 -0.062035 0.067113 -0.096670 -0.077020 -0.078174 0.046742 -0.155674 -0.037777 0.152956 0.173049 0.264125 0.094720 -0.284529 -0.123107 -0.098299 -0.044733 -0.277672 0.264757 -0.067653 -0.300158 -0.014307 -0.073412 -0.233660 -0.069613 0.016154 -0.116227 0.085534 -0.108800 0.268103 0.097553 -0.167413
soul -0.477113 0.430283 0.424493 -0.080534 -0.083686 -0.252577 0.243977 -0.199079 -0.343989 -0.033937 0.469496 0.071662 -0.404313 -0.368466 0.337381 0.185712 -0.480717 0.139113 0.194634 -0.142451 -0.151073 0.048776 -0.225588 -0.381517 0.040003 -0.242380 0.093503 0.201812 0.061381 0.282973 -0.039644 -0.032403 -0.299341 -0.324304 0.331100 -0.258661 0.233856 0.249180 -0.518243 -0.003682 -0.059672 -0.329250 -0.139087 -0.121936 0.149995 -0.095849 0.089918 0.278495 -0.086845 -0.182000
sound -0.177448 -0.144363 0.686529 0.119403 0.174437 -0.107832 0.221863 -0.134485 -0.187790 0.084594 0.732394 0.297835 -0.693164 -0.411816 0.251598 0.215689 -0.243323 0.447883 0.145793 0.131560 -0.353010 -0.178483 -0.073199 -0.328324 0.302601 -0.463355 0.482315 0.074058 0.142249 0.297340 0.024330 0.246230 -0.294678 -0.528063 -0.075274 -0.272877 0.248001 0.708432 -0.737596 -0.206536 -0.375491 -0.399491 -0.526445 -0.387326 0.137325 -0.328160 -0.139629 0.509577 -0.173609 -0.144433
south -0.169735 -0.230600 0.673586 0.110784 0.384053 0.251582 0.399230 -0.002656 -0.100535 -0.108132 0.404509 0.302598 -0.474752 -0.518157 0.199849 0.400459 0.116601 0.391059 0.243393 0.161115 -0.040861 -0.342544 -0.251906 -0.408134 0.301384 -0.477657 0.447753 -0.143513 0.189413 0.562875 0.218902 0.009567 -0.254028 -0.128526 -0.233519 -0.363371 0.209139 0.474794 -0.315695 0.003827 -0.185575 -0.264994 -0.633644 0.010187 -0.247112 -0.299658 0.120203 0.507608 0.108470 -0.354280
space -0.161023 0.041597 0.318925 0.180726 0.168705 0.222642 0.073991 -0.128814 -0.169122 -0.045163 0.048343 -0.115641 -0.371195 -0.210708 0.022341 0.186194 -0.044032 0.332511 0.121554 0.117904 0.025751 -0.388436 0.025389 -0.031465 0.360520 -0.179666 0.300958 0.035262 0.085371 0.288571 -0.070463 0.038564 -0.385913 -0.212619 -0.064846 -0.271591 0.161835 0.109933 -0.347567 -0.003931 -0.037523 -0.174204 -0.430424 -0.092590 -0.224873 -0.056904 -0.157001 0.368040 -0.078817 -0.127658
spasm -0.276410 0.008654 0.212604 -0.161226 0.060576 -0.163099 -0.072688 0.039964 -0.331411 -0.151792 0.098147 0.108140 0.013956 -0.156296 0.145621 0.217004 -0.160648 0.052332 0.284547 -0.033521 0.047753 -0.004482 -0.007933 -0.130246 0.222439 -0.185623 0.066911 -0.069056 0.040448 0.071847 -0.117105 0.105501 -0.041393 -0.061198 -0.106911 -0.140745 0.036827 0.193625 -0.279830 0.094280 -0.070644 -0.236852 -0.096813 -0.150338 -0.010528 -0.135638 -0.002742 0.151872 0.099228 -0.032115
speak -0.296906 0.146497 0.270440 0.285381 0.182032 -0.021363 0.135446 -0.043721 -0.229342 -0.069104 0.074932 -0.125149 -0.248574 -0.147852 0.236855 -0.099524 -0.333353 0.151972 -0.251051 0.122566 -0.023218 -0.387665 -0.020368 -0.111740 0.127261 -0.004270 0.036549 0.308164 -0.047969 0.423503 -0.332575 -0.006682 -0.151174 -0.158867 0.041802 -0.495598 0.187052 0.015309 -0.554786 -0.113620 0.137949 -0.237599 -0.180792 -0.173569 -0.024288 -0.036214 -0.349998 0.070079 -0.070130 -0.153105
speck -0.476636 0.078515 0.421174 -0.143988 -0.125045 -0.378945 0.027509 0.022871 -0.317008 -0.081029 0.134454 0.308215 -0.002820 -0.396579 0.182969 0.308020 -0.263486 0.086562 0.279097 0.198127 0.095319 -0.192315 -0.242901 -0.136564 0.171965 -0.355713 0.228668 -0.299843 0.079104 0.159539 -0.329113 0.346699 -0.126606 -0.286000 0.062945 -0.087032 0.087890 0.246324 -0.361784 -0.011798 -0.042524 -0.159682 0.018773 -0.283705 0.089447 -0.249975 0.027603 0.023489 -0.016645 -0.149368
speech -0.151750 0.005237 0.400624 0.112362 0.144112 0.098423 0.111350 -0.162558 -0.262873 -0.105243 0.154475 -0.332199 -0.139489 -0.055960 0.118437 0.126340 -0.079287 0.200568 0.119463 -0.005970 0.249166 -0.299556 0.186295 -0.032489 0.410711 -0.178806 0.117970 0.071480 -0.069960 0.154363 0.029765 0.090311 -0.106238 -0.065601 -0.148354 -0.197122 0.090513 -0.013475 -0.416081 0.020496 0.078837 -0.167276 -0.376925 -0.109006 -0.067128 -0.175632 -0.023690 0.196286 0.121053 -0.208678
spilled -0.109823 -0.149119 0.409477 -0.284311 0.128785 -0.296262 0.074433 -0.085571 -0.275236 -0.115155 -0.071411 0.010347 0.139399 -0.169230 0.320566 0.165540 -0.130716 0.156062 0.049236 -0.021607 0.135213 -0.079890 -0.123965 -0.203656 -0.023529 -0.200951 -0.022739 0.098977 -0.043226 0.167445 -0.127189 -0.036612 -0.015752 0.079015 0.019361 -0.236758 0.215194 0.123963 -0.239232 0.046295 0.081384 -0.126482 -0.072359 -0.088709 -0.040124 -0.291177 0.031387 0.028467 0.004423 -0.351613
spirit -0.386961 -0.022183 0.775582 0.060087 0.213799 -0.151314 0.058819 -0.084428 -0.498719 -0.188932 0.379953 0.148941 -0.283857 -0.462387 0.313704 0.253221 -0.116539 0.500465 0.152044 0.222419 -0.003944 -0.493855 0.057733 -0.154461 0.531620 -0.346793 0.425023 -0.188917 -0.308276 0.469133 -0.188529 0.213355 -0.333936 -0.406060 0.068617 -0.210328 0.336130 0.477109 -0.697219 -0.130569 0.114786 -0.370354 -0.436600 -0.538688 -0.132148 -0.454993 -0.059817 0.312929 0.010970 -0.126998
spoke -0.326641 0.245351 0.477702 -0.274721 -0.041937 -0.449687 0.125414 -0.194314 -0.469885 0.004961 0.297639 -0.261985 -0.461621 -0.071620 0.330905 0.332769 -0.419340 0.292116 0.281442 -0.020543 -0.221685 -0.001687 -0.272645 -0.273000 0.158198 -0.077113 0.096769 0.523194 0.112451 0.175131 -0.117744 0.114493 -0.132302 -0.135694 0.109950 -0.516426 0.110231 0.119115 -0.603101 -0.139173 -0.331284 -0.357761 -0.181558 -0.190126 0.181751 -0.130729 -0.268111 0.312455 -0.269982 -0.050658
spot -0.379230 0.295404 0.166653 -0.119850 0.295941 0.219311 -0.076811 -0.161261 -0.574976 -0.020101 -0.603125 -0.153292 -0.557138 -0.288087 -0.109363 0.294806 -0.411284 0.578689 0.128613 0.203676 -0.611866 -0.478542 -0.271863 -0.300223 0.352562 -0.181291 0.401002 0.594565 -0.059995 0.261891 0.109127 -0.199087 -0.844342 -0.414499 0.029559 -0.561533 0.145686 -0.084568 -0.765671 0.086229 -0.034922 -0.288017 -0.408583 -0.454028 -0.336945 0.012104 -0.282361 0.544544 -0.093972 -0.244644
sprang 0.079892 -0.141788 0.588237 -0.159080 0.298769 -0.204896 0.420081 -0.370610 -0.391903 0.055117 0.373188 -0.291888 0.074117 -0.201812 0.570347 0.240411 -0.102073 0.211297 0.208598 -0.188217 0.230613 -0.096278 -0.250347 -0.348445 0.108251 -0.323546 0.011559 0.205716 0.167546 0.443364 0.032324 -0.427164 -0.115270 0.157288 -0.188684 -0.453497 0.502943 -0.113240 -0.467512 -0.075272 -0.215477 -0.463400 -0.237183 0.280015 -0.021224 -0.288466 -0.259344 0.399295 -0.150400 -0.452477
spread -0.107645 -0.041005 0.248709 0.239050 0.086515 0.123874 0.292541 -0.195018 -0.139947 -0.046582 0.233592 -0.011507 0.032915 -0.094815 0.007291 0.280428 0.048976 0.058583 -0.059679 0.131996 0.108871 -0.213192 0.051535 0.036712 0.152153 -0.424254 0.135302 -0.289477 0.011453 0.058839 -0.015604 0.048252 -0.062717 -0.062931 -0.239880 -0.029374 -0.071016 0.024830 -0.212694 0.017443 -0.068354 0.026648 -0.326103 -0.025384 0.072186 -0.080423 0.089043 0.071911 0.011556 -0.160179
spring -0.210124 0.012470 0.339907 0.145461 0.255219 0.244470 0.081341 -0.097694 -0.195524 -0.069926 0.028390 0.137844 -0.172081 -0.398169 0.161310 0.182771 -0.257950 0.169801 0.170741 -0.010233 0.133393 -0.237082 -0.050838 -0.172496 0.289684 -0.234439 0.114144 -0.010971 0.143703 0.340291 -0.042056 -0.202724 -0.159235 -0.144903 -0.120562 -0.247400 0.246564 0.207910 -0.262446 0.150396 -0.052398 -0.284969 -0.417216 -0.104385 -0.214317 -0.076587 0.060547 0.369019 0.168713 -0.223488
square -0.224187 0.247336 0.418903 0.156071 0.160578 0.204819 0.167439 -0.380293 -0.203750 0.095358 0.326205 -0.145947 -0.367738 -0.165913 0.151793 0.365925 -0.255663 0.158748 -0.074398 -0.218591 -0.120745 -0.205709 -0.185527 -0.319807 0.092325 -0.230215 0.010521 0.431204 0.164618 0.330023 0.237615 -0.190851 -0.262741 -0.227177 -0.169155 -0.342014 0.026582 0.135934 -0.455898 0.124194 -0.195402 -0.150488 -0.571856 -0.107319 0.167728 0.075076 0.031195 0.440712 0.057836 -0.316904
stand -0.342122 0.588553 0.033098 0.601579 0.172369 0.575159 0.348543 -0.421072 -0.544458 0.233696 0.054323 -0.223098 -0.037774 -0.405847 0.252335 0.237588 -0.224097 -0.123851 -0.083935 0.046605 0.237576 -0.305442 -0.228084 0.021849 0.302199 -0.375739 -0.196101 0.146971 0.086023 0.434348 -0.128583 -0.673401 -0.013695 -0.090411 -0.171274 -0.406098 0.253928 -0.244700 -0.275498 0.069139 -0.127466 -0.454937 -0.372454 0.050053 -0.070996 0.287629 -0.101803 0.497213 0.224558 -0.185297
standing -0.207428 -0.051642 0.361349 0.144679 0.180175 0.038132 0.313725 -0.239456 -0.223957 -0.127918 0.126943 -0.120303 0.225798 -0.155802 0.146602 0.273195 -0.129661 0.033422 -0.029658 -0.040609 0.300988 -0.330479 0.074044 -0.066779 0.234442 -0.284884 0.007225 -0.219378 0.059126 0.190327 -0.050803 -0.027062 -0.088294 0.087494 -0.313116 -0.096852 0.002661 -0.180005 -0.385947 0.139704 0.172977 -0.084310 -0.405421 0.072591 -0.114503 -0.175512 0.066668 0.091650 0.017953 -0.241102
stared -0.122476 -0.029815 0.186210 0.063760 0.246099 0.099079 0.098609 -0.237399 -0.319582 0.114983 -0.067396 -0.057743 0.077997 -0.128802 0.264712 0.150870 -0.360326 -0.093100 0.070377 -0.134292 0.176441 0.003921 0.029952 -0.258975 0.160549 -0.199484 -0.205323 0.065542 0.345519 0.098231 -0.047161 -0.116981 -0.168901 0.018151 -0.385803 -0.186460 0.112541 0.057042 -0.209418 0.224457 0.016609 -0.295256 -0.341507 -0.028316 -0.055745 -0.060622 -0.023326 0.267377 0.136545 -0.251609
stars -0.155987 -0.172037 0.508723 -0.215426 0.319823 -0.162496 -0.046060 -0.029257 -0.229341 -0.028652 0.110694 0.190721 -0.158067 -0.255417 0.443967 0.147259 -0.348700 0.352800 0.233928 0.022382 -0.077916 -0.102729 -0.004871 -0.311948 0.210491 -0.065074 0.127785 0.123707 0.161375 0.359864 -0.187583 0.026757 -0.311224 -0.202707 -0.001190 -0.335407 0.372022 0.542126 -0.222161 0.106717 -0.084445 -0.267254 -0.222303 -0.326316 -0.170403 -0.255732 -0.035070 0.241047 0.006499 -0.162565
start -0.506676 0.259341 0.263626 -0.180682 -0.028313 -0.194308 0.201133 -0.163640 -0.417447 -0.053608 -0.001154 -0.080523 -0.300297 -0.109012 0.141731 0.234138 -0.316381 -0.034594 0.191585 0.156581 -0.130635 -0.071520 -0.132907 -0.098777 0.206681 -0.257329 -0.024125 0.236876 -0.013905 -0.017543 -0.072606 0.250389 0.022866 -0.036822 -0.150111 -0.242878 -0.145204 0.082583 -0.363228 -0.122574 -0.051278 -0.219753 -0.292464 -0.203874 0.064389 -0.056601 0.073004 0.177122 -0.051323 -0.071551
started -0.201418 0.244348 0.436871 0.219056 0.505195 0.090622 0.703293 -0.452886 -0.612061 0.402152 0.592910 0.136060 -0.069194 -0.539895 0.771755 0.207241 -0.610020 -0.123796 0.070813 -0.247424 -0.042644 0.219514 -0.482699 -0.532124 0.017382 -0.463223 -0.428050 0.309174 0.461734 0.593827 -0.115054 -0.818877 0.032531 0.005651 -0.410252 -0.588963 0.447958 0.265827 -0.443202 -0.073079 -0.567059 -0.770601 -0.421136 0.114975 0.111420 0.080607 -0.253452 0.576201 0.090210 -0.370884
state -0.117428 0.158305 0.606618 0.334352 0.237328 0.153356 0.515207 -0.334231 -0.317935 -0.033818 0.705293 0.048317 -0.368526 -0.514660 0.377475 0.384614 -0.185851 0.481966 -0.003777 0.096668 -0.157496 -0.311732 -0.099279 -0.307845 0.303061 -0.578171 0.360263 -0.064570 -0.013841 0.458933 -0.030859 -0.148048 -0.358448 -0.380671 -0.070593 -0.308157 0.319808 0.408503 -0.556345 -0.023162 -0.245187 -0.359083 -0.733857 -0.218131 0.054039 -0.182349 -0.032438 0.584113 0.008115 -0.156686
stateroom -0.289677 0.041892 0.455466 -0.110061 0.109354 -0.196881 0.129381 -0.031384 -0.237824 -0.191828 0.199697 0.147519 -0.182959 -0.267985 0.291591 0.203685 -0.241383 0.184105 0.252890 -0.017964 -0.012353 -0.145941 -0.085139 -0.255889 0.135786 -0.120783 0.184917 -0.024407 0.055948 0.269756 -0.051746 0.118936 -0.177931 -0.196820 0.144444 -0.192456 0.201096 0.168491 -0.405019 0.038117 0.039508 -0.259545 -0.161094 -0.140951 -0.046416 -0.182741 0.081361 0.162799 0.001389 -0.125171
states -0.334903 0.046230 0.677589 -0.223180 0.515405 -0.024031 0.179899 -0.445163 -0.317547 -0.094450 -0.077261 0.157260 0.013487 -0.171965 0.408009 0.522673 -0.175512 0.237472 -0.041243 0.361468 -0.272985 -0.192729 0.005567 0.145502 0.004408 -0.378172 -0.143168 0.132490 -0.460073 0.355103 0.000283 -0.468864 -0.050128 -0.079748 0.071493 -0.292004 0.230761 0.467474 -0.156603 -0.251969 -0.046787 -0.201353 -0.559740 -0.467223 0.041501 0.012688 0.436398 0.047521 -0.043008 -0.335178
stay -0.213019 0.263836 0.291633 0.380180 0.134123 0.155676 0.131564 -0.349551 -0.506165 0.036570 0.081729 -0.350410 -0.200816 -0.162024 0.338257 0.120490 -0.247891 0.094040 -0.168842 0.023679 0.068673 -0.365519 -0.091296 -0.038297 0.204464 -0.163543 0.020165 0.374301 -0.091116 0.462110 -0.104092 -0.506654 -0.196442 -0.165955 0.001219 -0.572659 0.477484 -0.199667 -0.507487 -0.056635 0.016240 -0.375476 -0.311791 -0.114217 0.026763 0.077202 -0.423968 0.394730 -0.035069 -0.177059
steadily -0.243950 -0.174851 0.502386 0.032914 0.227787 -0.020610 0.013785 -0.007649 -0.190990 -0.018024 0.245550 0.216185 -0.190866 -0.235457 0.334059 0.217765 -0.252054 0.110148 0.133955 0.044691 0.056472 -0.167417 0.019836 -0.283812 0.231546 -0.200600 0.176456 0.057138 0.218154 0.341987 -0.053454 0.084985 -0.181021 -0.166994 -0.212558 -0.353890 0.149940 0.471305 -0.408175 0.102609 -0.112923 -0.188149 -0.328724 -0.243475 0.005386 -0.212474 -0.004773 0.256881 0.073930 -0.214306
steak -0.141652 0.013945 0.420713 -0.133522 0.148778 -0.062209 -0.011364 0.043160 -0.119165 -0.013123 0.092240 0.147326 -0.251884 -0.212632 0.374483 0.071491 -0.105659 0.134040 0.129501 0.162415 -0.077142 -0.129290 -0.154629 -0.123384 0.054288 0.142057 0.092033 0.262988 -0.032110 0.368281 -0.005065 -0.082675 -0.075897 -0.106312 0.210083 -0.301818 0.264409 0.279787 -0.161071 -0.121998 -0.048209 -0.166698 -0.066260 -0.153711 -0.143689 -0.086865 -0.036081 0.180798 -0.031539 -0.069474
steamboat -0.169183 0.050243 0.162403 0.051151 0.135858 0.158862 0.123257 -0.220448 -0.146728 0.103651 0.085045 0.065187 -0.084830 -0.196375 0.121155 0.240139 -0.204198 0.044085 0.101886 -0.086227 0.052551 -0.103908 -0.132472 -0.130204 0.090943 -0.193563 -0.019713 0.046057 0.230148 0.157064 0.036439 -0.146647 -0.081100 -0.083004 -0.209069 -0.185654 0.074714 0.025849 -0.109210 0.141196 -0.157882 -0.154480 -0.310946 -0.026346 -0.106409 0.025162 0.065958 0.274766 0.079465 -0.118337
steamer -0.289169 0.062150 0.571039 -0.003538 0.224988 0.061260 -0.025230 0.027861 -0.211430 -0.024622 0.040684 0.285003 -0.491694 -0.560493 0.449883 0.147022 -0.360507 0.344784 0.186047 0.207613 -0.163293 -0.306216 -0.282015 -0.351487 0.186334 -0.078088 0.326364 0.284930 0.068332 0.632955 -0.157512 -0.104570 -0.332822 -0.301870 0.272782 -0.494481 0.391258 0.553582 -0.327435 -0.016980 -0.099515 -0.303741 -0.344545 -0.348377 -0.224960 -0.141546 -0.046348 0.456732 0.058520 -0.155161
steering -0.223215 0.136069 0.369175 0.123390 0.012901 -0.034919 0.124578 -0.195413 -0.308330 -0.013635 0.188419 -0.036121 -0.051776 -0.272979 0.133165 0.147506 -0.134323 0.094700 0.058288 -0.006502 0.145986 -0.224852 -0.043250 -0.036073 0.264083 -0.211578 0.067658 -0.076740 -0.086011 0.226206 -0.116759 -0.043091 -0.111342 -0.134046 -0.006973 -0.063702 0.113422 0.066693 -0.344398 -0.032787 0.006669 -0.208955 -0.184033 -0.137600 0.018752 -0.108208 -0.031181 0.143204 -0.017606 -0.156032
steps -0.385412 0.057090 0.370217 -0.181468 0.060015 -0.209105 0.023904 0.005542 -0.277775 0.070945 0.253283 0.369446 -0.124842 -0.287542 0.380236 0.110599 -0.331115 -0.044220 0.205229 -0.050213 0.010056 0.010217 -0.082821 -0.322492 0.162547 -0.064983 -0.029575 -0.018487 0.239014 0.218673 -0.133795 0.201586 -0.235732 -0.220660 -0.077143 -0.050048 0.137323 0.496917 -0.228289 0.130222 0.005515 -0.182120 -0.023472 -0.282809 -0.062319 -0.205424 0.088657 0.136953 0.032369 -0.063394
stern -0.356744 0.107631 0.332333 -0.188717 0.017333 -0.158052 0.079166 -0.135043 -0.256868 -0.028455 0.102818 -0.095144 -0.164918 -0.076742 0.127078 0.392956 -0.081166 0.109235 0.302655 0.160243 0.076702 -0.204776 -0.094145 0.017013 0.198605 -0.263011 0.086464 0.014370 0.074704 0.085628 -0.125715 0.163302 -0.127328 -0.154275 -0.105777 -0.144780 0.023594 0.187232 -0.187332 -0.062432 -0.201474 -0.156793 -0.202786 -0.145466 0.079205 -0.117777 0.088192 0.160279 -0.130472 -0.051804
steve -0.892210 0.130853 0.189932 0.037535 0.383140 -0.176191 0.199599 0.166004 -0.484677 -0.018623 0.268438 0.319092 0.098401 -0.603578 0.420198 -0.230240 -0.859097 0.094793 -0.248015 0.093215 -0.208408 -0.205997 0.028322 -0.314359 0.303261 -0.100701 -0.153654 0.029501 -0.162317 0.596059 -0.627086 -0.070645 -0.103955 -0.257220 -0.462104 -0.437542 0.255114 0.328188 -0.644202 0.003187 0.228332 -0.654091 -0.379678 -0.503237 -0.306413 -0.287314 -0.354104 0.147463 0.194106 0.146328
stewart -0.062125 -0.035682 0.588102 -0.452774 0.251456 -0.303443 0.119475 -0.018883 -0.322944 0.026324 0.169360 0.237434 -0.153667 -0.247614 0.562618 0.187452 -0.097346 0.204865 0.359083 0.073600 -0.130397 0.049798 -0.221233 -0.339720 0.104931 -0.008190 0.069885 0.173309 0.028686 0.319844 0.062834 -0.047900 -0.130032 -0.009860 0.177750 -0.187341 0.322411 0.460436 -0.163733 -0.108990 -0.137114 -0.290843 -0.001688 -0.175042 -0.115477 -0.283356 0.114311 0.202920 -0.066353 -0.169098
stick -0.367904 0.176736 0.485152 -0.398009 0.091516 -0.456399 0.237829 -0.045563 -0.347351 -0.056877 0.348586 0.082033 -0.422187 -0.160383 0.394055 0.247413 -0.278113 0.204442 0.199704 0.122798 -0.327077 0.005753 -0.222338 -0.315185 0.041401 -0.102714 0.161244 0.273016 -0.026267 0.216149 -0.000614 0.177355 -0.150406 -0.112096 0.145992 -0.274560 0.034281 0.296899 -0.518894 -0.222902 -0.217810 -0.285499 -0.155658 -0.224987 0.124317 -0.207718 -0.038490 0.226940 -0.250193 0.038287
stiff -0.145277 0.076591 0.267943 -0.022681 0.053770 -0.119765 0.029425 -0.021813 -0.202666 -0.075379 -0.007769 -0.001192 0.123446 -0.099378 0.043559 0.166355 -0.028931 0.019738 0.074102 0.015528 0.166389 -0.146487 -0.029160 -0.042073 0.168050 -0.117279 0.019486 -0.130371 -0.028615 0.041940 -0.125130 0.137020 -0.020636 0.005204 -0.068289 0.032898 -0.100072 0.001369 -0.192864 0.019815 0.069932 -0.053197 -0.096941 -0.069670 0.023842 -0.122538 0.054757 -0.035886 0.025530 -0.174954
still -0.590390 -0.049423 0.618062 -0.229438 -0.066800 -0.294705 -0.011003 0.035508 -0.422157 0.033118 0.132176 0.040210 -0.082781 -0.362057 0.141183 0.274916 -0.104765 0.154529 0.290668 -0.079865 0.238558 -0.397844 -0.227372 -0.465645 0.424021 -0.231073 0.376489 -0.206422 0.053047 0.344353 -0.009469 0.403948 -0.338555 -0.085565 -0.328158 -0.199290 0.069026 0.070422 -0.509138 0.171259 0.197136 -0.266946 -0.293534 -0.091815 -0.219529 -0.565241 -0.098741 0.346720 -0.010438 -0.279056
stole -0.203924 -0.209702 0.356429 -0.305869 0.171086 -0.354063 0.144104 -0.136214 -0.192470 -0.010073 0.168709 -0.020417 0.096754 -0.069313 0.291694 0.026039 -0.329153 -0.044154 -0.017471 -0.182639 -0.202168 0.171012 -0.253922 -0.289777 -0.225483 -0.098928 -0.207355 0.488186 0.002840 0.208033 0.100581 -0.206612 0.189511 0.064983 -0.178482 -0.485791 0.202088 -0.072050 -0.580429 -0.099004 -0.096152 -0.336846 -0.046969 0.151550 0.084560 -0.185867 -0.223118 0.074053 -0.094706 -0.381973
stomach -0.335207 0.135018 0.309082 -0.194683 -0.086348 -0.372373 0.049417 0.001516 -0.149619 -0.055066 0.309272 0.191087 -0.242791 -0.182979 0.171967 0.070508 -0.277463 0.135654 0.079843 -0.059112 -0.145055 0.041667 -0.073828 -0.271050 0.034133 -0.100400 0.173223 0.016658 0.005967 0.103518 -0.076177 0.271310 -0.177625 -0.212838 0.169546 -0.066656 0.037340 0.315086 -0.317397 0.028745 0.042755 -0.084264 -0.036011 -0.218684 0.110545 -0.253812 0.102384 0.040914 -0.133964 -0.011762
stone -0.309772 0.305325 0.226631 0.195016 0.115523 0.266959 0.199650 -0.196557 -0.361081 0.219382 0.374583 -0.037801 -0.099661 -0.334289 0.249676 0.285141 -0.095999 0.069403 0.144407 -0.088577 0.226331 -0.230848 -0.074204 -0.167638 0.499499 -0.325683 0.013574 -0.005464 0.201899 0.257336 -0.075920 -0.063733 -0.103887 -0.120387 -0.426817 -0.139174 0.087921 0.224928 -0.205939 0.126164 -0.149163 -0.358520 -0.430573 -0.106349 -0.111744 -0.102215 0.023268 0.517695 0.177516 -0.064892
stood -0.149089 -0.325940 0.576241 -0.397372 0.220199 -0.463765 0.075134 -0.383775 -0.425850 0.534152 0.196686 -0.195415 -0.081726 -0.036133 0.655694 0.157151 -0.827379 -0.040201 0.121984 -0.525750 -0.229318 0.414344 -0.225635 -0.693377 -0.256884 -0.037612 -0.211502 0.785063 0.628576 0.247935 0.236492 -0.432731 -0.407344 -0.067535 -0.406446 -0.662030 0.506616 0.025286 -0.867428 0.040210 -0.376470 -0.492846 -0.061903 0.116934 0.111710 -0.229711 -0.544715 0.450107 -0.245850 -0.589762
stop -0.264789 0.154717 0.448087 -0.354715 0.003657 -0.481974 0.035338 -0.200583 -0.352018 -0.005577 0.186014 0.068316 -0.013852 -0.133023 0.325942 0.248309 -0.245750 0.099723 0.176795 0.013686 -0.116882 0.093802 -0.129752 -0.127315 0.001896 -0.177129 -0.096112 0.128986 -0.105779 0.067311 -0.177361 0.030774 -0.043488 -0.136080 0.127392 -0.070966 0.104694 0.340964 -0.241041 -0.122128 -0.146658 -0.214788 -0.013763 -0.258001 0.263211 -0.133940 0.081383 0.025852 -0.137991 -0.102967
stopped -0.086054 -0.005080 0.214977 0.182941 0.249106 0.036142 0.461534 -0.244632 -0.139799 0.114347 0.356183 -0.023212 0.081340 -0.164003 0.299855 -0.014555 -0.262005 -0.089002 -0.179041 -0.101609 -0.016631 -0.048682 -0.118109 -0.206259 -0.030911 -0.160934 -0.162607 0.148390 0.123445 0.341497 -0.004233 -0.301912 0.045992 0.066623 -0.278152 -0.315684 0.146828 -0.144858 -0.393830 -0.047683 -0.075750 -0.255829 -0.231714 0.173913 -0.016197 -0.031635 -0.200412 0.153260 -0.030071 -0.173463
store -0.243008 -0.022626 0.436832 -0.325511 0.062346 -0.452368 0.100308 -0.075166 -0.267075 -0.170901 0.150460 0.032717 -0.335465 -0.162642 0.243307 0.064163 -0.296415 0.283615 0.307004 0.065477 -0.213738 0.034314 -0.104659 -0.197718 0.084777 -0.174901 0.161777 0.191754 -0.002977 0.105802 -0.094868 0.261642 -0.168800 -0.228877 0.257345 -0.224158 0.246608 0.228500 -0.489692 -0.179895 -0.006463 -0.347068 -0.108482 -0.172598 0.043829 -0.224325 -0.064805 0.101837 -0.169787 -0.151542
stories -0.173557 0.091275 0.275603 0.093456 0.086391 0.016511 0.013601 -0.175596 -0.228140 -0.033639 0.119497 -0.060828 -0.223078 -0.064237 0.158090 0.167166 -0.083122 0.158197 0.111413 0.078926 0.029533 -0.224743 -0.008974 0.030663 0.199994 -0.148217 0.069144 0.116127 -0.016724 0.169482 -0.060564 -0.018973 -0.061505 -0.180877 0.071972 -0.202919 0.148548 0.079704 -0.268870 -0.080144 -0.116793 -0.133750 -0.147666 -0.232168 0.060394 0.002471 -0.035747 0.141804 0.015822 -0.082754
storm -0.185777 -0.034525 0.588870 -0.057574 0.237285 -0.012136 0.241707 -0.258363 -0.279774 0.007112 0.257159 0.072011 -0.330485 -0.233718 0.337885 0.323710 -0.102381 0.284843 0.217107 0.133593 -0.070714 -0.228118 -0.086255 -0.193196 0.243956 -0.292898 0.218967 0.052593 0.071833 0.355959 0.039213 -0.040612 -0.330523 -0.209742 -0.082409 -0.278199 0.243728 0.379680 -0.342963 -0.060667 -0.194319 -0.200921 -0.390755 -0.209522 -0.038033 -0.158077 0.010440 0.346132 -0.098573 -0.221138
story -0.170661 0.016623 0.344507 -0.107110 0.154371 -0.140808 0.032253 -0.061888 -0.224335 -0.120725 0.160175 -0.011605 -0.193425 -0.172412 0.252208 0.076578 -0.088670 0.235767 0.098391 -0.010285 -0.064321 -0.201841 -0.049580 -0.173234 0.165464 -0.086549 0.137294 0.180757 -0.104402 0.269367 -0.017066 0.030224 -0.137029 -0.106817 0.051050 -0.213800 0.176373 0.176541 -0.370694 -0.058630 -0.019736 -0.200660 -0.143977 -0.196822 -0.043367 -0.190067 -0.071130 0.181573 -0.014565 -0.089553
stove -0.166916 -0.018136 0.398204 -0.171009 0.172364 -0.136515 0.091212 -0.058811 -0.236072 -0.080779 0.070386 0.135853 -0.100261 -0.173376 0.236946 0.239250 -0.106687 0.157666 0.252287 0.125877 0.032837 -0.179220 -0.041284 -0.106928 0.238926 -0.150731 0.099988 -0.034066 0.065914 0.119934 -0.108880 0.203625 -0.117706 -0.093758 -0.045481 -0.039388 0.051937 0.281971 -0.185037 -0.015186 -0.065738 -0.169031 -0.186705 -0.217690 -0.034160 -0.159661 0.112706 0.128830 -0.035708 -0.074692
straight -0.283155 0.075257 0.563996 -0.178784 0.091424 -0.218265 0.395654 -0.324552 -0.734522 0.089389 0.253676 -0.248261 0.107956 -0.307351 0.536112 0.358674 -0.244309 0.056731 0.303337 -0.164409 0.336604 0.134177 -0.216124 -0.351094 0.257711 -0.421881 -0.098093 -0.024319 0.167083 0.323963 -0.049200 -0.367303 -0.185143 0.143354 -0.213993 -0.455078 0.489057 0.020098 -0.348429 0.077044 -0.057132 -0.554491 -0.262548 0.164723 -0.095317 -0.328565 -0.139893 0.455139 -0.036840 -0.363671
strained -0.213433 -0.175750 0.388043 0.079710 0.090249 -0.127794 -0.008135 0.046204 -0.153010 -0.135143 0.188211 0.196451 0.116251 -0.333559 0.090556 0.009061 -0.045387 0.155669 -0.012112 0.008859 0.100979 -0.284535 -0.035126 -0.185799 0.221225 -0.247560 0.212295 -0.223925 -0.110144 0.336700 -0.186115 0.082706 -0.113279 -0.181081 -0.101271 -0.150113 0.205349 0.219552 -0.412002 0.044479 0.114394 -0.144363 -0.020758 -0.140897 -0.035735 -0.325699 -0.136837 0.037560 0.012325 -0.253491
straits -0.091344 0.088290 0.290517 -0.110030 0.197385 -0.175737 0.391688 -0.186635 -0.272958 -0.001197 0.221376 0.106655 -0.125851 -0.208542 0.399760 0.041672 -0.089952 0.178817 0.145312 0.156642 -0.107807 0.007565 -0.166640 -0.056831 0.065693 -0.167351 -0.013241 -0.000969 -0.002125 0.294105 -0.186466 -0.143335 -0.137722 -0.087153 0.139621 -0.164973 0.321690 0.190602 -0.153375 -0.198801 -0.119621 -0.284327 -0.004159 -0.054182 -0.031923 -0.018022 -0.090547 0.099957 -0.139786 -0.055976
strange -0.245671 -0.026379 0.581490 0.187964 0.210489 0.022298 0.302956 -0.204795 -0.294452 -0.262510 0.291183 -0.145991 -0.309417 -0.093274 0.160225 0.459438 -0.018938 0.284221 0.114845 0.162696 0.087458 -0.467798 -0.027235 -0.049819 0.280997 -0.415662 0.316590 -0.123826 -0.052263 0.314529 -0.047882 0.080209 -0.167446 -0.109684 -0.118552 -0.366566 0.037893 0.130509 -0.452151 -0.003960 -0.099100 -0.126363 -0.598325 -0.119017 0.095067 -0.156778 0.020048 0.249249 -0.077571 -0.180804
stranger -0.332023 0.119892 0.399148 -0.022489 0.105846 -0.015593 0.003825 -0.010844 -0.284445 -0.043502 0.067085 0.182751 -0.232263 -0.400865 0.283887 0.230377 -0.192739 0.312809 0.264772 0.203517 -0.024395 -0.328346 -0.080730 -0.102604 0.323865 -0.117237 0.292160 -0.094908 -0.023302 0.342898 -0.185591 0.078624 -0.304957 -0.361752 0.138118 -0.148724 0.286700 0.320784 -0.178443 0.010428 -0.044783 -0.247330 -0.272535 -0.371073 -0.223430 -0.159768 0.032503 0.325033 0.025918 0.083324
stream -0.436692 -0.148299 0.860178 -0.825939 0.523889 -0.562044 0.482576 -0.160846 -0.477595 -0.258250 0.678115 0.372144 -0.433432 -0.464632 0.613346 0.335380 -0.152354 0.660909 0.767936 -0.068282 -0.301358 -0.185574 -0.385680 -0.541782 0.352325 -0.370479 0.283751 0.080915 0.138102 0.530102 -0.007554 0.253436 -0.424824 -0.266433 -0.112623 -0.238236 0.454851 0.673637 -0.700032 -0.054488 -0.373980 -0.738464 -0.250813 -0.130760 -0.227507 -0.565876 -0.025646 0.492460 -0.303272 -0.144905
street -0.156281 -0.166430 0.778416 -0.436050 0.447502 -0.025989 0.274624 -0.292840 -0.472722 0.052744 0.199177 0.069331 -0.314986 -0.361259 0.738247 0.298208 -0.104653 0.385671 0.752020 -0.034536 0.109003 -0.214579 -0.195934 -0.273627 0.484727 -0.147145 0.161874 0.179900 0.311504 0.515125 0.115543 -0.139894 -0.281500 -0.070771 -0.094452 -0.348827 0.656661 0.385175 -0.224726 0.031421 -0.119359 -0.576081 -0.314600 0.027920 -0.586781 -0.375886 0.102251 0.618868 -0.099861 -0.219101
strength -0.090582 0.056137 0.512013 0.176750 0.213041 0.212067 0.235401 -0.158393 -0.049350 -0.041692 0.360470 0.116280 -0.337175 -0.131608 0.205831 0.254215 -0.160228 0.140252 0.153442 -0.042517 -0.021488 -0.145021 0.026553 -0.215225 0.193624 -0.120738 0.208029 0.082845 0.226114 0.307347 0.190928 -0.026103 -0.176881 -0.158352 0.019681 -0.283979 -0.026663 0.253453 -0.335690 0.087858 -0.119644 0.027087 -0.398787 -0.080417 0.028831 0.022839 0.236698 0.236894 0.080543 -0.214072
strong -0.495396 -0.011119 0.247024 0.293458 0.228307 0.373435 -0.230913 -0.046277 -0.048505 -0.061618 0.108269 0.128486 -0.270258 -0.271493 -0.056038 0.160565 -0.412592 0.116086 -0.170077 -0.126933 0.024627 -0.454014 0.151580 -0.305546 0.344670 -0.336991 0.159559 0.306195 0.122004 0.344646 0.004966 0.001141 -0.075137 -0.271347 -0.469550 -0.382922 -0.069577 0.405624 -0.561307 0.328543 -0.081304 -0.111012 -0.571007 -0.475303 0.037682 -0.082729 0.097922 0.349134 0.345066 -0.300178
struck -0.357465 -0.291868 0.495987 -0.302683 0.335024 -0.479782 0.260789 0.169676 -0.335962 -0.124901 0.201776 0.283542 0.199139 -0.234661 0.333167 0.166724 -0.321997 -0.030463 0.080158 0.018264 0.041213 0.119298 -0.012673 -0.470700 0.068967 -0.351173 -0.021864 -0.236688 0.106974 0.078171 -0.049624 0.144914 0.098817 0.199153 -0.319250 -0.166343 0.051058 0.258137 -0.525379 0.024233 0.162159 -0.378474 -0.185197 -0.114762 0.015767 -0.562668 0.206875 -0.054177 0.090829 -0.320847
struggle -0.303146 0.048965 0.321764 0.213120 0.047731 0.053338 0.135165 -0.033287 -0.230244 -0.164421 0.316843 -0.001014 -0.227659 -0.285138 0.006393 0.159100 -0.077208 0.280350 0.031844 0.072981 -0.014278 -0.441915 -0.040329 -0.173928 0.405545 -0.237875 0.402323 -0.084379 -0.077611 0.323870 -0.062841 0.201877 -0.222901 -0.248690 -0.161507 -0.251976 0.025891 0.059453 -0.569395 0.043211 0.003175 -0.143567 -0.350499 -0.157073 -0.079173 -0.234151 -0.214714 0.309112 -0.014100 -0.045993
struggled -0.250009 0.087548 0.092883 0.271336 0.305027 0.215040 0.396999 -0.394025 -0.395107 0.255541 0.142018 -0.221754 0.060214 -0.214414 0.402627 0.164918 -0.338575 -0.070456 -0.079853 -0.116672 0.256157 -0.173711 -0.112252 -0.152678 0.134464 -0.348981 -0.286720 0.254327 0.390808 0.357591 -0.100849 -0.434066 -0.072030 -0.002406 -0.493520 -0.414043 0.291431 -0.172551 -0.395459 0.039846 -0.213994 -0.484514 -0.305147 0.069627 -0.031203 0.093281 -0.307315 0.384765 0.096497 -0.247896
studied -0.151196 -0.220912 0.459868 -0.395476 0.110770 -0.456354 -0.193640 -0.077499 -0.275758 0.102890 -0.121967 0.059671 -0.003411 -0.015507 0.369020 0.220412 -0.280977 0.046351 0.174876 0.039565 -0.087055 0.129433 -0.075989 -0.159935 -0.109284 -0.028259 -0.089177 0.205875 0.061919 0.070134 -0.029708 -0.044082 -0.144193 -0.049956 0.020340 -0.250564 0.276528 0.269983 -0.258881 -0.117138 -0.054531 -0.189605 0.025492 -0.252121 0.093740 -0.210850 -0.036745 0.026485 -0.162491 -0.245235
stumbled -0.146296 -0.278899 0.402763 -0.039586 0.191935 -0.154750 0.240119 -0.098685 -0.096400 -0.103302 0.363453 0.018016 0.074801 -0.116431 0.185886 0.101823 -0.165146 -0.065476 -0.098415 -0.188380 -0.032284 -0.068017 -0.188407 -0.380629 -0.119941 -0.226134 -0.088336 0.276382 0.121740 0.296268 0.117897 -0.110718 0.147990 0.102349 -0.387753 -0.442295 0.055382 0.020072 -0.586499 0.049537 -0.128242 -0.208766 -0.181220 0.207802 0.123001 -0.210433 -0.203433 0.128765 -0.050429 -0.412770
succeeded 0.052617 -0.266134 0.446909 0.046052 0.332094 0.002239 0.284394 -0.196181 -0.096024 -0.165588 0.288630 -0.252693 -0.016920 0.093998 0.250849 -0.027035 -0.099309 0.016375 -0.061104 -0.256386 0.141132 -0.172688 -0.015569 -0.281004 0.013122 0.044086 -0.071027 0.381941 0.108304 0.421722 0.201174 -0.193690 -0.000373 0.225359 -0.261116 -0.480519 0.074553 -0.226869 -0.530870 0.058123 -0.002566 -0.093886 -0.199735 0.290675 0.011905 -0.068123 -0.291900 0.067893 -0.031186 -0.431973
such -0.939887 0.448836 0.208629 0.263231 0.027490 0.002594 0.409776 -0.090432 -0.033583 -0.312718 0.337267 -0.308653 -0.381749 -0.002039 -0.408110 0.452671 -0.150095 0.181832 -0.161856 0.241739 0.311992 -0.784786 -0.103213 0.097831 0.222495 -0.748088 0.221222 0.201991 0.061435 0.101599 -0.288229 0.660095 0.412537 -0.228785 -0.275835 -0.455022 -0.748347 -0.326806 -0.978605 -0.152340 -0.265270 0.013807 -0.438240 -0.235635 0.528812 0.113992 0.188829 -0.177340 0.181768 -0.349173
sudden -0.227324 0.098669 0.414096 0.063803 0.126997 -0.036719 0.431208 -0.154935 -0.266736 -0.082685 0.462127 -0.117144 -0.307736 -0.186192 0.169821 0.287738 -0.171175 0.242113 0.126325 0.042227 -0.100271 -0.144071 -0.105011 -0.306403 0.254467 -0.355101 0.263356 0.037377 0.118736 0.228065 0.014703 0.071552 -0.198272 -0.089711 -0.159288 -0.361369 0.034868 0.108681 -0.515621 -0.032444 -0.124345 -0.240638 -0.473911 0.040960 0.027098 -0.219845 -0.044627 0.318940 -0.106310 -0.165453
suddenly -0.275614 -0.189495 0.343064 0.086448 0.108389 -0.020886 -0.289312 -0.115839 -0.456647 0.297206 0.077572 -0.198561 0.021346 -0.110230 0.353465 0.171129 -0.266299 -0.014454 0.176853 -0.231392 0.391478 -0.373694 0.061003 -0.296674 0.401442 -0.056505 -0.063790 0.219592 0.516095 0.248510 -0.181597 0.221615 -0.297213 -0.215663 -0.535040 -0.296043 0.384773 0.045682 -0.497135 0.233831 0.059805 -0.419153 -0.118766 -0.184109 -0.191430 -0.341655 -0.440477 0.384221 0.015608 -0.235776
suffering -0.117329 -0.154795 0.229538 0.296250 0.064424 0.142503 0.241347 0.067489 -0.020025 -0.173976 0.331068 0.039979 0.120901 -0.343055 -0.036663 -0.022033 0.135970 0.174188 -0.170740 -0.005350 0.163732 -0.378923 -0.037327 -0.237160 0.258534 -0.321759 0.387679 -0.289792 -0.132130 0.375984 0.011381 0.046800 -0.072129 -0.041551 -0.271433 -0.208411 0.089185 -0.041845 -0.454435 0.096325 0.214241 -0.079549 -0.300449 0.132661 -0.183166 -0.356196 -0.150980 0.188211 0.109979 -0.209989
sufficient -0.231425 0.249143 0.147542 0.492585 -0.053016 0.229760 0.243628 -0.148112 -0.201531 0.012240 0.235301 0.061544 -0.085248 -0.493674 0.059172 0.064705 -0.150713 0.140817 -0.097258 0.056498 0.154868 -0.245958 -0.147057 -0.103918 0.185174 -0.414744 0.223184 -0.261843 0.049249 0.373731 -0.245665 -0.214224 -0.255878 -0.311967 0.083296 -0.216401 0.328899 0.055798 -0.290102 0.042269 0.062567 -0.186576 -0.190962 0.007523 -0.067391 -0.026191 -0.130015 0.285262 0.070907 -0.197872
suggested -0.176239 0.024751 0.449398 -0.067912 0.165557 -0.345258 0.130696 -0.396163 -0.503195 -0.044726 0.087526 -0.353192 -0.024307 0.124692 0.419200 0.150353 -0.320810 -0.049045 0.019421 -0.129276 0.104998 -0.051155 -0.013780 -0.054497 -0.068089 -0.086744 -0.286881 0.372465 -0.037870 0.186533 -0.042479 -0.239444 -0.036605 0.065985 -0.006933 -0.389238 0.301914 -0.173514 -0.526624 -0.115166 -0.006730 -0.306414 -0.061011 -0.054546 0.238085 -0.032466 -0.236127 0.035973 -0.152803 -0.269289
summer -0.100254 0.043892 0.382846 0.166108 0.050443 0.039106 0.066755 -0.206613 -0.165036 -0.151023 0.228022 -0.135157 -0.064219 -0.050385 -0.028150 0.200838 0.001706 0.222359 0.031603 0.045967 0.015449 -0.335293 0.127090 0.036652 0.284144 -0.280311 0.233715 -0.136093 -0.172836 0.126254 -0.006585 0.131554 -0.246997 -0.229897 -0.096843 -0.049477 -0.014602 0.081354 -0.377649 -0.016796 -0.001491 0.035489 -0.318198 -0.170644 0.115234 -0.115499 -0.005975 0.094594 -0.027304 -0.152403
sun -0.215371 -0.155882 0.807751 -0.426050 0.464758 -0.030008 0.129977 -0.126458 -0.585427 0.196733 0.293897 0.258195 -0.484380 -0.532525 0.578430 0.255104 -0.140749 0.664651 0.837080 -0.047987 -0.082192 -0.031013 -0.206990 -0.583151 0.718041 -0.317874 0.476412 0.012089 0.392279 0.532273 0.149891 0.050021 -0.764997 -0.393492 -0.132536 -0.428962 0.745441 0.688701 -0.421259 0.064746 -0.112593 -0.665519 -0.354826 -0.235066 -0.561874 -0.516649 -0.100225 0.790194 0.050256 -0.298436
sunshine -0.243592 -0.080616 0.390072 0.104106 0.249241 0.185348 0.029354 -0.108205 -0.218699 0.088605 0.050575 0.145975 -0.083557 -0.179527 0.257054 0.297325 -0.199136 -0.022485 0.072243 0.054103 0.044836 -0.214615 -0.055879 -0.200680 0.175553 -0.170151 -0.000579 0.083034 0.223002 0.326007 0.069543 -0.129654 -0.170699 -0.092605 -0.323721 -0.334539 0.115738 0.256030 -0.276156 0.137509 -0.106889 -0.093666 -0.309304 -0.178308 -0.080579 -0.054628 0.031203 0.261101 0.114136 -0.270589
sure -0.585911 -0.051010 0.648765 0.669339 0.469994 -0.051630 0.289399 -0.195602 -0.673267 -0.281678 0.263883 -0.166914 -0.043255 -0.233602 0.335536 -0.238725 -0.246541 0.018075 -0.699996 0.195121 -0.032533 -0.675962 0.184680 -0.058967 0.184574 -0.281541 -0.039810 0.037642 -0.676841 0.803297 -0.260494 -0.299255 -0.202249 -0.168275 -0.096739 -0.604149 0.526332 -0.205350 -1.264198 -0.291310 0.704936 -0.502128 -0.322360 -0.351749 0.032211 -0.309994 -0.533916 -0.135897 0.040015 -0.485205
surface -0.174466 -0.001989 0.829098 -0.008587 0.343502 -0.142478 0.496773 -0.329187 -0.373775 0.124856 0.576698 0.229508 -0.447509 -0.547685 0.632584 0.267914 -0.395971 0.422223 0.104421 0.099171 -0.249280 -0.169968 -0.278363 -0.501551 0.186586 -0.376471 0.234416 0.178637 0.160326 0.558419 -0.040733 -0.100040 -0.353136 -0.303231 0.052035 -0.408739 0.424322 0.464023 -0.675876 -0.148376 -0.245769 -0.486655 -0.500630 -0.233341 -0.042013 -0.303230 -0.077654 0.496786 -0.147420 -0.324973
sweat -0.118713 -0.043676 0.403764 -0.187216 0.150920 -0.195582 -0.068904 0.018160 -0.300533 -0.110616 0.105180 0.169133 -0.166836 -0.205024 0.370173 0.145459 -0.092714 0.200120 0.297455 -0.033039 0.068279 -0.023395 -0.023641 -0.202883 0.175967 -0.045094 0.146787 -0.041531 0.039120 0.242789 -0.015088 0.047347 -0.217243 -0.139969 0.213152 -0.121656 0.346047 0.291778 -0.173996 0.027481 0.094976 -0.242213 -0.045753 -0.209837 -0.136850 -0.238770 0.081635 0.187982 0.051478 -0.048018
sweet -0.168667 0.035255 0.199893 0.198779 0.011175 0.112375 -0.116802 -0.018352 -0.167277 0.046004 0.277819 0.140547 -0.011331 -0.226603 0.002544 0.172853 -0.098220 0.108996 -0.010224 0.010779 -0.018477 -0.245546 0.136042 -0.065733 0.340928 -0.248552 0.166985 -0.183441 -0.031065 0.032507 -0.058712 0.179957 -0.148282 -0.290593 -0.230589 0.140563 -0.047290 0.253831 -0.294447 0.118228 -0.018276 -0.104326 -0.304048 -0.335078 0.018296 -0.129571 0.039447 0.194030 0.188915 -0.008585
sweetness -0.250800 0.093200 0.312491 0.236351 0.014977 0.045854 0.123949 -0.043092 -0.138683 0.108249 0.445517 0.103320 -0.253378 -0.295995 0.109523 0.224046 -0.281135 0.196648 -0.091723 0.104589 -0.124326 -0.175874 -0.033993 -0.288150 0.279332 -0.303417 0.329138 0.000022 0.091894 0.221381 -0.097092 0.109409 -0.236897 -0.283355 -0.227482 -0.285437 0.005490 0.391915 -0.403925 0.039297 -0.182670 -0.100217 -0.424190 -0.294281 0.148221 -0.222058 -0.068973 0.299293 -0.021586 -0.074909
swift -0.322971 0.033632 0.403959 0.043740 0.018692 -0.071774 0.228360 -0.131895 -0.211817 -0.140819 0.201159 0.167650 -0.199436 -0.289830 0.123454 0.225891 -0.177970 0.175875 0.095173 0.062968 0.001242 -0.222626 -0.003997 -0.196903 0.243631 -0.293449 0.271481 -0.251147 0.024005 0.174405 -0.007656 0.256893 -0.306106 -0.184969 -0.044783 -0.018799 0.047105 0.192578 -0.304617 0.080938 0.152841 -0.050423 -0.323770 -0.204625 -0.096587 -0.226004 0.163492 0.166472 -0.009831 -0.098952
swiftly -0.258765 -0.145370 0.332434 -0.241524 0.278814 -0.205271 -0.136870 -0.094979 -0.304353 0.114782 -0.032537 0.066161 0.165678 -0.128292 0.352225 0.231640 -0.210727 -0.019183 0.045637 -0.090168 0.152605 -0.095170 -0.015612 -0.165307 0.067290 -0.123858 -0.206704 0.173247 0.112322 0.220580 -0.103343 -0.108628 -0.001103 0.022145 -0.347148 -0.195892 0.106899 0.265626 -0.317405 0.019393 -0.123134 -0.252245 -0.141199 -0.283272 0.008745 -0.138911 -0.063043 0.138248 0.103202 -0.208473
swimming -0.075145 -0.012022 0.209368 -0.016793 0.101822 -0.187254 0.352272 -0.213085 -0.268713 -0.064626 0.260036 -0.204698 -0.020390 0.111944 0.271768 0.013697 -0.053916 -0.010234 0.076868 0.000501 0.173142 -0.087546 0.014125 -0.045228 0.119249 -0.138185 -0.059394 0.031033 0.101445 0.119456 -0.107537 0.093146 -0.020759 0.112524 -0.146417 -0.188209 0.102994 -0.147221 -0.254012 -0.079897 0.011264 -0.109280 -0.002161 0.085216 0.065817 -0.148119 -0.152043 -0.028289 -0.129737 -0.093876
swung -0.165474 -0.146477 0.377372 -0.153231 0.241489 -0.206362 0.281925 -0.049487 -0.219234 0.057278 0.278640 -0.051383 0.004350 -0.126235 0.328514 0.148064 -0.226908 0.056329 0.046391 -0.104271 -0.067509 0.041699 -0.164387 -0.372548 -0.015584 -0.144959 -0.060720 0.204684 0.153894 0.251638 0.051945 -0.117809 -0.028526 0.074315 -0.291529 -0.400084 0.187587 0.040516 -0.447452 0.009797 -0.076536 -0.353048 -0.233963 0.144803 -0.045816 -0.271731 -0.167134 0.192338 -0.081119 -0.245793
t -0.679765 1.491168 1.448736 0.097627 0.187390 -1.159565 -1.046710 -0.764898 -1.849289 -1.547427 -0.146129 -2.095552 -0.150989 0.454724 1.224007 0.887659 -0.310112 0.091807 -0.180458 -0.329819 0.787748 -1.056720 -0.039474 0.512930 0.363120 1.257634 -1.216234 2.221681 -1.672306 1.307040 -0.075328 -0.166424 0.133460 -0.252356 0.660175 -1.597811 0.902811 -0.481222 -1.573429 -0.479887 0.707595 -0.505872 -0.522442 -0.990023 0.971301 0.764134 -1.102504 0.171447 -0.598705 0.462279
table -0.200486 -0.088841 0.714791 -0.471972 0.488694 -0.091414 0.333620 -0.216044 -0.389694 -0.157060 0.187989 0.244221 -0.635955 -0.641346 0.691568 0.295325 -0.324512 0.524644 0.645389 0.072331 -0.119228 -0.278683 -0.359142 -0.552722 0.388836 -0.143332 0.239590 0.289495 0.360379 0.622643 0.005547 0.054820 -0.489714 -0.130110 0.011993 -0.319330 0.526725 0.501081 -0.197832 -0.009966 -0.124429 -0.735549 -0.697900 -0.079640 -0.587131 -0.342320 0.018998 0.816224 -0.084623 -0.073468
tagish 0.006370 -0.137118 0.188900 0.098513 0.175798 0.150656 0.275453 -0.195913 -0.085877 -0.022634 0.145066 -0.044335 0.026123 -0.144291 0.073087 0.195936 0.061646 0.158054 0.087277 0.071655 0.073291 -0.196629 0.012485 -0.064160 0.180294 -0.331150 0.163641 -0.236207 0.103153 0.161014 0.038229 -0.027902 -0.151368 -0.004916 -0.237969 -0.044933 0.073402 -0.018865 -0.139463 0.048260 -0.059915 -0.097609 -0.352261 0.121641 -0.140844 -0.135282 0.030633 0.227367 -0.006888 -0.108305
take -1.066211 1.077635 0.061137 0.086366 -0.371641 -0.154004 0.093414 -0.415375 -0.805472 0.172401 0.138491 -0.066598 -0.549122 -0.357375 0.201500 0.354923 -0.612898 -0.112560 0.228494 0.261686 -0.290771 -0.040137 -0.414317 0.195580 0.179566 -0.345925 -0.114619 0.357910 -0.259660 0.176731 -0.416855 -0.198454 -0.093553 -0.600813 0.346833 -0.355991 0.156638 0.180673 -0.389323 -0.251606 -0.436192 -0.487222 -0.096834 -0.487150 0.419784 0.399247 -0.193351 0.389653 -0.155574 0.318912
taken -0.426055 -0.011139 0.109764 0.383961 0.349504 0.334053 -0.002992 0.416400 -0.237179 -0.170930 0.047114 0.353082 -0.000805 -0.458821 0.117094 -0.049098 -0.068057 0.087203 -0.060547 0.190218 0.165230 -0.457670 0.097253 -0.146497 0.447375 -0.009528 0.291555 -0.291961 -0.087398 0.573664 -0.176426 -0.009046 -0.055860 -0.178940 -0.141287 -0.345097 0.139706 0.003054 -0.501483 0.048006 0.398204 -0.328998 -0.303348 -0.203482 -0.546987 -0.168702 -0.144650 0.233579 0.438681 0.076145
takes -0.305078 0.129777 0.382801 -0.215810 -0.167109 -0.581161 0.088868 -0.060725 -0.372708 0.069713 0.298156 0.011698 -0.186232 -0.090663 0.402741 0.281811 -0.358706 -0.020665 0.214921 0.211079 -0.099819 0.171363 -0.303804 -0.184171 -0.105575 -0.179382 0.081682 0.141359 0.061529 0.096820 -0.275445 0.069654 0.025007 -0.104546 0.193965 -0.374812 0.213588 0.243449 -0.269908 -0.200901 -0.367409 -0.253555 0.062069 -0.159001 0.426528 -0.202997 -0.171248 0.077772 -0.306884 0.033797
taking -0.315495 0.323455 0.435512 -0.178618 0.098307 -0.237360 0.264711 -0.400157 -0.601416 -0.104459 0.247518 -0.117241 -0.316712 -0.035368 0.334406 0.339061 -0.267747 0.185379 0.485649 -0.047286 0.002402 -0.034209 0.035734 0.025782 0.266607 -0.285553 0.035061 0.018702 0.003751 0.020621 -0.009307 0.057323 -0.240587 -0.232965 0.272374 -0.035033 0.161241 0.038947 -0.505375 -0.083587 -0.132647 -0.306067 -0.131308 -0.223203 0.068982 -0.051408 0.165277 0.166055 -0.096355 -0.050151
tale -0.205241 0.184604 0.210425 -0.091766 0.103791 -0.069075 -0.053462 -0.093452 -0.245269 0.005405 0.042683 -0.053619 -0.201212 -0.146007 0.256457 0.119524 -0.211286 0.174746 0.234641 0.039612 -0.030050 -0.091998 -0.036864 0.013162 0.162068 -0.042377 -0.020460 0.249542 -0.035951 0.149717 -0.131578 -0.084740 -0.073403 -0.214990 0.192910 -0.140740 0.239923 0.166825 -0.160699 -0.110817 -0.163285 -0.281740 -0.049781 -0.255102 0.036245 0.024055 0.003572 0.158493 0.039335 -0.003033
tales -0.126810 0.052245 0.314061 0.088732 0.126875 -0.004649 0.124579 -0.163641 -0.287342 -0.086227 -0.007618 0.018952 -0.001584 -0.161156 0.305547 0.071620 -0.044493 -0.078490 -0.075470 0.070153 0.093885 -0.147801 -0.155826 -0.057463 -0.025760 -0.138946 -0.122559 0.173746 -0.181985 0.343006 -0.016458 -0.305169 0.076262 0.030483 0.129007 -0.323366 0.242910 0.015042 -0.305757 -0.124263 0.047976 -0.151628 -0.030349 -0.051133 0.002154 0.013132 -0.062817 0.079734 0.052953 -0.277618
talk 0.004827 0.254846 0.364627 0.404310 0.053103 0.314727 0.055198 -0.195444 -0.211064 -0.047068 0.273444 -0.074737 -0.224308 -0.518776 0.166621 0.150441 -0.120513 0.414354 -0.050425 0.039615 0.079753 -0.336884 -0.033949 -0.037349 0.392889 -0.267115 0.245376 0.082947 -0.183790 0.399637 -0.198888 -0.263774 -0.198438 -0.307232 0.212348 -0.263849 0.369020 0.272124 -0.284068 -0.034119 -0.085588 -0.283564 -0.503165 -0.233814 -0.099790 -0.025027 -0.135126 0.496729 0.096136 -0.117617
tax -0.175319 0.141234 0.407070 0.317561 0.061145 0.140279 0.191859 -0.092207 -0.229255 -0.078072 0.261683 0.076190 -0.152572 -0.422184 0.193192 0.241075 -0.015610 0.262799 -0.052352 0.191505 0.165796 -0.296307 -0.004813 -0.079084 0.279446 -0.372794 0.264361 -0.240108 -0.079252 0.363222 -0.211625 -0.045571 -0.208985 -0.229781 0.118502 -0.198016 0.258680 0.334004 -0.260345 -0.031192 0.080230 -0.136200 -0.385399 -0.206036 -0.057846 -0.170249 0.044181 0.286972 0.064145 -0.139327
team -0.265900 -0.029868 0.513861 0.127998 0.328143 -0.032513 0.432995 -0.089651 -0.241746 -0.235320 0.345300 0.118295 -0.294381 -0.295854 0.284898 0.203789 -0.115462 0.278023 0.031386 0.350215 -0.191722 -0.398901 -0.107602 -0.140148 0.195039 -0.384761 0.237717 -0.046327 -0.150244 0.401863 -0.113838 0.057033 -0.112892 -0.151271 -0.021401 -0.333727 0.167782 0.230236 -0.507350 -0.198852 -0.039598 -0.303926 -0.415708 -0.192694 -0.003945 -0.216184 -0.018663 0.142096 -0.075340 -0.154669
teeth -0.396603 0.228993 0.434556 0.134941 0.236962 -0.091908 0.206674 -0.033691 -0.268966 -0.192447 0.509102 0.215499 -0.164788 -0.414912 0.404993 0.042817 -0.550948 0.094888 -0.229960 -0.339941 0.137646 -0.162426 0.238170 -0.569655 0.189967 -0.193672 -0.038409 0.093108 0.148642 0.244767 -0.111611 0.050826 -0.232264 -0.152913 -0.017107 0.018809 0.139533 0.396499 -0.725412 0.347703 0.282292 -0.367108 -0.398200 -0.350618 0.092664 -0.291638 0.282581 0.213733 0.183288 -0.244067
tell -0.757306 1.005282 0.630126 0.470354 0.355022 -0.501674 0.724791 -0.921302 -1.359793 0.278997 0.218769 -0.706776 -0.100466 0.109760 0.907399 0.114305 -0.913036 0.017487 -0.404022 0.304728 -0.506299 -0.151473 -0.446263 0.389117 -0.077661 -0.038751 -0.809889 0.493770 -0.679329 0.515543 -0.823110 -0.696256 0.079377 -0.377115 0.644752 -0.739901 0.489045 -0.441225 -0.617656 -0.507162 0.143938 -0.743302 -0.194976 -0.373920 0.587369 0.431723 -0.478196 -0.487081 -0.391600 -0.149248
tellin -0.362785 0.172854 0.212537 -0.141562 -0.016201 -0.415203 0.131180 -0.087643 -0.228643 -0.253601 0.270147 -0.152995 -0.229222 0.078195 0.124107 -0.000357 -0.268057 0.131922 -0.017015 -0.046188 -0.199197 0.016429 -0.078042 -0.007230 -0.033731 -0.026363 -0.002789 0.312481 -0.170757 0.143722 -0.166168 0.145602 0.082680 -0.111912 0.186702 -0.378923 -0.018483 0.009650 -0.509632 -0.095443 -0.042521 -0.159836 -0.000763 -0.097742 0.273554 -0.012683 -0.214880 -0.094891 -0.188620 0.026025
telling -0.209566 0.021040 0.211659 0.284401 -0.012943 0.114552 -0.051252 -0.225144 -0.196998 -0.068546 0.034895 -0.313995 -0.124734 0.112980 -0.047089 0.081972 -0.175662 0.041758 -0.124484 -0.026949 0.057267 -0.283940 0.176864 0.092215 0.197937 -0.092994 0.040720 0.106145 -0.103035 0.108727 -0.010431 0.008378 -0.177902 -0.135307 -0.156225 -0.255837 0.052579 -0.126356 -0.421102 0.030417 0.134375 0.020793 -0.273348 -0.154934 0.047208 -0.008092 -0.207358 0.071591 -0.047521 -0.131176
ten 0.096445 -0.288502 0.823588 0.390990 0.363241 0.305166 0.407297 -0.267814 -0.133551 -0.001346 0.332443 0.033608 -0.493729 0.075965 0.177256 0.254863 0.272516 -0.095282 -0.023400 0.336572 0.163077 -0.323972 0.214890 0.057564 0.349418 -0.265044 0.107902 0.010796 0.070669 0.221970 0.217676 0.216021 0.057748 0.019035 -0.384251 -0.151631 -0.181589 0.536762 -0.360165 -0.354273 -0.245545 0.084741 -0.604686 -0.154915 0.171341 -0.030377 0.036562 0.212431 -0.025092 -0.339937
terms -0.020480 0.167088 1.099178 0.187635 0.331732 -0.053473 0.790306 -0.716508 -0.501976 -0.201968 0.580030 -0.141653 -0.482593 -0.385151 0.723094 0.645937 -0.097173 0.659206 0.157505 0.631849 -0.192701 -0.479634 -0.058602 -0.015870 0.337490 -0.734812 0.564822 -0.061847 -0.448574 0.593575 -0.033381 -0.245292 -0.332849 -0.286072 0.432404 -0.506260 0.557111 0.435130 -0.502713 -0.409593 -0.360432 -0.230903 -0.774277 -0.486555 0.220468 -0.278008 0.215177 0.422687 -0.199711 -0.232664
terrible -0.461836 0.290722 0.470081 -0.358477 -0.028769 -0.392459 -0.124924 -0.035162 -0.350467 -0.030354 -0.143033 0.106520 -0.579210 -0.070532 0.307640 0.406856 -0.382256 0.173132 0.363490 0.275239 -0.296171 -0.140084 -0.240791 -0.168312 0.074084 0.089282 0.262957 0.351801 0.021023 0.175660 -0.083618 0.238977 -0.305484 -0.221435 0.355103 -0.308419 -0.010222 0.320137 -0.269081 -0.091480 -0.240823 -0.060207 -0.096893 -0.489614 0.146114 -0.040968 0.093400 0.160796 -0.241446 0.101494
test -0.140256 -0.128963 0.271742 0.034472 0.060951 -0.077922 0.135859 -0.102877 -0.175230 -0.051037 0.093648 0.076980 0.142152 -0.147264 0.042202 0.161068 0.093037 0.120801 0.048456 0.191610 0.030361 -0.177873 0.000650 0.028492 0.118218 -0.381398 0.125523 -0.328881 -0.149758 0.082376 -0.051247 0.094830 -0.081189 -0.175203 -0.106499 0.001953 0.169779 0.105156 -0.171662 -0.077861 0.065651 -0.075911 -0.079436 -0.135271 0.022683 -0.175206 0.048084 -0.041791 0.040372 -0.196927
than -0.824792 0.538294 1.006464 0.066560 0.024422 -0.766868 0.075917 -0.473479 -0.835807 -0.702290 -0.274749 0.178336 -0.169001 0.261531 -0.065786 0.565610 -0.048375 -0.345760 -0.234172 0.764185 -0.011452 -0.718758 -0.089946 0.282527 -0.004761 -0.271201 -0.225909 -0.155281 -0.449810 0.456239 -0.709592 0.581714 0.101351 0.167043 0.306713 -0.338243 -0.795988 -0.007455 -1.157590 -0.518738 0.162595 0.444124 0.229369 -0.722414 0.939786 0.303989 -0.178033 -0.855745 -0.278239 -0.446489
thank -0.354414 0.193553 0.310542 0.082667 0.101148 -0.122392 0.069192 -0.151813 -0.434963 0.014830 0.014071 -0.092659 0.061303 -0.111659 0.335151 0.033226 -0.243686 -0.111189 -0.066636 0.063070 0.039051 -0.153070 -0.068410 0.028904 0.092907 -0.006537 -0.178997 0.110005 -0.241265 0.293415 -0.229092 -0.181779 0.028333 -0.087785 0.012671 -0.262718 0.193423 0.035112 -0.267416 -0.094059 0.152840 -0.232678 -0.085286 -0.180522 0.057564 -0.040970 -0.098978 -0.017676 -0.003997 -0.077120
that -0.438232 -1.427701 0.968511 1.218939 0.344889 -0.034779 -0.258934 0.693485 0.395012 -1.867022 0.090007 -0.560363 0.065744 0.224389 0.129047 -0.242496 -1.587337 0.150536 1.130536 0.201054 0.656783 -0.631028 0.702464 0.676031 0.101723 -0.332715 1.276246 -0.802975 -0.620887 0.377259 -0.795857 -0.531155 0.526988 -0.449496 0.119680 -1.443232 1.323210 -0.024069 -0.518393 0.770107 0.157328 0.131482 -1.012652 0.406698 0.515408 -0.564678 0.283049 -0.799294 0.247066 -0.034091
the -1.182519 -0.354191 -0.356777 0.635082 0.917003 0.804341 0.993717 -1.026783 -0.198734 0.146254 -0.109974 -0.919618 0.401781 0.157522 -0.586200 1.278313 0.232308 1.043067 -1.028874 0.211838 -0.592448 -0.210049 0.296192 0.176704 -0.586601 -1.794109 -0.337047 -1.309274 -0.727620 0.443228 0.245347 -1.267802 -0.871482 -0.125077 -1.000913 -0.292901 0.585277 -0.076327 0.249539 0.485612 0.127311 -0.564960 -1.416181 0.207017 0.007113 -0.205139 0.660996 -0.290171 -0.060252 -0.278271
thee -0.150278 0.360803 0.063029 0.440251 0.340439 0.097434 0.388048 -0.322345 -0.724096 0.081703 -0.038562 -0.375563 -0.069180 -0.083794 0.429462 -0.105979 -0.357474 -0.011611 -0.108811 -0.093446 0.194416 -0.216136 -0.057755 0.013452 0.176132 -0.013326 -0.354087 0.338780 0.108668 0.348724 -0.336789 -0.447596 -0.149949 -0.024113 0.043411 -0.460267 0.392275 -0.474692 -0.608881 -0.069292 0.099060 -0.527629 -0.002771 0.020451 -0.090530 0.184040 -0.554513 0.134168 0.001913 -0.121178
their 0.312554 0.062759 0.857536 0.394806 0.452475 0.530868 0.367416 -0.256866 0.007217 0.367576 0.289171 0.054659 0.758325 -0.755243 0.069087 0.799148 -0.155782 -0.063170 0.311758 -0.258399 0.860537 -0.414032 -0.236036 -0.069082 0.612578 -0.235276 0.089046 -0.432282 0.468834 0.327185 0.053861 -0.595352 0.474734 0.412795 -0.672409 -0.003615 -0.586988 -0.587457 -0.409473 0.143888 -0.770952 -0.250071 -1.004526 0.412525 -0.237143 -0.088875 0.270073 0.515686 0.238265 -0.541626
them 0.332217 0.373816 0.608364 0.600196 0.444470 0.804322 0.618219 -0.356838 -0.127871 -0.099898 0.842975 -0.434759 -0.028093 -0.389864 0.341412 0.050465 -0.364253 0.106425 0.291818 -0.440267 0.581587 -0.544846 -0.020987 -0.329583 0.704155 -0.090722 0.074486 0.348288 0.589530 0.561962 0.318564 -0.412633 -0.064190 0.089174 -0.149944 -0.394852 0.233828 -0.430681 -0.713288 0.366374 -0.218456 -0.262954 -0.363841 0.446060 -0.248123 -0.099314 0.167138 0.409371 0.216976 -0.495583
themselves -0.084743 0.101450 0.395272 0.400450 0.284919 0.387777 0.257549 -0.213410 0.038609 -0.060590 0.189756 -0.076642 -0.229342 -0.377543 0.162100 0.091366 -0.320086 0.200407 -0.062438 -0.022036 0.151319 -0.512613 -0.042579 -0.114217 0.217536 0.009405 0.147184 0.205066 0.171905 0.488374 0.008078 -0.242161 -0.165635 -0.176171 -0.110964 -0.313671 0.150067 -0.088299 -0.399036 0.110365 -0.066143 -0.183697 -0.579674 0.061038 -0.228066 0.058131 -0.063090 0.380781 0.031768 -0.197728
then -0.510170 -0.515057 0.420715 -0.191812 -0.203889 -0.606944 -0.369666 0.156366 -0.544648 0.253001 0.418722 -0.167968 0.183321 -0.220615 0.306353 -0.028317 -0.576653 -0.152695 0.645250 -0.315998 0.364091 0.162092 0.070902 -0.110805 0.348912 -0.109472 -0.016879 -0.031801 0.336401 -0.119728 -0.365122 0.196185 -0.017202 -0.258725 -0.610204 -0.238356 0.836483 0.170053 -0.519094 0.271493 0.004943 -1.130169 -0.020849 0.178349 -0.080054 -0.820826 -0.545579 0.488176 -0.168817 -0.009555
there -1.112566 0.384091 0.462309 -0.083312 -0.089915 -0.350307 -1.050813 0.213826 0.120143 -0.760773 0.089615 0.124732 0.452139 -0.536303 -0.927388 0.397879 -0.442249 1.429571 -0.994405 -0.179926 0.388165 -0.463073 -0.025206 0.266413 0.567234 -0.553788 0.362180 -0.408754 -0.747349 0.768127 -0.907345 0.412844 0.014067 -0.897265 -0.056598 -0.950673 -0.325851 0.870106 -0.907456 0.451173 0.535418 0.434482 -0.882576 -1.551326 0.327207 0.009348 -0.419949 -0.218466 0.814723 -0.585311
these 0.029730 -0.012408 0.298128 0.533909 0.504512 0.325825 0.353293 -0.351103 -0.258168 -0.624020 -0.095126 -0.125236 0.085359 -0.169255 0.042157 0.409489 -0.167302 0.153641 -0.427131 0.162099 0.083816 -0.749097 0.088531 -0.016338 0.022348 -0.634725 -0.103252 0.080860 -0.298801 0.245200 -0.084080 -0.416608 0.138083 0.174363 -0.109037 -0.209811 -0.033946 -0.276639 -0.618656 0.160092 0.002851 -0.072813 -0.648544 -0.305980 0.309386 0.180439 0.242828 -0.018650 0.303797 -0.503322
they -0.634551 0.628457 -0.054110 -0.177617 0.452644 0.654335 -0.979368 -0.051495 -0.600840 -0.810432 -1.071952 0.048236 -1.357361 -0.228980 -0.719862 0.363980 -0.856751 0.869227 0.300649 -0.208803 0.581602 -0.840621 0.704054 0.465091 0.870983 0.018781 -0.218328 0.619557 -0.218595 -0.467840 -0.108410 -0.185800 -0.055037 -0.118794 0.243771 -0.018883 -0.022238 0.106124 -0.256451 0.631232 -0.216905 -0.594460 -1.402616 -1.762582 -0.452670 0.595255 0.820244 0.798140 0.845983 0.268416
thick -0.152731 -0.048518 0.949130 -0.009213 0.256891 -0.187337 0.141114 -0.261779 -0.419441 -0.115867 0.496424 -0.118620 -0.315142 -0.214240 0.457880 0.438678 -0.165688 0.379380 0.186884 0.021469 0.108073 -0.342442 0.065092 -0.265425 0.399578 -0.236986 0.268898 0.068308 -0.017804 0.388264 0.018112 0.091192 -0.287065 -0.177893 -0.080591 -0.290796 0.213281 0.387714 -0.580309 -0.077588 -0.070673 -0.266200 -0.621339 -0.324888 0.090602 -0.328033 0.023497 0.378737 -0.084144 -0.273042
thin -0.261683 0.079945 0.247391 0.052494 0.033102 -0.116013 0.158021 -0.016194 -0.191855 -0.061289 0.279274 -0.062817 -0.131074 -0.118087 0.110114 0.197395 -0.126772 0.071624 0.154743 0.061093 0.049050 -0.179195 -0.030250 -0.124711 0.222999 -0.237904 0.196572 -0.045186 0.068259 0.124832 -0.122243 0.170297 -0.064366 -0.142052 -0.134045 -0.147638 -0.005816 0.099271 -0.360827 -0.006349 -0.156366 -0.169946 -0.171654 -0.067058 0.139991 -0.157429 -0.055869 0.129278 -0.073135 -0.038236
thing -0.612999 0.191460 0.537976 -0.068618 0.081892 -0.405484 0.633777 -0.001542 -0.450971 -0.504206 0.273150 0.034560 -0.666645 -0.218284 0.182192 0.229960 -0.285746 0.446317 -0.030481 0.908118 -0.639879 -0.406214 -0.351448 -0.100762 0.124810 -0.321173 0.489419 0.025455 -0.487828 0.613572 -0.493486 0.319585 -0.238016 -0.077815 0.406815 -0.896712 -0.079241 0.086855 -0.682391 -0.516572 -0.185629 -0.126294 -0.356518 -0.319493 0.095456 -0.172186 -0.400577 -0.060364 -0.410497 0.079944
things 0.211582 0.137639 0.937525 0.655350 0.293314 -0.033284 0.244927 -0.477797 -0.140157 -0.723289 0.305759 -0.222036 -0.540485 0.010454 0.287240 0.228881 -0.361461 0.324033 -0.648166 0.367543 -0.193725 -0.742419 0.011214 -0.041067 -0.154526 -0.275160 0.338462 0.663120 -0.624400 0.661203 -0.350981 -0.366649 -0.047209 -0.104245 0.606323 -0.973447 -0.007608 0.261610 -1.050975 -0.286366 -0.369658 0.327282 -0.540391 -0.541532 0.951811 0.217866 -0.236788 -0.133411 -0.284824 -0.574087
think -0.218945 0.563330 0.417334 0.994331 0.378522 0.189153 0.713895 -0.770394 -1.009954 0.196651 0.673758 -0.520651 -0.139707 -0.235126 0.547571 -0.239642 -0.516607 0.199687 -0.986277 0.163172 -0.612694 -0.501817 -0.084656 0.023105 0.257075 -0.376476 -0.168073 0.405882 -0.835872 0.770606 -0.360263 -0.874172 -0.228975 -0.283192 -0.073962 -0.737733 0.504865 -0.380119 -1.187921 -0.409790 0.135758 -0.581754 -0.553429 -0.382576 0.298197 0.146580 -0.887851 0.220063 -0.111371 -0.225584
third -0.535867 0.116756 0.552873 -0.329640 -0.046481 -0.445860 0.037598 0.168803 -0.344299 -0.105050 0.245912 0.368647 -0.343275 -0.339975 0.233413 0.449404 -0.049335 0.217862 0.512979 0.422721 -0.057568 -0.160146 -0.230328 -0.143869 0.309524 -0.310321 0.459366 -0.340053 0.000499 0.149682 -0.260036 0.574433 -0.171825 -0.274004 0.142529 -0.080028 -0.012079 0.562602 -0.235819 -0.172773 -0.167287 -0.170881 -0.102694 -0.410607 0.056162 -0.396492 0.200535 0.136608 -0.128345 0.112262
thirty -0.259433 0.048687 0.424701 0.190235 0.055156 0.052589 0.342950 -0.343916 -0.252861 -0.083750 0.168619 0.037011 -0.012010 -0.170589 0.107340 0.199750 -0.126261 -0.053106 0.185543 0.105877 0.209404 -0.310768 0.092384 -0.040402 0.290094 -0.527695 0.116614 -0.379100 0.108162 0.049975 -0.064572 0.260896 -0.249315 -0.207645 -0.223705 0.148869 -0.014498 0.102547 -0.308749 0.040473 0.081456 -0.004289 -0.294301 -0.114310 0.094788 -0.092166 0.207041 0.049967 0.028043 -0.315731
this -0.342056 -0.488161 1.090428 0.952108 -0.020529 1.034866 0.363445 -0.441087 -0.182074 0.204753 -0.408146 -0.304676 0.733854 -0.343427 -0.022637 0.125288 0.358757 -0.615667 -0.439554 1.043550 0.541176 -0.835038 -0.094292 0.282685 0.198416 -1.271943 0.071112 -0.404958 -0.998533 0.902452 0.163698 -0.502598 0.684706 0.022678 -0.950117 -1.207213 0.265059 0.269820 0.019465 -0.270761 0.483492 0.692065 -0.740625 0.076178 -0.026156 -0.405276 0.208778 0.031352 0.697811 -1.455846
those -0.273365 0.228875 0.407461 0.409423 0.418453 0.510195 0.194284 -0.345448 -0.374253 -0.500232 -0.133560 -0.005376 -0.081343 -0.145231 -0.021618 0.554438 -0.008106 0.071788 -0.083512 0.102945 0.266889 -0.901877 0.215843 0.285250 0.328389 -0.265839 0.012991 -0.194142 -0.376145 0.266245 0.187758 -0.269657 -0.081652 -0.043325 -0.139824 0.128629 -0.276909 -0.335287 -0.590767 0.162873 0.018812 0.009595 -0.815241 -0.468011 -0.107509 0.341427 0.384016 0.235614 0.350205 -0.082348
thou -0.440078 0.468521 0.383628 0.337184 -0.454904 0.150699 -0.735582 -0.249035 -1.000183 0.040707 -0.328456 -0.923716 -0.375941 0.515289 -0.358260 0.574364 0.132632 -0.131818 0.080115 -0.019440 0.342671 -0.236542 0.246131 0.433521 0.551329 -0.164115 -0.224310 0.470318 -0.494786 -0.326516 -0.233159 0.376017 -0.211861 -0.134323 -0.306372 -0.340679 -0.389165 0.238981 -0.566343 0.003252 0.097131 0.048935 -0.266205 -0.602488 0.387928 0.044435 -0.395735 0.181141 0.095184 -0.280739
though -0.681711 -0.068823 0.014765 0.097678 0.304439 -0.386876 0.152970 -0.017543 -0.333775 0.020154 0.347053 -0.196896 -0.192590 0.020849 0.393720 -0.208427 -0.343975 0.293353 -0.081049 -0.272370 0.577575 -0.391340 0.275847 -0.525631 0.214000 -0.551237 0.064349 0.254580 0.625652 0.327265 -0.389053 0.528662 -0.213237 -0.478798 -0.212438 -0.368999 0.504656 0.073366 -1.019148 0.124153 0.127412 -0.559050 0.415577 -0.510592 0.348464 -0.312287 -0.328762 -0.079636 0.370863 -0.355471
thought -0.401294 -0.489425 0.555333 0.477151 0.540076 -0.348432 0.748832 -0.058881 -0.424277 -0.318954 0.427186 0.109508 -0.444173 -0.000870 0.596749 -0.568127 -0.660990 0.368090 -0.438442 0.700474 -0.682236 -0.520598 0.254006 -0.151754 -0.017201 -0.075655 0.482161 -0.071660 -0.480920 0.796043 -0.285899 0.107970 -0.361718 -0.441902 0.185537 -0.946629 0.718191 -0.172712 -1.134945 -0.478354 0.408680 -0.288877 -0.142345 -0.466513 -0.139106 -0.452643 -0.798298 -0.285735 -0.269275 0.106079
thousan -0.427987 0.486696 0.462095 0.232505 -0.077740 -0.132459 0.257715 -0.198596 -0.471516 -0.259028 0.360119 0.049953 -0.364691 -0.232057 0.146017 0.226067 -0.088091 -0.164366 0.192617 0.247987 0.250780 -0.445095 -0.208524 0.118671 0.333582 -0.254427 0.070396 0.016891 -0.140204 0.298602 -0.447149 0.261045 0.130772 -0.181038 0.173900 -0.096606 -0.152219 0.205638 -0.478431 -0.218906 -0.291025 -0.164766 -0.107420 -0.239548 0.395003 0.036880 -0.088892 0.084276 -0.164504 0.046413
thousand -0.100391 0.188467 0.654459 0.038886 0.109332 -0.129470 0.592254 -0.368311 -0.371013 -0.287378 0.551115 0.019331 -0.249485 -0.198110 0.223056 0.397044 0.047199 0.060119 0.303408 0.183708 0.168680 -0.313275 -0.091488 -0.031397 0.354833 -0.521310 0.155219 -0.153662 -0.081488 0.132553 -0.007553 0.272742 0.100195 -0.037257 -0.012569 0.066486 -0.159875 0.192394 -0.496600 -0.245177 -0.345332 -0.150381 -0.388955 -0.120758 0.350056 -0.075096 0.180001 0.144117 -0.078900 -0.191819
threatened -0.161696 0.163458 0.307265 0.103495 0.037115 0.013040 0.184677 -0.376759 -0.350142 0.140723 0.104329 -0.160907 -0.295636 -0.128281 0.137510 0.311518 -0.029032 0.194844 0.047583 0.108200 -0.003721 -0.185508 -0.138292 -0.064095 0.184659 -0.372983 0.102645 0.099324 0.087834 0.226378 0.006488 -0.099112 -0.259086 -0.192443 -0.054420 -0.250946 0.133779 0.066977 -0.336693 -0.145437 -0.217218 -0.153180 -0.211232 -0.185610 0.119698 0.038769 -0.130462 0.267829 -0.070020 -0.242648
three -0.001790 -0.130856 0.509229 0.698177 0.158077 0.595199 0.042663 -0.121782 -0.357581 0.007732 0.143117 0.235205 -0.408766 -0.123448 0.011822 0.621412 0.288994 -0.350497 0.383477 0.280486 0.484913 -0.538428 0.083911 0.178426 0.621014 -0.422649 0.248746 -0.162607 0.309586 0.077646 0.241070 0.031353 0.193934 -0.255374 -0.467111 0.053447 -0.266249 0.212376 -0.349194 -0.230447 -0.591914 -0.140579 -0.604662 -0.326930 0.313814 0.454557 -0.049118 0.610431 0.352916 -0.163261
threw -0.121657 -0.214824 0.582913 -0.393273 0.273156 -0.559225 0.295646 -0.156367 -0.434762 -0.114648 0.351719 0.207823 0.175075 -0.240289 0.563442 0.171753 -0.267170 0.119552 0.237086 -0.050319 0.009312 0.146521 -0.057637 -0.324677 -0.028308 -0.288573 -0.117067 -0.169170 0.032730 0.194659 -0.197274 -0.065504 -0.140368 0.079982 0.002641 -0.013201 0.359043 0.291493 -0.389721 -0.072479 -0.000297 -0.408417 0.022829 -0.062856 0.012351 -0.419955 0.050126 -0.023376 -0.128341 -0.308096
throat -0.518235 0.232003 0.510045 -0.061571 -0.061136 -0.266722 0.203358 0.053933 -0.196720 -0.083601 0.654456 0.444773 -0.334241 -0.502581 0.372895 0.194776 -0.507515 0.177926 0.086081 -0.098981 -0.014160 -0.091367 -0.060999 -0.638164 0.244313 -0.297244 0.302295 -0.137131 0.319096 0.301086 -0.290155 0.451369 -0.475073 -0.362319 -0.000700 -0.081604 0.032344 0.837714 -0.428817 0.332201 0.051332 -0.085802 -0.237443 -0.350760 0.112587 -0.451672 0.227356 0.231701 -0.064114 -0.105628
through -0.192185 0.012838 0.298771 -0.915423 0.299580 -0.691885 -0.067889 -0.395296 -0.864712 0.308371 -0.082030 0.646224 0.304211 -0.209141 0.661935 1.049338 -0.039481 0.203750 0.907840 0.444119 -0.357344 0.563573 -0.029700 -0.091651 -0.051061 -0.853755 -0.110884 -0.734818 0.161988 -0.390905 0.021901 -0.114586 -0.678225 -0.452336 0.191703 0.602441 0.531403 0.567250 0.085999 -0.279982 -0.506176 -0.584519 0.253616 -0.842324 0.319783 -0.148988 0.623887 0.095260 0.069452 0.073224
throwing -0.192758 0.040297 0.246401 -0.035330 -0.023513 -0.003017 -0.239016 0.089969 -0.176751 0.222389 -0.011891 0.171778 0.071409 -0.313943 0.126627 0.169381 -0.200568 0.040144 0.066613 0.028397 0.091502 -0.067407 -0.051100 -0.197347 0.232042 0.007360 0.086654 -0.061224 0.088255 0.133168 -0.145382 0.077837 -0.154424 -0.165403 -0.157194 -0.020843 0.051076 0.335020 -0.024176 0.134475 -0.002794 -0.099912 -0.173638 -0.298695 -0.132318 -0.222443 0.033797 0.230874 0.124040 -0.032338
thrust -0.387958 -0.122013 0.404521 -0.206770 -0.001203 -0.513394 0.119291 -0.148222 -0.403803 -0.043495 0.268464 -0.037275 0.036400 -0.147865 0.427487 0.086963 -0.498785 -0.030579 0.163266 -0.205318 0.048471 -0.003346 -0.134225 -0.428429 -0.044191 -0.306709 -0.034988 0.208434 0.168777 0.138961 -0.087823 0.092301 -0.112138 -0.192451 -0.122061 -0.272191 0.402196 0.048845 -0.616243 0.092938 -0.024718 -0.395855 0.109050 -0.107324 0.240289 -0.356462 -0.159067 0.084138 -0.093653 -0.321886
thus -0.217480 -0.142326 0.277630 0.153528 0.140618 0.019166 0.011355 0.098422 -0.130327 -0.143497 0.140704 -0.010093 0.025839 -0.179989 0.080343 0.078218 -0.170779 0.104996 -0.090743 0.043993 0.047999 -0.212264 0.001677 -0.188742 0.143561 -0.215247 0.100365 0.045964 -0.039084 0.220269 -0.145481 0.045418 0.006761 -0.084923 -0.243139 -0.383326 0.098848 0.169679 -0.408356 0.068335 0.051264 -0.147486 -0.239783 -0.107559 0.018368 -0.256144 -0.125543 0.056921 0.115079 -0.263139
thy -0.033396 -0.078958 0.351668 0.587412 0.055763 0.304849 0.288423 -0.488921 -0.263800 -0.027858 0.165132 -0.539713 0.185351 -0.041190 -0.147810 0.404522 0.029340 0.108795 -0.170941 -0.071114 0.435319 -0.594052 0.168206 0.104139 0.381132 -0.566121 0.095044 -0.225319 0.098459 0.068222 -0.000019 0.020343 -0.153314 -0.069322 -0.564623 -0.126272 -0.102571 -0.456969 -0.631921 0.173718 0.028060 0.033981 -0.580586 0.161519 0.096689 -0.106184 -0.156443 0.171011 -0.012649 -0.504462
tide -0.222101 -0.115594 0.401541 0.063349 0.181953 -0.001996 0.073118 0.172643 -0.292290 -0.321921 0.058833 0.240355 -0.211811 -0.380955 0.197772 0.118382 0.182373 0.345127 0.335967 0.357518 0.277836 -0.583609 0.034138 -0.066804 0.572795 -0.296119 0.525410 -0.429140 -0.019641 0.349772 -0.287665 0.421054 -0.271831 -0.207210 0.060703 -0.021137 0.212355 0.257553 -0.301744 -0.048690 0.153393 -0.219018 -0.145913 -0.297286 -0.315203 -0.343895 -0.008297 0.216829 0.071319 0.007964
tied -0.117933 -0.101819 0.276664 0.089188 0.229226 -0.108505 0.140710 -0.011926 -0.270572 -0.154582 0.115799 0.023870 0.219060 -0.184117 0.220210 -0.072924 -0.160479 0.049582 -0.126889 -0.022720 0.328226 -0.218927 0.206071 -0.099658 0.227108 -0.146484 -0.015428 -0.218546 -0.093076 0.197445 -0.263893 -0.037288 -0.051638 0.062051 -0.193458 -0.003443 0.175857 0.014195 -0.393767 0.061092 0.229080 -0.222851 -0.153542 -0.138148 -0.094702 -0.256848 -0.105239 0.026042 0.096222 -0.136093
till -0.117901 -0.083021 0.355169 0.009218 0.291692 -0.483799 0.348378 -0.180510 -0.568086 0.034381 0.238278 0.005061 0.596370 -0.256953 0.569139 0.101981 -0.222673 -0.081299 -0.117004 -0.030271 0.217319 -0.048110 -0.213744 -0.231122 -0.081473 -0.393425 -0.265873 -0.176259 0.001610 0.323754 -0.382604 -0.386231 0.079716 0.099361 -0.224024 -0.219592 0.421295 -0.134077 -0.518553 -0.116675 -0.035571 -0.488716 0.175151 0.034469 0.272315 -0.255915 -0.337413 -0.078721 -0.066917 -0.291689
time -0.431948 -0.481594 0.496348 -0.060253 0.578429 -0.372876 1.125680 -0.175224 -0.369539 -1.183813 -0.157130 -0.008369 -0.933342 -0.177721 0.403597 -0.268981 -1.087297 0.639946 0.607386 0.473751 -0.621500 -0.108895 0.065020 -0.560592 -0.095503 -0.268430 0.899713 0.247815 -0.151976 0.711699 0.361905 0.116197 -0.256811 -0.483619 0.641975 -1.090277 0.460241 -0.357169 -1.299137 0.085950 -0.439420 -0.475397 -0.294980 -0.054435 0.193379 0.098089 -0.417124 0.097608 0.051858 0.228111
times -0.046109 -0.023109 0.497538 -0.025476 0.252526 -0.146395 0.322621 -0.244678 -0.290840 -0.614581 0.119319 0.199941 -0.284467 -0.505615 0.472101 0.181532 -0.542803 -0.044933 0.204779 -0.262052 0.358575 -0.582780 -0.352340 -0.566254 0.075566 -0.345875 0.017493 0.603816 0.465469 0.343993 -0.093374 0.034273 0.226115 0.111807 0.133318 -0.254038 -0.013167 -0.231925 -0.942187 0.272939 -0.495050 -0.436816 -0.246159 -0.096157 0.348944 0.098556 -0.079853 0.464994 0.173059 -0.458213
tiny -0.491017 0.273018 0.196823 -0.095082 -0.086378 -0.160695 0.372803 -0.123109 -0.350506 0.140604 0.320201 0.026370 -0.138030 -0.248384 0.013188 0.517963 0.078446 0.103203 0.302503 0.276115 0.008649 -0.138937 -0.338778 -0.053206 0.252224 -0.573189 0.247708 -0.292337 0.110927 0.054369 -0.141790 0.203757 -0.081235 -0.130581 -0.281269 -0.073185 -0.126170 0.074251 -0.263651 -0.200995 -0.366331 -0.276409 -0.224443 0.031207 0.107254 -0.184619 0.018065 0.292818 -0.201932 0.034147
tired -0.113452 0.033448 0.419228 0.287210 0.162178 0.125868 0.295357 -0.353837 -0.234467 0.201370 0.071581 -0.219374 -0.222396 -0.110872 0.178099 0.182003 -0.319781 -0.050258 -0.160102 0.010127 -0.013565 -0.107618 -0.125636 -0.198870 0.027474 -0.267443 -0.043524 0.377789 0.252885 0.223745 0.050627 -0.196893 -0.112518 -0.026695 -0.268555 -0.522434 0.065026 -0.043510 -0.621525 -0.134035 -0.173214 -0.154741 -0.382441 0.065477 0.096844 0.034026 -0.280142 0.295707 -0.121774 -0.457097
to -1.144621 1.059069 1.705282 -0.531888 -0.006072 -0.342294 -0.743136 0.701583 -0.781076 1.701690 0.175291 -1.765246 0.398694 0.300069 0.243114 0.533021 0.559296 0.282528 0.217516 -0.151155 0.985008 1.783213 0.712115 0.001848 0.978743 0.347845 -0.077227 -0.234512 -1.466592 0.415927 0.369470 -0.374239 0.594159 0.927632 0.142404 -1.099304 0.003658 1.267226 -0.127567 -0.958652 1.247320 -0.625771 -1.382924 -0.237228 -0.401057 -1.449865 1.028899 -0.209616 0.971338 -0.704151
together -0.235557 -0.041311 0.793988 -0.434267 0.630863 -0.377712 0.292756 -0.210799 -0.424825 -0.031200 0.030209 0.194586 0.447568 -0.407856 0.552724 0.458680 -0.566441 -0.077140 0.248384 -0.347781 0.031266 0.048744 -0.383640 -0.498637 -0.129779 -0.187610 -0.475358 0.263191 0.123651 0.251477 0.104195 -0.428988 0.264828 0.193230 -0.331083 -0.170878 -0.046930 0.112384 -0.655094 0.055268 -0.308415 -0.570056 -0.329965 -0.015645 0.185656 -0.145096 0.289336 -0.003190 0.062931 -0.604030
toil 0.033859 0.080370 0.336398 0.156990 0.157270 0.290517 0.158694 -0.182359 -0.015778 0.179357 0.148038 0.018419 -0.258422 -0.292397 0.156546 0.240344 -0.063464 0.212296 -0.027983 -0.013126 -0.001293 -0.210048 -0.136671 -0.174274 0.137132 -0.091940 0.156826 0.203708 0.131998 0.341301 0.182631 -0.312733 -0.129242 -0.087083 -0.019513 -0.232971 0.137812 0.061351 -0.170313 -0.005127 -0.199564 -0.102896 -0.427782 -0.011516 -0.173232 0.047408 0.078994 0.455523 0.046141 -0.192530
toiled -0.107887 -0.170792 0.380636 0.231177 0.287691 0.228205 0.151684 -0.026475 -0.193051 -0.130254 0.067680 -0.049543 -0.060373 -0.084470 0.175840 0.210276 0.035098 -0.020202 0.078152 0.091306 0.214289 -0.272809 0.093799 -0.044373 0.184178 -0.190385 0.060675 -0.018100 0.067856 0.276643 0.112027 -0.134827 -0.016674 0.012915 -0.221008 -0.318428 0.156212 0.019826 -0.384584 -0.016419 0.055300 -0.189729 -0.358114 0.052156 -0.144712 -0.080808 -0.017353 0.185695 0.145558 -0.260090
told -0.480129 -0.044132 0.715320 -0.168999 0.394297 -1.070739 0.481321 -0.297937 -0.923072 -0.184728 0.629412 -0.051253 0.345613 -0.053788 1.071076 -0.439314 -0.889849 -0.134365 -0.400164 -0.206829 -0.320973 0.161324 0.050486 -0.296657 -0.213486 -0.062816 -0.531245 0.234891 -0.694506 0.492305 -0.573170 -0.398474 0.115291 0.014986 0.153671 -0.353417 0.563962 0.072159 -0.949474 -0.377398 0.364488 -0.627077 0.158279 -0.376310 0.440252 -0.477231 -0.451996 -0.549934 -0.233110 -0.272690
tongue -0.332834 0.263579 0.289698 -0.114955 -0.079092 -0.273589 -0.025876 -0.136502 -0.348661 -0.038884 0.109851 -0.006245 -0.180407 -0.125787 0.173918 0.128428 -0.285818 0.074905 0.140483 0.008493 -0.035506 -0.106897 -0.017210 -0.059803 0.162420 -0.060613 0.024861 0.037753 -0.109831 0.054981 -0.169459 0.189089 -0.218145 -0.208704 0.134587 0.018812 0.069853 0.156057 -0.283968 -0.011913 0.034871 -0.165835 -0.067755 -0.307149 0.096314 -0.120127 0.025898 0.086204 -0.092652 0.036018
too -0.347173 0.231222 0.305623 0.443557 0.004933 -0.152700 -0.066015 -0.099036 -0.616442 -0.308572 0.110436 -0.429458 -0.363746 -0.030080 0.146853 -0.098612 -0.081469 0.103741 -0.015769 -0.075523 0.709173 -0.530504 0.110340 0.054340 0.498429 -0.225384 0.167329 0.072336 -0.035081 0.379502 -0.596570 0.329435 0.044367 -0.095143 0.052342 -0.492191 0.057935 0.121650 -0.767786 0.019268 -0.051027 -0.215542 0.048833 -0.315439 0.374069 -0.057647 -0.540706 0.092618 0.034868 -0.135233
took 0.094074 -0.337228 1.141136 -0.605456 0.272914 -1.105639 0.338041 -0.518268 -0.374818 0.147679 0.656250 -0.258561 -0.201772 0.335285 0.686440 0.357182 -0.518055 0.175868 0.171778 -0.269185 -0.459327 0.783160 -0.054615 -0.510551 -0.463560 -0.231431 -0.257223 0.501525 0.100462 0.013643 0.280529 -0.050429 -0.117219 -0.033106 0.124630 -0.446253 0.405908 0.610627 -0.804954 -0.424974 -0.257978 -0.383167 -0.088889 -0.037195 0.793842 -0.402933 -0.110172 -0.179297 -0.546420 -0.635607
top 0.362477 -0.319859 0.325656 0.735819 0.361869 0.700293 0.594985 -0.464262 -0.194138 -0.153488 0.929433 0.021042 -0.335786 -0.544958 -0.026949 0.135083 0.378542 0.535421 -0.266726 -0.142743 -0.090185 -0.489965 0.047097 -0.278106 0.524030 -0.822068 0.549765 -0.398920 -0.223647 0.541552 0.474668 -0.419123 -0.332290 -0.210620 -0.528249 -0.061737 0.399825 0.051377 -0.539955 0.004250 -0.114701 -0.386226 -1.043057 0.012461 -0.233402 -0.251303 -0.249350 0.861801 0.301011 -0.212056
tore -0.222750 0.174718 0.396818 -0.183746 -0.033472 -0.379082 0.084339 -0.335817 -0.503440 0.178429 -0.167514 -0.123207 -0.133607 -0.035080 0.468174 0.420355 -0.290266 -0.059121 0.386224 0.193899 0.137485 0.104709 -0.258769 0.008355 -0.063896 -0.214726 -0.150546 0.121462 0.230366 0.080047 -0.230267 -0.162937 -0.113370 -0.084468 0.210525 -0.293699 0.352300 0.035895 -0.022531 -0.140438 -0.302727 -0.242163 0.113468 -0.128341 0.289172 0.074837 0.001498 0.085360 -0.185084 -0.153853
tossed -0.079347 -0.172192 0.420074 -0.340799 0.046403 -0.537895 0.004594 -0.184315 -0.346221 -0.033839 -0.003319 -0.180011 0.173481 0.034053 0.383056 0.138994 -0.259720 0.044620 0.142643 -0.069588 0.040563 0.130370 -0.094250 -0.135767 -0.137539 -0.119287 -0.117440 0.192126 -0.036183 0.057090 -0.122290 -0.116389 -0.021455 0.047592 0.068259 -0.289002 0.353008 -0.008130 -0.323804 -0.085900 -0.016566 -0.240806 0.118653 -0.026007 0.181482 -0.265308 -0.173820 -0.053203 -0.183224 -0.290704
touch -0.182986 0.035644 0.248037 0.231156 0.117067 0.165158 0.154227 -0.226306 -0.262066 -0.071785 0.138180 -0.019011 -0.122913 -0.225582 0.168772 0.188232 -0.205134 0.076681 0.030347 -0.021780 0.069491 -0.186433 -0.033088 -0.116683 0.161724 -0.272646 0.044238 0.029168 0.079698 0.277058 0.012447 -0.199292 -0.181655 -0.128421 -0.117733 -0.249388 0.195516 0.039813 -0.288311 0.086739 -0.049010 -0.189010 -0.317085 -0.071516 -0.011308 0.035115 -0.059371 0.274345 0.107139 -0.194327
touched -0.281714 0.103718 0.334600 -0.353145 -0.011911 -0.316003 -0.076840 -0.233412 -0.368794 0.002874 -0.050036 0.013864 -0.021546 -0.039549 0.200183 0.180185 -0.253740 0.054180 0.307138 -0.091017 0.058716 0.097847 0.013332 -0.053437 0.112950 -0.157686 -0.122294 0.029429 -0.015492 -0.046862 -0.094031 0.080314 -0.150828 -0.088124 0.074500 0.005531 0.111525 0.206879 -0.091861 0.035354 -0.012000 -0.071907 0.037924 -0.289266 0.097384 -0.116296 0.202138 -0.018073 -0.016343 -0.193533
tow -0.336188 0.089916 0.278824 -0.043615 0.061470 0.066767 0.020530 -0.055695 -0.366751 0.024412 -0.118809 0.322059 -0.085881 -0.319435 0.266498 0.380841 0.013526 0.023670 0.318560 0.295116 0.207406 -0.242533 -0.104482 -0.033850 0.259558 -0.271554 0.100889 -0.287181 0.145193 0.230827 -0.119431 0.045208 -0.183910 -0.152493 0.005806 -0.027685 0.190749 0.301852 0.059524 0.048244 -0.053176 -0.125865 -0.078161 -0.287395 -0.171844 -0.030374 0.217235 0.220418 0.114695 -0.031328
toward -0.400047 -0.124895 0.744223 -0.679395 0.028600 -0.718480 -0.232180 -0.296797 -0.555949 0.149486 0.074786 0.084747 0.218254 -0.216388 0.520253 0.499914 -0.457279 0.306599 0.592162 -0.152935 -0.024329 0.262381 -0.025481 -0.235719 0.153242 -0.410727 -0.025911 -0.232195 0.058224 -0.029878 -0.196753 -0.008365 -0.451544 -0.380095 -0.108749 -0.023407 0.625306 0.669256 -0.113520 0.086617 -0.077270 -0.448670 -0.156162 -0.395844 0.116723 -0.422574 0.173260 0.181855 -0.132582 -0.310321
trace -0.165267 -0.012355 0.421473 -0.049204 0.126845 -0.075447 0.037049 -0.147235 -0.294727 -0.010031 0.007685 0.088055 -0.193373 -0.184694 0.152040 0.361350 -0.015466 0.329929 0.312767 0.230822 -0.031909 -0.210255 -0.045110 0.051684 0.239333 -0.332816 0.289307 -0.195979 0.048099 0.105715 -0.017326 0.118163 -0.324759 -0.341718 0.081476 -0.096464 0.229822 0.166880 -0.318341 -0.134568 -0.107279 -0.155420 -0.172838 -0.290352 -0.054276 -0.085617 0.000224 0.186609 -0.024487 -0.138305
tracks -0.188863 0.019471 0.673786 0.018849 0.225094 -0.079589 0.203990 -0.259220 -0.410072 -0.132176 0.232343 0.030882 -0.193687 -0.211200 0.404833 0.243932 -0.107824 0.153879 0.103979 0.061706 0.118884 -0.272915 -0.055669 -0.126931 0.189664 -0.225725 0.052914 0.093858 -0.072473 0.402702 -0.030963 -0.127125 -0.153891 -0.118504 0.092983 -0.284856 0.275018 0.243178 -0.480842 -0.106234 -0.059673 -0.217728 -0.232719 -0.235469 0.043620 -0.113652 0.009727 0.209203 -0.020177 -0.307245
trade -0.146097 0.020179 0.500086 0.047301 0.307738 0.220814 0.308317 0.024297 -0.069106 -0.168018 0.291084 0.188187 -0.416540 -0.372442 0.298831 0.293569 -0.025088 0.313432 0.204650 0.127966 0.029339 -0.370870 -0.176533 -0.275864 0.267431 -0.163139 0.373722 0.030711 0.150825 0.510087 0.109766 -0.065685 -0.240270 -0.078700 -0.000990 -0.338182 0.166458 0.310803 -0.210533 0.081026 -0.117733 -0.160453 -0.517239 -0.039007 -0.263241 -0.113092 0.141247 0.469892 0.036150 -0.101803
trademark -0.370794 0.218381 0.448052 -0.214233 0.028031 -0.160827 -0.029460 0.034943 -0.205929 0.029693 -0.086552 0.392745 0.135235 -0.592705 0.393275 0.306833 -0.172225 -0.053817 -0.172230 0.431427 -0.100525 0.027169 -0.271591 -0.243680 -0.082455 -0.320172 -0.187467 0.130738 -0.272169 0.284058 -0.370985 -0.126597 0.193100 0.012539 -0.154213 -0.242723 0.002380 0.966529 0.092589 -0.175314 -0.066539 -0.168054 -0.127074 -0.384144 0.143535 -0.122136 0.255299 0.161396 0.250645 -0.310450
trail -0.488368 0.300450 0.651622 -0.267748 0.063395 -0.173347 0.082242 0.132125 -0.479634 -0.186198 0.524128 0.052101 -0.826035 -0.427990 0.417065 0.195388 -0.252194 0.510771 0.564673 0.040732 -0.158560 -0.203322 -0.227131 -0.368829 0.558196 0.012415 0.533893 0.344437 -0.077634 0.514268 0.013847 0.258810 -0.370682 -0.371944 0.294468 -0.477819 0.317364 0.520640 -0.641787 -0.103734 -0.192588 -0.527737 -0.379492 -0.326253 -0.216463 -0.349161 -0.178889 0.626545 -0.041613 0.193054
train -0.176776 0.096694 0.331145 0.143173 0.175297 0.135139 0.316788 -0.199425 -0.332447 -0.059705 0.289990 -0.030309 -0.129607 -0.331234 0.206020 0.175328 0.026678 0.318928 0.087741 0.074048 0.059359 -0.284308 -0.060893 -0.072594 0.360158 -0.299512 0.222741 -0.239145 -0.158097 0.386355 -0.089454 -0.128318 -0.230243 -0.123275 -0.035910 -0.127118 0.256906 0.135244 -0.194418 0.013959 0.033911 -0.285625 -0.416420 -0.059375 -0.212704 -0.203731 -0.018352 0.365895 0.008236 -0.002886
tramp -0.276967 0.181777 0.427300 -0.245391 0.081049 -0.328568 0.037316 -0.005572 -0.334755 -0.052563 0.119981 0.184578 -0.117966 -0.316205 0.425474 0.114667 -0.183943 0.185205 0.215881 0.118931 -0.107768 -0.057145 -0.262306 -0.179401 0.093028 -0.031934 0.099261 0.091293 -0.137044 0.361639 -0.264654 -0.054002 -0.108839 -0.151570 0.317225 -0.222638 0.295647 0.355149 -0.161876 -0.101700 -0.045343 -0.269814 0.041279 -0.191057 0.003339 -0.188744 0.004278 0.109364 -0.125984 -0.016305
travel -0.132319 0.087084 0.195120 0.277138 0.112096 0.063731 0.369146 -0.220543 -0.176185 -0.056033 0.266854 -0.101982 -0.026012 -0.179306 0.128621 -0.021849 -0.111764 0.040058 -0.146026 -0.030594 0.035057 -0.142511 -0.077685 -0.006889 0.044380 -0.229440 -0.071707 -0.009421 -0.052541 0.288751 -0.109975 -0.205802 -0.032930 -0.037284 -0.052658 -0.242709 0.180743 -0.094843 -0.371592 -0.086663 0.036849 -0.222446 -0.167719 0.127083 -0.018379 -0.007204 -0.184699 0.091441 -0.066148 -0.171814
traveled -0.198298 -0.042402 0.511074 -0.306144 0.318741 -0.330198 0.315966 -0.128065 -0.429446 -0.116496 0.081514 -0.054136 -0.068097 -0.029972 0.444109 0.113626 -0.143803 0.111438 0.215737 0.071023 -0.054828 0.012043 -0.086578 -0.166110 0.027039 -0.134194 -0.081077 0.156888 -0.089702 0.222277 -0.002021 -0.091039 -0.011407 0.086972 0.106870 -0.314006 0.231151 0.057271 -0.479478 -0.228540 0.042058 -0.310819 -0.040018 -0.042204 -0.023018 -0.221131 0.034207 -0.035318 -0.089102 -0.272172
treasure -0.235491 0.028031 0.296010 0.025833 0.062269 -0.109646 0.211364 -0.127115 -0.207023 -0.194048 0.266518 0.084528 -0.047560 -0.210445 0.121131 0.209633 -0.118918 0.172190 0.175650 0.003037 0.050120 -0.164271 0.048615 -0.127740 0.161198 -0.335777 0.195021 -0.246391 0.050221 0.096075 -0.062904 0.116851 -0.198770 -0.210601 0.083119 -0.027763 0.154678 0.052863 -0.386077 0.058047 0.055737 -0.158160 -0.166969 -0.074116 0.010816 -0.190316 0.111205 0.079633 -0.029271 -0.110560
trees -0.102041 -0.040733 0.636601 -0.184461 0.335875 -0.146236 0.079632 -0.140106 -0.331074 -0.066639 0.405281 0.277313 -0.273689 -0.373919 0.472277 0.324468 -0.195280 0.382593 0.258250 0.039833 -0.102501 -0.281472 -0.005373 -0.312087 0.363308 -0.176637 0.182167 0.041978 0.082219 0.330928 -0.092495 0.105426 -0.315788 -0.228431 -0.008427 -0.032246 0.203889 0.574112 -0.362880 0.032809 -0.287554 -0.321144 -0.325349 -0.466721 -0.043145 -0.266230 0.049758 0.361458 -0.026599 -0.047935
trembling -0.066217 -0.111496 0.290653 0.237613 0.159534 0.245064 0.084323 -0.028046 -0.133744 -0.110886 0.189128 0.047483 -0.063297 -0.299581 0.106961 0.052355 -0.065681 0.127850 -0.030859 -0.142639 0.266686 -0.392706 0.005764 -0.271292 0.348633 -0.131380 0.202882 -0.051095 0.142522 0.353540 0.030660 0.010158 -0.136238 -0.022683 -0.302372 -0.182106 0.099118 0.064898 -0.358015 0.239582 0.108098 -0.123639 -0.372536 -0.016942 -0.246176 -0.213229 -0.107554 0.371972 0.136852 -0.153091
tried -0.176420 0.244540 0.194796 0.335313 0.283981 0.257396 0.317287 -0.337445 -0.481224 0.180045 0.264925 0.015151 0.044987 -0.506875 0.501074 0.069878 -0.272044 -0.017706 -0.044038 -0.136105 0.051077 0.017396 -0.246541 -0.138739 0.044330 -0.345699 -0.316971 0.317354 0.030192 0.516947 -0.040464 -0.868162 0.043032 -0.203700 0.029137 -0.531209 0.769248 -0.031565 -0.486245 -0.142920 -0.071348 -0.734893 -0.149513 0.092916 -0.170984 0.152080 -0.270604 0.474526 0.198177 -0.306608
trifle -0.472383 0.241341 0.306272 -0.200420 -0.129667 -0.246264 0.015276 -0.005814 -0.268365 -0.008234 0.191293 0.039449 -0.338151 -0.089682 -0.007710 0.326537 -0.080966 0.094216 0.185451 0.256023 -0.170338 -0.030187 -0.163307 -0.073075 0.201368 -0.245863 0.191701 0.066580 -0.124188 0.050981 -0.159674 0.328589 -0.054172 -0.168638 -0.055177 -0.218836 -0.210788 0.452555 -0.273190 -0.190395 -0.246597 -0.085096 -0.210484 -0.296835 0.204362 -0.174794 0.006614 0.153114 -0.181923 0.079977
trip -0.156311 0.040633 0.272687 -0.027672 0.054219 -0.079472 0.073661 -0.124071 -0.256541 -0.042742 0.120098 -0.000973 -0.026403 -0.179235 0.170611 0.164177 -0.078000 0.127746 0.113936 0.033464 0.000366 -0.094157 -0.120933 -0.116693 0.094829 -0.204346 0.079602 -0.031399 -0.024260 0.231111 -0.089354 -0.032702 -0.130821 -0.096960 0.012509 -0.225480 0.181345 0.125901 -0.208744 0.015604 -0.025559 -0.138476 -0.093242 -0.068422 -0.003500 -0.139143 -0.071594 0.132531 -0.015912 -0.131865
trot -0.327812 -0.036762 0.442834 -0.107003 0.108282 -0.306898 0.194019 0.011836 -0.268865 -0.182081 0.307691 -0.035224 -0.260228 -0.153551 0.207713 0.174695 -0.226295 0.203530 0.121297 0.060946 -0.110911 -0.110080 -0.146855 -0.207792 0.074306 -0.210639 0.186613 0.160173 -0.018155 0.221264 -0.114350 0.131885 -0.054964 -0.110956 -0.010173 -0.433578 0.162310 0.188439 -0.591682 -0.117144 -0.071156 -0.314752 -0.223649 -0.045456 0.086823 -0.289002 -0.169852 0.136401 -0.168712 -0.127409
trotted -0.064983 0.064030 0.251287 -0.147607 0.130341 -0.102909 0.132405 -0.216540 -0.330088 0.073029 0.137074 -0.041565 0.094904 -0.189621 0.285816 0.207239 -0.117488 0.058370 0.259195 -0.120217 0.135433 -0.037020 -0.067520 -0.104536 0.185730 -0.198725 -0.059068 -0.009370 0.119648 0.089793 -0.073429 -0.131166 -0.137021 -0.005182 -0.083468 0.014074 0.193357 0.027475 -0.191210 0.049300 -0.105192 -0.283186 -0.089101 0.003059 -0.080143 -0.116097 0.000994 0.257157 -0.049142 -0.139453
true -0.467136 -0.083341 0.599596 -0.126361 0.143117 -0.333050 -0.060529 -0.043159 -0.327079 -0.071556 0.005391 -0.132118 -0.096412 -0.053541 0.259463 0.360951 -0.272000 0.163326 0.181183 0.269946 0.106335 -0.300510 0.023026 -0.019876 0.168192 -0.146190 0.147887 -0.013791 -0.041835 0.256679 -0.242945 0.206594 -0.161448 -0.147433 -0.120731 -0.417346 0.140412 0.190222 -0.433102 -0.106228 -0.003624 -0.194683 -0.304973 -0.293583 0.069856 -0.277763 -0.088064 0.054214 -0.111604 -0.174458
trying -0.267941 0.532797 0.026009 0.414322 0.108809 0.412275 0.288343 -0.090411 -0.404943 0.085826 0.155521 0.233880 -0.349490 -0.775506 0.337538 0.118692 -0.223159 0.296112 0.244060 0.183376 0.063590 -0.146100 -0.367981 -0.043188 0.287580 -0.359013 0.182065 -0.068125 0.102959 0.523623 -0.284546 -0.552300 -0.228472 -0.436538 0.448189 -0.329697 0.641766 0.051891 -0.152132 -0.125033 -0.162198 -0.638142 -0.214553 -0.107521 -0.302658 0.240364 -0.100389 0.613589 0.279606 0.042424
turn -0.261302 0.369474 0.412195 0.304529 0.136886 0.491456 0.403591 -0.101160 -0.260417 -0.001517 0.360958 -0.129022 -0.540164 -0.603813 0.412186 0.170397 -0.194243 0.314469 0.224832 0.016027 0.236770 -0.378426 -0.354770 -0.474655 0.418256 -0.253250 0.331481 0.365875 0.395946 0.782531 -0.013399 -0.297696 -0.403220 -0.223913 0.100877 -0.696270 0.522195 0.105568 -0.251752 0.139331 -0.035907 -0.358501 -0.372987 0.205971 -0.328419 -0.066314 -0.064050 0.715463 0.132744 -0.355488
turned -0.348256 -0.488504 0.292906 -0.295970 0.355625 -0.433883 0.031812 -0.103100 -0.520090 0.370739 0.268011 0.158853 0.590383 -0.590983 0.759538 0.002878 -0.678545 0.107283 0.000126 -0.652256 0.215507 0.229547 -0.157095 -0.794129 -0.037625 -0.251753 -0.257693 0.123802 0.522468 0.521744 -0.190236 -0.516635 -0.262729 -0.068137 -0.662879 -0.442057 0.847708 0.096221 -0.731841 0.327818 -0.050208 -0.943541 0.037882 0.062578 -0.325625 -0.536363 -0.620848 0.512669 0.088464 -0.357292
turning -0.343268 0.260994 0.220645 0.152391 0.045043 -0.017643 0.305362 -0.222627 -0.348792 0.027153 0.228865 0.012440 -0.106925 -0.259911 0.273349 0.119000 -0.307702 0.030751 0.055494 0.047963 0.059009 -0.107732 -0.089220 -0.086971 0.136908 -0.253118 -0.024589 -0.052265 0.099629 0.251474 -0.222588 -0.064718 -0.181694 -0.190309 0.026943 -0.181851 0.233892 0.040597 -0.296451 -0.017563 0.001341 -0.248928 -0.140930 -0.115465 -0.013743 -0.032768 -0.060296 0.159037 -0.020295 -0.060567
twenty -0.370369 -0.078514 0.565107 0.101517 0.189500 0.029533 -0.023132 -0.029974 -0.446820 -0.384648 0.021874 0.174248 0.243529 -0.161454 0.067028 0.229881 0.214533 -0.292154 0.299159 -0.061068 0.791000 -0.671497 0.233182 0.135932 0.655895 -0.264962 -0.018788 -0.387990 -0.047480 0.090907 -0.068516 0.451707 0.365453 0.070961 -0.348436 0.288089 -0.321683 -0.003817 -0.563484 0.101469 0.209188 -0.107728 -0.145232 -0.269556 -0.045341 -0.133353 0.263817 0.030555 0.339862 -0.271442
twice -0.195549 0.059557 0.437874 -0.124970 0.136369 -0.233788 0.086060 -0.187196 -0.407518 -0.024595 0.117096 0.158277 -0.071741 -0.251051 0.270868 0.153313 -0.255607 0.132885 0.139591 -0.050425 -0.055459 0.018853 -0.129473 -0.256093 0.115777 -0.281657 0.002365 0.132429 0.034402 0.208569 -0.071163 -0.084563 -0.162156 -0.189384 0.058764 -0.261868 0.267834 0.286471 -0.468630 -0.011701 -0.099762 -0.269597 -0.064471 -0.236735 0.107522 -0.123396 -0.059267 0.181999 -0.030538 -0.281794
twisted -0.213877 0.143109 0.235894 -0.167387 -0.056024 -0.200932 0.070094 -0.094234 -0.209059 0.091325 0.100615 -0.028800 -0.150714 -0.106751 0.187796 0.301477 -0.114116 0.028233 0.297936 0.134684 0.066620 -0.131002 -0.122979 0.002633 0.184740 -0.083307 0.087324 0.024067 0.160381 0.002760 -0.104182 0.169442 -0.044282 -0.064953 -0.035566 0.002082 -0.046124 0.052533 -0.154945 -0.119298 -0.209075 -0.158146 -0.126008 -0.088963 0.015596 -0.106166 0.024063 0.203665 -0.199162 0.092815
two 0.315912 0.171120 0.903033 0.016401 0.845437 0.172360 0.427853 -0.248982 -0.427370 -0.831385 -0.101327 0.623711 -0.144774 -0.194779 0.419121 0.307245 -0.008481 -0.211687 0.041927 0.243629 0.367177 -0.619055 0.053804 -0.027872 0.338993 -0.220651 -0.282958 0.204248 -0.105925 0.274580 -0.099850 -0.213204 0.495505 0.589996 0.368338 0.157232 -0.623728 0.388491 -0.748350 -0.158015 -0.375658 0.087259 -0.481878 -0.531683 0.318106 0.392645 0.638046 -0.193045 0.161792 -0.555261
u -0.190566 -0.017728 0.392711 0.306677 0.195456 0.200537 0.491887 -0.053521 -0.002185 -0.440310 0.252739 0.115365 -0.131791 -0.312323 -0.061235 0.301435 0.101425 0.319748 -0.141287 0.174815 0.137325 -0.279905 0.073998 -0.115803 0.193643 -0.506287 0.386789 -0.449214 -0.053833 0.333806 -0.135386 0.076555 -0.132265 -0.047137 0.050016 -0.229129 -0.082130 0.267018 -0.248880 0.154466 0.179019 0.074235 -0.560779 0.081933 -0.043335 -0.194656 0.274326 0.115565 0.006641 -0.212604
ugh -0.419926 0.014184 0.286077 0.000109 -0.130231 -0.254799 -0.274570 -0.048385 -0.374091 -0.021138 -0.010124 -0.125331 -0.034844 -0.027111 0.069900 0.263783 -0.288711 -0.035133 0.173442 0.106609 0.141088 -0.217338 0.048586 0.050323 0.261503 -0.176985 0.069343 -0.027449 0.059238 -0.020832 -0.379858 0.368268 -0.144824 -0.254986 -0.189978 -0.190484 0.007866 0.143997 -0.355686 0.041022 -0.062676 -0.140314 -0.119840 -0.312925 0.183434 -0.162748 -0.231419 0.028531 -0.109045 -0.075181
under -0.603600 0.392837 0.579569 -0.227448 -0.208349 -0.695510 0.057185 -0.120088 -0.557655 0.618454 0.296579 0.444805 0.028457 -0.511856 0.599442 0.424000 -0.563911 0.017731 0.178939 0.283411 -0.045388 0.361382 -0.089791 -0.084761 -0.012748 -0.405887 0.012855 -0.415594 -0.050423 -0.258634 -0.273445 0.159161 -0.053400 -0.610100 0.431792 0.340793 0.436163 0.507892 -0.228092 -0.342782 -0.044796 -0.497877 -0.009980 -0.824549 0.233448 -0.345340 0.508612 0.064653 0.017442 -0.007587
understand -0.538838 0.353108 0.528714 0.298284 0.303118 -0.184285 0.082931 -0.390823 -0.655626 -0.289209 -0.066425 -0.279147 -0.079716 -0.223982 0.395901 0.020895 -0.656780 0.159566 -0.095397 -0.223838 0.139140 -0.515647 -0.001538 -0.046472 0.161835 -0.056687 -0.347193 0.392224 -0.160376 0.437162 -0.506893 -0.124803 -0.123470 -0.274110 0.321186 -0.393300 0.369365 -0.162537 -0.835593 0.147834 0.376398 -0.522093 -0.140911 -0.271038 0.087516 0.023190 -0.191707 -0.095274 -0.053680 -0.359741
united -0.098861 -0.113532 0.749315 -0.212345 0.543676 0.068953 0.230941 -0.173067 -0.133741 -0.323794 0.195237 0.079150 -0.205758 -0.189829 0.323472 0.548552 0.056448 0.322076 0.106078 0.225299 -0.177439 -0.339437 -0.009932 -0.232758 0.137976 -0.236141 0.102140 0.172559 -0.220738 0.432072 0.158491 -0.211374 -0.150596 0.090592 -0.097620 -0.366234 0.054236 0.479760 -0.228081 -0.102420 -0.121689 -0.155254 -0.666602 -0.195945 -0.026939 -0.131931 0.338686 0.259544 0.015076 -0.295472
unseen -0.231079 0.020145 0.233896 0.332509 0.033310 0.185627 0.068167 -0.242715 -0.169777 -0.008074 0.131793 -0.101784 -0.101507 -0.075465 -0.120818 0.270486 -0.049567 0.167480 -0.100819 0.148096 -0.037312 -0.297145 0.122343 0.089029 0.232240 -0.400478 0.192187 -0.180468 -0.104802 0.108685 0.010039 0.027370 -0.242214 -0.283901 -0.259743 -0.155606 0.012681 0.081876 -0.381084 -0.006959 -0.001756 0.026826 -0.404689 -0.247054 0.100228 -0.040021 -0.055992 0.109282 0.036691 -0.195005
until -0.344957 -0.376780 0.497515 -0.262972 0.188286 -0.278389 0.000601 -0.487804 -0.580102 -0.016752 -0.019492 -0.146576 0.020065 0.272510 0.329881 -0.016639 -0.300455 0.129603 0.498749 -0.240467 0.242260 0.000341 0.343353 0.222306 0.383253 -0.166127 -0.105534 -0.043706 0.095030 0.032661 0.084848 0.015695 -0.161155 -0.209344 -0.231155 -0.314102 0.633685 -0.218639 -0.323710 0.077348 0.292322 -0.244735 0.048715 -0.157987 -0.311310 -0.228539 -0.066022 -0.010732 -0.023052 -0.340456
unusual -0.327218 -0.041614 0.368759 0.092057 -0.021599 -0.096928 -0.077261 -0.070426 -0.193894 0.010312 0.023674 0.005058 -0.116724 -0.085498 0.050971 0.205180 -0.146645 0.032425 0.087244 0.205248 0.062290 -0.239211 -0.016655 0.073719 0.169927 -0.186425 0.109232 -0.058395 -0.001182 0.109960 -0.202341 0.191381 -0.049919 -0.202282 -0.108573 -0.209946 0.058967 0.132194 -0.295112 -0.087184 -0.044175 -0.055010 -0.173201 -0.232261 0.082437 -0.133372 -0.061701 0.012002 -0.099078 -0.150010
up -0.631620 0.128815 0.704765 -0.438151 0.361330 -0.285255 -0.438010 0.142743 -0.937492 0.694781 -0.114544 0.564491 0.397334 -0.817032 0.533609 0.148262 -0.306624 -0.008411 0.247901 -0.712950 0.245181 0.459792 -0.419843 -0.430918 0.135878 -0.027251 -0.477902 -0.293862 -0.114903 0.315940 0.174878 -0.517900 -0.132727 -0.289328 -0.675868 0.120125 0.581000 0.856551 0.046823 0.064014 0.264563 -1.062979 -0.552205 -0.493989 -0.457220 -0.329145 -0.060318 0.573176 0.451652 0.125482
upon -0.464991 -0.031943 0.600207 -0.393695 -0.355598 -0.881874 -0.373990 0.116071 -0.857896 0.175206 -0.011643 -0.176334 0.057837 -0.039613 0.393724 0.442642 -0.361864 -0.155107 0.542057 0.281661 0.493434 0.248223 0.152041 0.304406 0.401867 -0.098713 -0.166003 -0.256929 -0.288245 -0.509720 -0.366333 0.375350 0.248175 -0.078635 -0.209865 0.229472 0.148271 0.257304 -0.081931 -0.452409 -0.205054 -0.615492 -0.181650 -0.649597 0.381939 -0.383980 -0.140073 0.047337 0.010563 0.112470
us 0.325388 0.441199 0.470955 0.592858 0.508679 0.672070 0.585018 -0.357070 -0.503096 -0.444453 0.119936 -0.737619 -0.249360 -0.001005 0.249566 0.159540 0.099432 0.227552 -0.175864 -0.129973 0.316450 -0.514543 0.117860 -0.134382 0.533451 0.015582 0.132986 0.407975 -0.473257 0.560796 0.299882 -0.764767 0.011785 0.519027 0.133506 -0.739498 0.134363 -0.409232 -0.580821 0.111078 0.239543 -0.082003 -0.853143 0.223421 -0.307406 -0.013210 0.002962 0.470367 0.123662 -0.225711
use 0.091686 0.089359 0.730436 0.292444 0.498082 0.073176 0.392566 -0.348532 -0.238966 -0.038286 0.474926 -0.105872 -0.235580 -0.158361 0.404767 0.201832 -0.180924 0.278620 -0.308933 0.068562 -0.215817 -0.158152 -0.011314 -0.232837 0.010195 -0.281184 -0.039562 0.350366 -0.177269 0.490605 0.096409 -0.396601 -0.106273 -0.138774 0.048655 -0.487551 0.197697 0.341738 -0.641912 -0.245755 -0.184426 -0.211434 -0.511176 -0.259694 0.360193 0.006063 -0.047882 0.117805 0.000762 -0.421060
used -0.161041 0.236672 0.396537 0.303579 0.288549 -0.073162 0.736876 -0.409177 -0.467628 0.047484 0.486600 -0.189498 -0.036704 -0.350549 0.560610 -0.102080 -0.276120 0.070147 -0.321613 -0.100926 0.186972 -0.021168 -0.237456 -0.233385 -0.102762 -0.324063 -0.271704 0.309754 -0.012879 0.691112 -0.237067 -0.661893 0.104883 0.003463 0.198807 -0.662224 0.599019 -0.172829 -0.724376 -0.307628 0.015664 -0.552934 -0.074255 0.243142 0.086200 -0.028179 -0.357830 0.186726 -0.095568 -0.405775
using -0.162545 0.087566 0.451409 -0.105280 0.170532 -0.190987 0.151732 -0.030293 -0.244264 -0.045323 0.131943 0.159126 -0.161524 -0.206177 0.393342 0.061846 -0.177254 0.085369 0.057058 0.119726 -0.085682 -0.011577 -0.062624 -0.208705 0.056697 -0.002099 -0.009821 0.077028 -0.107527 0.297033 -0.138016 -0.006315 -0.012290 -0.050603 0.242829 -0.141844 0.181457 0.394820 -0.108298 -0.067038 0.076073 -0.188937 -0.065120 -0.205418 0.010950 -0.169491 0.157303 0.046945 -0.011088 -0.064905
v -0.243219 0.023985 0.733390 0.263281 0.291496 -0.015815 -0.001955 0.015074 -0.456579 -0.357398 0.349313 0.257791 -0.211427 -0.575699 0.337857 0.128550 -0.210600 0.456993 -0.035478 0.107082 0.119362 -0.515585 0.119108 -0.204579 0.470163 -0.306241 0.363759 -0.133871 -0.386895 0.519059 -0.233836 -0.063254 -0.164266 -0.330354 0.237848 -0.212894 0.414147 0.435643 -0.780592 -0.019414 0.142624 -0.395786 -0.426645 -0.642932 -0.059058 -0.304231 -0.006679 0.301384 0.255784 -0.214019
valley -0.164478 0.032724 0.583939 -0.210056 0.157540 -0.125602 -0.050220 -0.103082 -0.358242 -0.035891 0.054171 0.049444 -0.262521 -0.248254 0.463507 0.215034 -0.063462 0.273377 0.350088 0.178839 0.037689 -0.166975 -0.080089 -0.029039 0.260144 -0.079376 0.131981 0.151831 -0.106328 0.359636 -0.103691 -0.114838 -0.226363 -0.192176 0.240015 -0.291533 0.499625 0.420534 -0.197998 -0.172226 -0.024971 -0.305227 -0.123983 -0.290777 -0.165625 -0.174679 -0.015511 0.299897 -0.032335 -0.159893
value 0.068083 -0.042834 0.268063 0.296225 0.091575 -0.003499 0.381522 -0.244831 -0.206399 -0.027014 0.356913 -0.202609 -0.046422 -0.093856 0.171328 -0.031453 -0.077640 0.062444 -0.079919 0.037312 0.182672 -0.125258 0.022083 -0.017595 0.123805 -0.343641 -0.002279 0.002990 0.052380 0.154222 -0.138419 -0.064476 0.001145 -0.022125 -0.111803 -0.226252 0.233633 -0.112497 -0.363211 -0.142734 -0.011645 -0.199772 -0.151133 0.109696 0.132089 -0.107086 -0.196419 0.090881 -0.056233 -0.298365
ve -1.106752 0.666092 0.356765 -0.375310 0.706797 -0.329432 0.533391 -0.471890 -1.090935 -0.232071 0.079664 -0.100700 -0.318233 -0.035971 0.799540 0.078069 -0.738042 -0.062366 0.321533 0.090525 -0.306389 -0.164776 -0.272588 0.250540 0.076429 0.107961 -0.711043 0.734313 -0.346790 0.662387 -0.174965 -0.442569 0.010445 -0.187964 0.076871 -0.614498 0.173517 -0.227527 -0.936891 -0.399630 -0.288797 -0.911226 -0.083552 -0.433218 0.029768 0.513222 -0.326123 -0.059065 0.011901 0.288338
verge 0.058198 0.042402 0.286448 0.518293 0.265692 0.521507 0.459818 -0.330575 -0.174191 -0.024488 0.512334 -0.162220 -0.328347 -0.193321 0.085882 0.091110 0.177840 0.251442 -0.081497 -0.049466 0.033950 -0.462475 0.049305 -0.044866 0.416212 -0.289555 0.264491 -0.051652 -0.060118 0.389700 0.270029 -0.179190 -0.176846 -0.149287 -0.254464 -0.147664 0.158575 -0.079854 -0.409224 -0.024370 -0.036885 -0.194776 -0.608797 0.042036 -0.211137 -0.038717 -0.128764 0.483224 0.082213 -0.063931
very -0.197792 -0.185567 0.640122 0.180695 -0.185236 -0.267590 -0.290626 -0.156134 -0.268227 -0.038288 -0.068577 -0.084327 -0.204010 -0.159518 -0.336970 0.209808 0.178440 0.155016 -0.097294 0.116685 -0.037763 -0.498389 -0.304933 -0.255255 0.091803 -0.652202 0.409259 -0.044089 -0.164016 0.203373 -0.030472 0.340680 -0.375492 -0.337041 -0.195279 -0.356495 -0.097734 0.154558 -1.009780 -0.151337 -0.025721 0.122494 0.016969 -0.111686 0.528566 -0.250950 -0.409625 0.026920 -0.166501 -0.963859
view 0.064272 -0.188076 0.305609 0.217244 0.309198 0.316920 0.161695 -0.086435 -0.005503 -0.076190 0.258071 -0.127144 -0.211217 -0.129286 0.066313 0.018210 -0.010807 0.203129 0.019015 -0.127531 0.177934 -0.280916 0.068200 -0.153570 0.225457 -0.128101 0.168050 0.127687 0.198688 0.303906 0.184930 -0.129267 -0.175172 -0.091556 -0.291666 -0.294310 0.212126 0.037429 -0.410962 0.082266 0.002272 -0.190602 -0.455545 0.119770 -0.202757 -0.104031 -0.152826 0.356245 0.077590 -0.242622
village -0.186990 0.191389 0.626843 0.209496 0.256833 0.008148 0.547039 -0.195735 -0.268266 -0.133477 0.700920 0.202223 -0.590409 -0.650119 0.394616 0.086093 -0.220669 0.485324 0.029685 -0.030454 -0.298667 -0.299363 -0.441379 -0.556428 0.178002 -0.413167 0.421443 0.292205 -0.010927 0.712252 0.053449 -0.216599 -0.316105 -0.342717 0.252797 -0.558605 0.391175 0.250949 -0.887332 -0.126565 -0.203887 -0.463652 -0.379065 -0.034925 0.007126 -0.191936 -0.204809 0.540074 -0.099550 -0.365025
vines -0.090716 -0.076568 0.205799 0.326111 0.125941 0.212919 0.065711 -0.093243 -0.069719 0.193887 0.455218 0.237365 -0.154057 -0.268002 0.150449 0.097991 -0.252995 0.032082 -0.184372 -0.091729 -0.205169 -0.041650 -0.017921 -0.310784 0.101611 -0.261669 0.074014 0.097885 0.164721 0.243656 0.068816 -0.133889 -0.123879 -0.278882 -0.322635 -0.247303 0.128344 0.417794 -0.368518 0.087735 -0.257522 -0.174000 -0.341897 -0.224121 0.129566 -0.042536 -0.142841 0.336745 0.142044 -0.163198
vision -0.104063 0.019983 0.250178 0.007913 0.064568 -0.152881 0.178511 -0.055540 -0.165702 -0.134254 0.397316 0.094756 -0.242829 -0.219780 0.200484 0.033471 -0.230380 0.242878 0.129997 -0.073885 -0.100658 0.034163 -0.015293 -0.221518 0.048547 -0.205508 0.155233 -0.033649 -0.000950 0.131033 0.002172 -0.014341 -0.211697 -0.228458 0.203801 -0.086072 0.300243 0.159478 -0.343034 -0.009864 -0.042773 -0.277545 -0.120633 -0.109767 0.063108 -0.168516 0.017119 0.160490 -0.007402 -0.069273
voice -1.032490 0.754353 0.286086 0.433053 -0.384158 -0.306575 0.308421 0.119144 -0.298291 -0.427826 1.001343 0.131341 -0.581040 -0.609450 -0.023631 0.066020 -0.483113 0.473234 0.116935 -0.268445 0.272652 -0.296702 -0.070842 -0.429020 0.463261 -0.632319 0.704097 -0.383279 0.375314 0.487873 -0.828942 0.713544 -0.622288 -0.822364 0.320913 -0.408452 0.065580 0.590375 -0.801239 0.358715 0.208833 -0.224330 -0.128058 -0.144396 0.337511 -0.298034 -0.166332 0.315843 -0.173419 0.011485
voices -0.084011 -0.046482 0.417258 0.019739 0.199180 -0.097758 0.268387 -0.179024 -0.235167 -0.208503 0.267383 -0.066761 -0.141731 -0.066930 0.211802 0.150666 0.000282 0.232423 0.054838 0.043919 0.024856 -0.258209 0.098958 -0.060253 0.237027 -0.186830 0.122013 -0.065274 -0.101225 0.200754 -0.050817 0.088496 -0.133354 -0.053411 -0.023803 -0.103911 0.096245 0.151882 -0.314554 -0.022940 0.045680 -0.128843 -0.281002 -0.123273 0.001520 -0.189831 0.036275 0.086056 -0.125186 -0.082116
volunteered -0.086556 -0.187077 0.507970 -0.069560 0.225961 -0.272894 0.186293 -0.304596 -0.257545 -0.078176 0.151915 -0.233771 -0.035563 0.013416 0.332317 0.094414 -0.297656 0.104945 -0.087871 -0.164554 -0.101337 -0.073303 -0.111132 -0.226004 -0.104711 -0.104603 -0.089324 0.409336 -0.011030 0.283932 0.056546 -0.217762 -0.051275 0.001818 -0.071825 -0.508475 0.281652 -0.063497 -0.659454 -0.055889 -0.006849 -0.223432 -0.176286 0.073059 0.117952 -0.145204 -0.275122 0.074195 -0.179057 -0.401862
volunteers -0.114541 0.119706 0.336323 0.317810 0.105782 0.311594 0.123364 -0.195820 -0.152758 0.222907 0.285794 0.091349 -0.041866 -0.327019 0.194930 0.229300 -0.174840 -0.020766 -0.130301 0.004351 0.074435 -0.108419 -0.008562 -0.178279 0.217020 -0.294274 -0.050333 0.068739 0.119847 0.233425 0.041305 -0.162494 -0.062678 -0.157988 -0.309995 -0.183197 0.065530 0.362065 -0.232263 0.037779 -0.105774 -0.102381 -0.418918 -0.196143 0.043321 -0.000199 0.071189 0.321510 0.215003 -0.266446
wagon -0.196033 0.049739 0.352975 -0.078917 0.177560 0.085280 0.133737 -0.136688 -0.233347 -0.090064 0.175555 0.101621 -0.260029 -0.288381 0.162682 0.212483 -0.111946 0.275278 0.411161 0.006806 0.015931 -0.197355 -0.033413 -0.089209 0.388830 -0.172623 0.175818 -0.072977 0.090803 0.166839 0.044147 0.107668 -0.218609 -0.199431 -0.092315 -0.027777 0.149581 0.257567 -0.168219 0.074865 -0.125586 -0.259826 -0.339374 -0.153783 -0.214652 -0.131324 0.148247 0.329668 0.012719 -0.015712
wah 0.040492 0.312170 0.526072 0.078855 0.102881 -0.053314 0.345198 -0.431492 -0.610621 0.209325 0.183340 -0.108278 0.213850 -0.161821 0.305213 0.482273 0.317999 -0.058542 0.251762 0.036706 0.367814 -0.173127 -0.086678 0.026844 0.313567 -0.433945 -0.286481 -0.295247 -0.033949 -0.011660 -0.261124 0.018305 0.000459 0.102913 -0.152137 0.271049 -0.045142 0.390293 -0.001398 -0.060900 -0.284101 -0.191582 -0.123236 -0.124414 0.262356 0.027630 0.035544 0.154113 -0.048730 -0.152319
wait -0.227865 0.418394 0.183349 0.562828 0.496060 0.600132 0.475674 -0.233851 -0.285122 0.046578 0.112449 -0.076401 -0.301584 -0.435419 0.321792 -0.062985 -0.325674 0.158672 -0.132462 -0.057096 -0.039576 -0.366789 -0.201014 -0.149992 0.236925 -0.039109 -0.083039 0.337337 0.095010 0.615333 -0.083480 -0.540818 -0.099420 -0.179199 0.039109 -0.532662 0.241326 -0.047072 -0.400619 0.057770 -0.017949 -0.438511 -0.461270 0.079336 -0.260503 0.230888 -0.134348 0.350735 0.160757 -0.159392
waited -0.261383 -0.151690 0.465778 -0.031353 0.306255 -0.003225 0.147201 -0.044511 -0.281702 0.067909 -0.012544 0.122621 -0.119205 -0.215125 0.324500 0.295424 -0.173084 -0.007203 0.198338 0.104015 0.132462 -0.086382 -0.150488 -0.214139 0.111977 -0.281027 0.018176 0.117016 0.306935 0.230818 -0.006458 -0.034159 0.019411 -0.035594 -0.275393 -0.442598 0.160848 0.273559 -0.420648 -0.057552 -0.186814 -0.292372 -0.246197 -0.069191 -0.049423 -0.113696 -0.037005 0.234335 0.100007 -0.337945
waiting -0.340591 0.170625 0.481207 0.143658 0.238252 0.204445 0.275560 -0.213111 -0.330873 0.070165 0.001259 -0.172956 -0.330237 -0.230326 0.265333 0.208186 -0.131000 0.195447 0.169765 0.159069 0.152674 -0.384747 -0.109572 -0.106126 0.349021 -0.184531 0.196513 0.135249 0.100714 0.441153 -0.059552 -0.059610 -0.252382 -0.193682 -0.030024 -0.403462 0.230287 0.114446 -0.319336 -0.044822 0.008489 -0.231351 -0.386564 -0.041490 -0.187369 -0.072151 -0.020453 0.325265 -0.034951 -0.207573
walk -0.201419 0.040742 0.157898 0.326697 0.111570 0.262743 0.075798 -0.153976 -0.074518 0.172863 0.178051 -0.013525 -0.112010 -0.165600 0.065209 0.147031 -0.246706 -0.123552 -0.129473 -0.150520 0.125155 -0.090510 -0.015988 -0.221492 0.096019 -0.211340 -0.096842 0.159971 0.331495 0.218243 0.016540 -0.159524 -0.049175 -0.085255 -0.379840 -0.284210 0.024727 0.109441 -0.292861 0.154993 -0.099566 -0.148998 -0.343222 0.007537 0.054203 0.062248 -0.087997 0.308694 0.132963 -0.255094
walked -0.225553 -0.244159 0.400091 0.084347 0.437764 -0.096298 0.415738 -0.408871 -0.285300 0.092101 0.155479 -0.054497 -0.111718 -0.199512 0.457477 0.022549 -0.538944 -0.062262 -0.105952 -0.301661 -0.049301 -0.053345 -0.226931 -0.476923 -0.217716 -0.238641 -0.282327 0.586138 0.420593 0.522211 0.094790 -0.510666 -0.111977 -0.017124 -0.251841 -0.659190 0.432885 -0.166851 -0.893275 0.006466 -0.136799 -0.478104 -0.113947 0.251086 0.022817 -0.044502 -0.386957 0.210793 -0.118710 -0.613953
wall -0.108491 -0.077952 0.576051 0.118281 0.192121 -0.036868 0.261989 -0.269807 -0.278314 -0.030333 0.269108 0.002688 -0.261240 -0.232064 0.257905 0.172920 -0.157540 0.321821 -0.007399 0.195093 -0.127670 -0.235946 -0.014171 -0.172942 0.217880 -0.358531 0.248517 0.022431 -0.069609 0.310540 -0.048656 0.068639 -0.304891 -0.270115 0.001598 -0.284779 0.255292 0.284034 -0.487165 -0.150011 -0.010285 -0.147247 -0.372678 -0.223985 0.023967 -0.228375 -0.089602 0.189879 -0.100476 -0.317240
walt -0.597376 0.479188 0.021941 0.173579 0.056640 0.318617 -0.279642 -0.113507 -0.492742 -0.221846 -0.287168 -0.092485 0.158831 -0.447746 0.150286 0.092891 -0.297337 0.097098 0.309099 -0.317273 0.491374 -0.639078 0.178336 0.022117 0.662589 0.050023 0.065189 -0.142608 -0.039969 0.330183 -0.214271 0.048640 -0.388583 -0.368741 -0.073440 0.136090 0.236061 -0.255354 -0.245754 0.528151 0.518294 -0.362692 -0.277670 -0.302068 -0.578900 0.059499 0.023514 0.472983 0.443695 0.191442
wan -0.151660 0.525897 0.444086 -0.281014 0.013055 -0.180446 0.055425 -0.174160 -0.649592 0.352116 -0.070530 0.200070 -0.029908 -0.262717 0.479455 0.421147 0.094809 -0.149170 0.377652 0.134957 0.155177 0.048115 -0.203679 -0.063427 0.309077 -0.106559 -0.310857 0.000544 -0.010351 -0.006432 -0.260459 0.010219 0.069253 0.111507 0.049201 0.231337 -0.100028 0.607918 0.133879 -0.168967 -0.359545 -0.204564 0.037146 -0.450488 0.144811 0.068793 0.165861 0.230745 0.047402 -0.032930
want -0.466265 0.657908 0.288175 0.783656 0.564387 0.401182 0.724467 -0.557241 -0.869773 0.118458 0.132122 -0.395953 -0.254844 -0.309291 0.937814 -0.246998 -0.602233 -0.005533 -0.421377 0.418186 -0.015975 -0.374011 0.002569 0.288434 0.180163 0.002145 -0.466867 0.458211 -0.322334 0.964885 -0.518305 -1.071021 -0.196402 -0.120514 0.287019 -0.952297 1.040655 -0.291335 -0.489510 -0.362196 0.319991 -0.781664 -0.363651 -0.178736 -0.359306 0.311059 -0.606197 0.348564 0.040287 0.025906
wanted -0.500626 0.198598 0.295294 0.108400 -0.052879 -0.155874 0.319775 -0.308032 -0.507401 0.060691 0.196536 -0.086238 -0.000182 -0.411950 0.424605 0.031372 -0.546667 -0.134077 0.060878 -0.077822 0.150478 0.074909 -0.293018 -0.125985 -0.074022 -0.338525 -0.307454 0.201409 0.050384 0.427411 -0.235194 -0.481395 -0.006430 -0.119792 0.019665 -0.555742 0.625313 -0.124922 -0.485708 -0.127889 0.035334 -0.560720 -0.054200 0.100638 -0.055472 -0.021702 -0.314315 0.278064 0.038114 -0.295350
warm -0.142968 0.051854 0.381652 -0.105330 0.067315 -0.156635 0.148322 -0.177236 -0.387328 0.185039 0.213875 -0.073927 -0.067534 -0.221946 0.341070 0.349161 -0.231625 0.116698 0.174490 -0.065805 0.062245 0.060177 -0.145045 -0.214415 0.142057 -0.211840 -0.007414 0.109385 0.151053 0.088020 -0.036718 -0.150565 -0.063930 -0.002255 -0.130504 -0.203912 0.180187 0.155847 -0.331323 -0.047174 -0.234372 -0.330113 -0.254827 -0.061967 0.012820 -0.207091 -0.084905 0.371608 -0.102366 -0.146731
warned -0.323626 -0.039641 0.278090 -0.023603 0.007645 -0.241122 -0.170036 -0.251407 -0.464932 0.099469 -0.114454 -0.199348 0.074076 0.050127 0.074432 0.247518 -0.281000 -0.110409 0.014719 -0.003948 0.045825 0.006891 0.107733 0.102208 0.054403 -0.263047 -0.181826 0.023932 -0.157571 -0.063564 -0.053156 -0.143799 -0.117380 -0.064591 -0.228518 -0.134010 0.097456 -0.077936 -0.444261 -0.159563 0.000416 -0.207886 -0.176755 -0.303111 0.173439 -0.044741 -0.194209 0.031555 0.022892 -0.270160
was -0.306964 -0.432013 0.767421 -0.484733 -0.861470 -1.238537 0.719699 -1.462011 0.138321 0.606481 0.581844 -1.290882 -1.169593 0.919587 0.234459 0.644621 -1.206092 0.079025 0.427677 0.242361 -0.033131 1.452342 0.507207 -0.435490 -0.079713 -0.727946 0.248486 0.858498 1.425142 -0.291828 -0.015918 0.727606 -0.782400 -0.266303 0.253662 -1.452291 0.577372 -0.294277 -0.528492 -0.478294 -0.693530 -0.104997 -0.365911 0.230783 0.951531 0.103391 -0.716045 0.445605 -1.293447 -0.722833
wash -0.209702 0.156565 0.028487 0.256952 -0.005742 0.190016 0.074210 -0.311469 -0.236299 0.209340 0.086171 -0.129358 0.015538 -0.142305 0.125584 0.300209 -0.219134 -0.054307 0.075409 -0.081281 0.195131 -0.091394 -0.075400 -0.007944 0.081021 -0.375014 -0.090875 -0.041607 0.297804 0.083689 -0.080876 -0.250670 -0.166954 -0.193355 -0.240910 -0.138116 0.207883 -0.023223 -0.138096 0.132297 -0.216276 -0.182296 -0.188333 -0.010772 0.104259 0.107043 -0.071545 0.300135 0.058425 -0.144557
washed -0.205320 -0.167824 0.390910 0.041582 0.209193 -0.091980 0.215420 -0.161787 -0.249966 0.059961 0.201650 0.080902 0.148217 -0.198383 0.341916 0.159180 -0.297280 0.015682 -0.078826 -0.030121 0.062991 -0.061254 -0.064327 -0.343034 0.008563 -0.338265 -0.004521 -0.056967 0.187237 0.314830 -0.054436 -0.165423 -0.215054 -0.038583 -0.296922 -0.325329 0.275527 0.155775 -0.389612 0.116335 0.031699 -0.152946 -0.185213 -0.040425 0.018535 -0.243438 -0.071892 0.128811 0.026880 -0.378878
washing -0.278326 -0.080350 0.694218 -0.284324 0.176325 -0.408744 0.033893 0.004229 -0.379966 -0.180381 0.236911 0.232381 -0.110857 -0.296454 0.422244 0.206115 -0.190764 0.217799 0.315423 0.055069 0.051699 -0.152238 -0.050507 -0.252334 0.242877 -0.136138 0.162484 -0.089952 -0.028361 0.301919 -0.121829 0.209399 -0.167151 -0.146708 0.145632 -0.143001 0.262497 0.413694 -0.432936 -0.039654 0.086597 -0.285654 -0.079702 -0.280582 -0.058877 -0.381141 0.111375 0.079817 -0.044151 -0.192731
wasn -0.716119 0.500169 0.298923 0.373108 -0.057218 0.095265 -0.116125 -0.442999 -0.346120 0.079870 -0.400696 -0.309485 -0.133452 -0.081898 0.032688 0.209402 -0.682787 -0.234243 -0.323239 0.294560 0.108893 -0.315695 -0.006219 0.221654 -0.018329 0.112392 -0.276689 0.566218 0.050366 0.299979 -0.220517 -0.257600 -0.307830 -0.271764 0.173366 -0.679279 0.137709 -0.341226 -0.681514 -0.042900 0.184256 -0.030944 -0.199189 -0.312539 0.060590 0.238643 -0.360859 -0.001507 -0.039654 -0.423058
watch -0.451815 0.385085 0.351183 0.048129 -0.026672 -0.123445 0.139347 -0.070388 -0.358324 0.086753 0.333225 0.140560 -0.201703 -0.411344 0.432000 0.171864 -0.495537 0.059787 0.028545 0.055952 -0.007684 -0.094529 -0.115235 -0.302801 0.223478 -0.110474 0.110632 -0.021540 0.075296 0.280057 -0.283884 0.102673 -0.225672 -0.280930 0.153835 -0.106512 0.109089 0.366916 -0.168551 0.108485 0.047686 -0.228598 -0.312189 -0.355120 0.066195 -0.201019 0.145895 0.256353 0.000404 0.059949
watched -0.204733 -0.557945 0.715601 -0.735558 0.270332 -0.888550 0.017980 -0.343046 -0.554450 0.020954 0.241728 0.001342 0.314563 0.056529 0.571249 0.120734 -0.322044 -0.161480 0.136071 -0.405487 0.046041 0.284304 -0.079815 -0.396486 -0.183115 -0.243555 -0.507868 0.402922 0.026588 0.118970 0.122207 -0.179330 0.134039 0.309643 -0.443459 -0.237084 0.302801 0.053949 -0.787415 -0.198642 -0.090170 -0.516559 0.182717 -0.052246 0.252900 -0.464944 -0.276945 -0.067243 -0.184414 -0.655420
watches -0.127895 0.180309 0.271867 -0.099880 0.073725 -0.042031 -0.062436 -0.089571 -0.295654 -0.072677 -0.088497 0.139987 0.075838 -0.360750 0.237022 0.268987 -0.175841 0.056209 0.117777 0.032531 0.230269 -0.162788 -0.030416 -0.065572 0.237784 -0.106334 -0.054216 -0.103933 -0.083513 0.112088 -0.213561 -0.136489 -0.036951 0.020175 0.022026 0.139505 0.067253 0.181880 -0.017102 0.102866 -0.045059 -0.195595 -0.263007 -0.325839 -0.072505 -0.087595 0.207967 0.235956 0.116757 0.002556
watching -0.511691 -0.289863 0.506388 -0.126873 0.081478 -0.353549 -0.068687 0.004878 -0.361152 -0.050929 -0.023384 0.314849 0.233125 -0.227025 0.216870 0.191219 -0.251241 -0.164381 0.092041 0.126545 0.190042 -0.123197 0.055616 -0.143705 0.145962 -0.306167 0.023714 -0.417981 -0.076089 0.164650 -0.183137 0.195261 -0.079450 -0.032720 -0.354466 0.000779 0.043067 0.289376 -0.335811 0.012466 0.135915 -0.114162 -0.094938 -0.354727 0.030547 -0.333461 0.049288 -0.090663 0.112175 -0.258211
water -0.115081 0.078406 0.697002 0.185488 0.399341 0.315399 0.520294 -0.004974 -0.127615 0.362311 0.767604 0.042258 -0.301569 -0.828990 0.398407 0.232646 -0.191860 0.639109 -0.042591 -0.000857 -0.110402 -0.302693 -0.350298 -0.627264 0.492382 -0.306838 0.333540 0.206729 0.278589 0.710666 -0.129589 -0.121041 -0.339665 -0.325167 -0.350457 -0.460074 0.282042 0.626183 -0.449075 -0.011626 -0.345285 -0.611310 -0.753525 0.052687 -0.369684 -0.470686 -0.219157 0.779815 -0.044254 -0.305077
way -0.212910 0.493704 0.957252 -0.219934 0.056874 -0.397211 0.636563 -0.397896 -0.374480 -0.470536 0.711636 -0.039993 -0.387940 -0.587947 0.196761 0.063984 -0.413421 0.897661 0.077117 -0.169837 -0.759592 -0.304968 -0.490101 -0.757729 0.286315 -0.180159 0.708369 0.254391 -0.564811 0.842515 0.207151 -0.011706 -0.649486 -0.389412 0.721170 -0.592024 0.229204 -0.110811 -1.000381 0.002232 0.267353 0.022749 -0.172907 0.018658 -0.105158 -0.421638 -0.019155 0.122393 -0.241552 -0.567031
ways -0.092733 -0.064157 0.463445 0.074898 0.179256 -0.038648 0.211276 -0.178825 -0.241567 -0.125666 0.334530 -0.043384 -0.009224 -0.132473 0.147436 0.312534 -0.020299 0.126725 -0.034323 0.080459 0.001033 -0.162384 0.006000 -0.127704 0.158428 -0.358319 0.063187 -0.070197 -0.142996 0.199538 0.003571 -0.022706 0.005364 0.018756 -0.224495 -0.201829 0.018932 0.206943 -0.349561 -0.043281 -0.099054 -0.129657 -0.411067 -0.148356 0.141277 -0.214248 0.051984 0.142716 0.016121 -0.230566
we -0.928831 0.630824 -0.273346 -0.278876 0.499431 1.108264 -1.172864 0.119114 -0.879348 -0.732940 -0.985187 0.026856 -0.886129 -0.135371 -0.271250 0.515408 -0.383722 0.417263 0.482151 -0.314279 0.377969 -0.451639 0.963464 0.590202 0.765459 -0.028687 0.239339 0.655899 -0.667937 -0.172624 0.497634 -0.701906 -0.295040 -0.425887 0.011355 -0.179267 0.193946 0.313371 -0.725954 0.796311 -0.178405 -0.555460 -1.195448 -1.525565 -0.762726 0.769403 0.595148 1.489342 1.592870 0.549966
weak -0.626109 0.072022 0.225705 0.176001 -0.002142 0.098533 -0.282103 -0.195068 -0.243726 0.124228 -0.122473 -0.048616 0.041182 -0.118991 0.029677 0.229890 -0.580438 -0.155003 -0.034544 -0.016321 0.017453 -0.177065 0.054414 0.003863 0.150711 -0.129747 -0.133663 0.226435 0.144269 0.242564 -0.165572 0.000717 -0.154607 -0.355598 -0.425006 -0.445620 0.025183 0.133027 -0.441242 0.192429 -0.050378 -0.082180 -0.314697 -0.323265 0.090831 0.122722 -0.239837 0.159674 0.126648 -0.191989
weather -0.032974 0.034201 0.417950 0.040015 0.172987 -0.023975 0.100866 -0.261390 -0.299592 0.041451 0.048106 -0.204289 -0.321250 0.069192 0.277499 0.157973 0.071658 0.108402 0.047132 0.147054 0.066967 -0.222591 0.022649 0.015819 0.127814 -0.203792 0.041980 0.248792 -0.047680 0.172096 0.059473 -0.013495 -0.100430 -0.066480 0.106062 -0.235045 0.194331 0.148796 -0.295030 -0.215933 -0.069143 -0.065345 -0.095721 -0.260531 0.168886 -0.019538 -0.025460 0.105911 -0.019443 -0.262077
week -0.511372 0.246166 0.500081 -0.058044 0.149957 -0.313522 0.433245 -0.046485 -0.452243 -0.397391 0.401480 -0.059795 -0.676407 -0.106739 0.227020 0.273737 -0.247995 0.229577 0.410057 0.267338 -0.186552 -0.246326 -0.177030 -0.113972 0.253259 -0.295482 0.249712 0.272316 -0.011997 0.168499 -0.118326 0.434230 0.058040 -0.270324 0.200617 -0.440702 -0.040423 0.160925 -0.776108 -0.301814 -0.341400 -0.468723 -0.225086 -0.190534 0.322388 -0.110297 -0.077269 0.135342 -0.213477 0.010185
weeks -0.196893 -0.168007 0.456942 0.142529 0.234493 0.158721 0.192812 -0.297809 -0.182224 -0.128837 -0.012066 -0.112838 -0.395670 0.075568 0.023773 0.279491 -0.142520 0.041929 0.352669 -0.011298 0.075453 -0.279333 -0.006447 0.077783 0.153220 -0.166276 0.035770 0.278280 0.291641 0.097964 0.328311 0.084354 -0.040943 -0.211242 -0.121752 -0.342596 0.012516 -0.200302 -0.677941 -0.121307 -0.198714 -0.188544 -0.307950 0.032367 -0.020908 0.240191 -0.111013 0.173704 -0.012620 -0.316918
weighed -0.228230 0.075241 0.363088 0.072693 0.112734 -0.055457 -0.027053 -0.016587 -0.307897 -0.120121 0.092223 0.156542 -0.059074 -0.149175 0.199165 0.197874 -0.074876 -0.056752 0.075276 0.078049 0.180644 -0.222261 0.066607 -0.033397 0.237893 -0.136379 0.010298 -0.104979 -0.048183 0.130990 -0.132189 0.135695 0.004315 -0.064981 -0.045828 0.022209 -0.050275 0.295528 -0.280693 0.010186 0.023435 -0.099222 -0.157334 -0.304874 0.078496 -0.067988 0.124740 0.064258 0.099571 -0.072369
weight -0.121597 0.119441 0.862791 0.152995 0.124050 -0.258400 0.405474 -0.425748 -0.374528 -0.127369 0.770591 -0.003483 -0.223336 -0.327321 0.518977 0.272136 -0.272004 0.296864 -0.014212 -0.013368 -0.033821 -0.282604 0.088981 -0.315988 0.219420 -0.374720 0.236757 -0.058815 -0.210541 0.352520 0.044266 0.012170 -0.286487 -0.321864 0.207057 -0.041639 0.309303 0.310009 -0.710056 -0.079134 0.009281 -0.215785 -0.426093 -0.340069 0.265372 -0.353703 0.178520 0.189647 -0.078611 -0.260929
well -1.056496 0.125773 -0.193805 0.537412 0.043022 -0.220184 -0.232119 0.038895 -0.375183 0.112677 -0.080217 -0.469180 0.108639 -0.146802 0.178823 -0.406607 -0.767506 0.033730 -0.485959 -0.180395 0.422168 -0.645864 0.184032 -0.230100 0.231076 -0.328014 -0.119876 0.301755 0.257482 0.479122 -0.972832 0.254454 -0.235412 -0.417389 -0.501345 -0.689148 0.447502 -0.263826 -1.078293 0.171600 0.513361 -0.594717 0.113042 -0.320004 0.047232 -0.330627 -0.823555 -0.056377 0.158612 -0.340854
went 0.115820 -0.273987 0.602550 -0.463270 0.901135 -0.010731 1.178787 -1.135793 -0.725430 0.375774 0.774387 -0.310155 0.076351 0.021790 1.160444 0.361258 -0.001459 -0.028656 0.618203 -0.927149 0.363684 0.045168 -0.617470 -0.798379 0.245570 -0.248396 -0.869799 0.429586 1.219622 0.831528 0.158226 -0.673892 -0.301554 0.506087 -1.096822 -0.511349 0.794522 0.150810 0.069801 0.508518 -0.553749 -0.776837 -0.036156 0.959129 -0.327142 -0.311987 -0.387534 0.700401 -0.494279 -0.538720
were 0.278102 0.703722 1.214087 -0.336983 1.282941 -0.392949 0.955069 -1.762095 -0.172308 -0.192024 -0.028449 -0.132306 -1.006453 0.117924 0.515534 0.844040 -0.820218 0.147814 0.812865 -1.052374 0.057256 -0.673736 -0.342437 -0.410426 0.362202 0.127656 -0.978539 1.388436 1.178643 0.422954 0.040200 -0.410167 0.001979 0.236314 0.515090 0.500943 -1.388341 0.042110 -0.717971 0.082124 -2.048172 -0.174667 -0.085388 -0.177056 1.513274 1.105037 0.611856 -0.415123 -1.227963 -0.800452
west -0.029984 0.044225 0.473654 -0.241835 0.246792 -0.216271 0.323199 -0.183549 -0.282063 -0.128395 0.096543 0.227070 -0.183763 -0.364498 0.436026 0.254544 -0.065910 0.331205 0.427127 0.186572 -0.097093 -0.102684 -0.340942 -0.105133 0.049956 -0.221254 0.096352 -0.014434 0.021867 0.313591 -0.099042 -0.191270 -0.156129 -0.136418 0.405485 -0.122193 0.413587 0.204513 -0.097600 -0.208896 -0.248262 -0.337045 -0.005495 -0.070573 -0.065216 -0.032656 0.115395 0.158304 -0.137229 -0.152556
westing -0.499303 -0.113136 0.730478 -0.201637 0.070576 -0.160203 -0.161324 0.045346 -0.272396 -0.188943 0.222420 -0.120266 0.095402 -0.284467 0.049748 -0.019944 -0.046659 0.028244 0.047230 -0.255979 0.176946 -0.004485 0.007857 -0.269161 0.276821 -0.293229 -0.035488 0.191838 -0.510348 0.260197 0.200217 -0.008718 0.273707 0.048119 -0.177841 -0.405179 0.224873 0.355613 -0.628436 -0.049762 0.414687 -0.394148 -0.272173 -0.048170 -0.008997 -0.511723 0.190872 0.074202 0.328543 -0.613470
wet -0.117897 0.009862 0.359828 0.097472 0.197892 0.022237 0.231632 -0.187971 -0.203261 -0.000021 0.360418 0.040702 -0.108044 -0.172576 0.178784 0.184102 -0.156393 0.169109 0.001590 -0.114515 0.005067 -0.108024 0.031223 -0.212754 0.195189 -0.245906 0.069758 -0.059802 0.115315 0.197879 0.050693 -0.009664 -0.199505 -0.148779 -0.182924 -0.101376 0.080096 0.171441 -0.418257 0.068209 -0.052182 -0.185357 -0.342899 -0.118319 0.010659 -0.114888 0.006169 0.220649 0.021256 -0.149458
what -1.009966 -0.113953 0.486229 0.734628 0.422813 -0.004494 -0.324936 0.312350 -0.682131 -1.078882 0.112489 0.018459 -0.557256 -0.230755 0.072152 -0.271886 -0.418370 0.367845 -0.414266 -0.207768 -0.312644 -1.147936 0.311915 -0.145521 0.455168 -0.353869 0.712969 -0.192292 -0.925947 0.739420 -0.292400 -0.015630 -0.656087 -0.529291 0.341124 -0.549839 0.665719 -0.268560 -1.270558 0.516768 1.327800 -0.353811 -0.600863 -0.704389 -0.189878 -0.384060 -0.219160 0.052947 0.318305 -0.267448
whatever -0.192427 0.138393 0.349589 0.116638 0.124151 -0.062281 -0.038728 -0.148818 -0.462837 0.072788 0.056913 -0.124095 -0.026999 -0.133268 0.324828 0.166573 -0.096952 0.034096 0.004646 0.081708 0.119086 -0.147286 0.004904 0.004823 0.208763 -0.133681 -0.045973 0.049490 -0.197461 0.221770 -0.128897 -0.195649 0.005984 -0.069077 0.006407 -0.194189 0.302014 0.104060 -0.210880 -0.102088 0.038425 -0.320263 -0.183707 -0.286910 0.070574 -0.092091 -0.055610 0.182199 0.085508 -0.082570
wheel -0.225152 0.063592 0.393392 -0.136455 0.121794 -0.185752 0.039469 -0.014755 -0.314360 0.014990 0.146981 0.141624 -0.282884 -0.186871 0.352924 0.132903 -0.197148 0.128841 0.302245 0.118854 -0.009133 -0.077257 -0.118203 -0.127574 0.184180 -0.048335 0.079800 0.131231 0.144327 0.229230 -0.179115 0.105774 -0.130196 -0.159665 0.104499 -0.223299 0.212611 0.326702 -0.228016 -0.086452 -0.147573 -0.268051 -0.060795 -0.236817 -0.022335 -0.126408 -0.065235 0.215929 -0.084053 -0.020708
when -0.366342 -0.953024 0.671232 -0.113879 0.935104 -0.731563 0.082589 0.078188 -0.434946 -0.346754 -0.150482 0.465586 0.278758 -0.155177 0.429434 -0.419871 -0.626262 -0.002957 -0.351708 -0.174403 0.375432 -0.484561 0.560336 -0.246933 0.110835 0.023665 -0.412571 -0.341538 -0.080527 0.317092 -0.312252 -0.120193 0.030972 0.214593 -0.525078 0.231999 0.392515 0.258589 -0.909848 -0.138852 0.456521 -0.869772 -0.412686 -0.623520 0.064620 -0.359427 -0.313529 -0.255722 -0.209151 -0.063890
whenever -0.221621 0.156014 0.248298 0.115148 0.107931 -0.074277 0.190200 -0.131087 -0.314537 -0.108412 0.232892 -0.071226 0.043783 -0.163244 0.198665 -0.009223 -0.075998 -0.013247 -0.117161 -0.040246 -0.014670 -0.160359 -0.064311 0.005334 0.080476 -0.131682 -0.097303 0.113268 -0.313897 0.242227 -0.086574 -0.213193 0.157184 -0.030749 0.039621 -0.148703 0.126322 -0.049905 -0.450255 -0.125369 0.071844 -0.315503 -0.117595 -0.061020 0.077878 -0.043473 -0.111934 0.074864 0.005399 -0.085260
where -0.137663 -0.159002 0.677091 -0.148809 0.653442 -0.417663 0.433887 0.000814 -0.665867 -0.783632 0.120241 0.025942 0.516405 -0.385128 0.566514 0.202394 0.291420 0.519721 0.033700 -0.057765 0.382510 -0.176992 0.047514 -0.072336 0.200778 -0.525104 0.075866 -0.701535 -0.726811 0.544259 -0.371042 -0.578549 0.013986 0.265128 0.388810 -0.250875 0.802431 0.173567 -0.203047 0.097462 0.762705 -0.590069 -0.261761 0.060503 -0.211592 -0.561959 0.309352 -0.043353 0.046153 -0.340018
whether -0.341720 0.131437 0.286146 0.080299 -0.111553 0.045767 -0.297689 -0.180701 -0.195989 0.011916 -0.192381 -0.048687 -0.073852 -0.063215 -0.103736 0.079574 -0.098550 0.131158 0.211860 0.128355 0.258209 -0.187619 0.139264 0.309470 0.328364 -0.181671 0.101344 -0.079216 -0.110069 0.089236 -0.219507 0.111850 -0.034664 -0.357826 0.154610 -0.184523 0.210378 0.114155 -0.057866 -0.022369 0.152927 0.020656 -0.013929 -0.316303 -0.051801 0.000738 0.124122 0.003060 0.060647 -0.187153
which -0.095108 -0.329371 0.676142 0.461001 0.821371 0.227622 0.906441 0.096021 -0.404820 -0.945023 0.647516 0.190861 -0.100765 -0.428432 0.271340 0.010086 0.579387 0.441153 0.353056 0.018220 0.483582 -0.443144 -0.020026 -0.127236 0.489842 -0.806218 0.418543 -0.648325 -0.219319 0.766279 0.157992 -0.389248 0.073779 0.098809 0.081941 -0.620525 0.655815 -0.044246 -0.824806 -0.155329 0.371750 -0.585426 -0.270732 0.419593 -0.221223 -0.318944 0.078080 -0.025978 0.288861 -0.598966
while -0.090539 -0.355763 1.071874 -0.967461 0.370733 -1.092336 0.397426 -0.107434 -0.372795 -0.434230 0.775169 0.280235 0.433544 -0.473874 0.541991 0.114317 -0.173343 0.306852 0.308998 -0.601793 0.148613 0.138601 -0.229936 -0.618794 0.220367 -0.229440 -0.263737 -0.116170 -0.128043 0.213369 -0.244751 0.288641 0.284808 0.531251 -0.316820 0.198880 -0.095124 0.550307 -0.733923 0.035296 -0.008572 -0.595822 -0.215874 0.175787 0.034693 -0.852500 0.085498 -0.060760 -0.353509 -0.484556
whip -0.180684 -0.147052 0.446174 -0.413609 0.107740 -0.291302 -0.040785 0.138646 -0.086909 0.023006 0.254790 0.237853 -0.286922 -0.170480 0.279880 0.219507 -0.215489 0.198846 0.305144 0.037119 -0.266699 0.103380 -0.187899 -0.363577 0.073835 0.011094 0.173783 0.181464 0.098710 0.169324 0.033280 0.177441 -0.099038 -0.043161 -0.067895 -0.261797 0.074176 0.529758 -0.143699 -0.008448 -0.227976 -0.209195 -0.200551 -0.160386 -0.048189 -0.314758 0.054817 0.222892 -0.096904 -0.044600
whiskey -0.137579 0.165034 0.222964 0.146164 0.172034 0.134335 0.261328 -0.176608 -0.211863 0.052124 0.353344 -0.045042 -0.243538 -0.153587 0.272544 0.085895 -0.171901 0.145614 0.066395 -0.001842 -0.084853 -0.143113 -0.052158 -0.152314 0.148010 -0.145985 0.080495 0.140552 0.120970 0.285030 0.018236 -0.158105 -0.247375 -0.184032 -0.005240 -0.251818 0.228153 0.105730 -0.288252 0.004090 -0.125679 -0.179209 -0.205636 -0.057164 -0.031881 0.004160 -0.083318 0.266754 -0.022305 -0.043642
whistle -0.097055 0.010395 0.283145 0.073573 0.185214 0.025528 0.095632 -0.127052 -0.224815 -0.071799 0.153423 -0.091433 -0.232582 -0.082535 0.247254 0.191806 0.014943 0.226318 0.127925 0.083905 -0.003589 -0.376654 -0.037456 -0.055856 0.190824 -0.169088 0.169278 0.055115 0.018664 0.230045 -0.016317 0.008796 -0.204831 -0.141928 0.007334 -0.137405 0.196127 0.059332 -0.223623 -0.021899 -0.075263 -0.178697 -0.192078 -0.137922 -0.009792 -0.088594 -0.054675 0.189575 -0.028802 -0.091915
white -0.135931 -0.097219 0.628050 0.094537 0.459248 -0.073237 0.108375 -0.002275 -0.245098 -0.307454 0.219757 0.079665 -0.082558 -0.226580 0.115558 0.315018 0.029744 0.462440 0.109395 0.146785 0.057726 -0.286226 0.057253 0.100090 0.282591 -0.300791 0.201176 -0.278992 -0.270466 0.300578 -0.167212 -0.161950 0.049154 -0.068565 0.054634 -0.191661 0.164902 0.306647 -0.464818 -0.160408 0.063189 -0.344393 -0.561698 -0.221196 -0.010907 -0.236437 0.207866 0.010460 -0.011229 -0.256946
who -0.283476 0.055725 0.597743 0.216993 0.200734 0.124609 -0.731901 0.230991 -0.821135 -0.630945 -0.393813 0.288467 -0.171053 0.042701 0.067105 0.421810 0.276633 0.052389 0.363738 0.502274 0.357701 -0.679430 0.497422 0.491194 0.703310 -0.018317 0.215455 -0.420380 -0.433519 0.225900 -0.370927 0.337669 -0.350652 -0.135868 0.189538 -0.022025 -0.180761 0.541846 -0.484082 0.007319 0.394306 0.146524 -0.254541 -0.859076 -0.171915 0.019174 0.104615 -0.069746 0.287654 0.027448
whole -0.267804 -0.271642 0.669084 -0.209992 -0.070782 -0.231929 -0.234053 -0.052644 -0.191911 0.106891 0.008145 0.345409 -0.210531 -0.282854 0.036961 0.497539 0.139209 0.354947 0.235588 0.457384 -0.126121 -0.420300 -0.076068 -0.086013 0.268315 -0.535158 0.580959 -0.341908 -0.122643 0.093975 -0.000990 0.477295 -0.449239 -0.481736 -0.093542 0.103413 0.105158 0.644927 -0.337304 -0.183515 -0.178035 0.122136 -0.129383 -0.667290 0.124258 -0.409378 0.138805 0.132609 -0.089373 -0.289674
whom -0.165588 0.015777 0.307018 0.298266 0.409512 0.037108 0.637772 -0.226783 -0.350779 -0.022920 0.333271 -0.055678 0.007195 -0.154745 0.444577 0.004037 -0.179478 -0.059784 -0.194418 0.045673 0.080872 -0.123289 -0.075626 -0.140177 0.042452 -0.190771 -0.184163 0.084034 0.069496 0.491661 -0.072909 -0.379621 0.077743 0.144961 -0.137913 -0.500831 0.237377 -0.233850 -0.602379 -0.180616 0.090702 -0.381862 -0.226855 0.208075 -0.108478 -0.053339 -0.246735 0.062684 -0.030775 -0.228154
whose -0.244864 -0.044751 0.156481 0.033487 0.006463 -0.032210 -0.044797 0.032823 -0.069080 0.052046 0.030723 0.118618 0.090991 -0.258227 0.068055 0.235378 -0.130963 0.003750 0.016092 -0.001529 0.185184 -0.190399 -0.141416 -0.134500 0.065165 -0.220147 0.059245 -0.059254 0.148077 0.123933 -0.173981 0.034150 0.056501 -0.032974 -0.235406 -0.070532 -0.034771 0.104484 -0.201748 0.101799 -0.158358 -0.125672 -0.182466 -0.087703 0.030560 -0.131247 -0.012655 0.186716 0.060120 -0.114790
why -0.863291 0.284848 0.502013 0.292293 0.212987 -0.205109 -0.252847 -0.246372 -0.655899 -0.085624 -0.497324 -0.294093 0.189983 -0.122841 0.104493 -0.084243 -0.713900 0.226638 -0.600849 0.055698 -0.172444 -0.397693 0.166440 0.137800 0.188688 0.036882 -0.127291 0.318806 -0.674416 0.476067 -0.492161 -0.183368 -0.272443 -0.402959 0.112472 -0.777871 0.226278 -0.114100 -1.006911 -0.024917 0.850449 -0.177391 -0.344081 -0.636050 -0.149416 -0.094078 -0.388953 -0.281046 0.005764 -0.496595
wicked -0.299716 0.071355 0.245929 -0.221176 0.070461 -0.329125 0.042016 -0.048565 -0.181981 -0.091842 -0.007332 0.067286 -0.131065 -0.099637 0.175363 0.348554 -0.103239 0.239823 0.136972 0.292233 -0.124373 -0.034272 -0.118365 0.010205 -0.047728 -0.272032 0.111820 -0.036030 -0.120306 0.087324 -0.237993 0.045407 -0.078423 -0.134341 0.166541 -0.201859 0.117643 0.313833 -0.142147 -0.203327 -0.201541 -0.157127 -0.136388 -0.274888 0.180452 -0.096922 0.082418 -0.002067 -0.192196 0.019767
wide -0.266670 -0.148026 0.332941 -0.053108 0.039836 -0.161314 -0.151649 0.149848 -0.153444 0.170366 0.147401 0.376367 0.295751 -0.464760 0.179261 0.308845 -0.290398 -0.088001 0.117452 -0.026911 0.209422 -0.176888 -0.200070 -0.350738 0.183513 -0.241314 0.113328 -0.260144 0.364281 0.143192 -0.272062 0.226596 -0.067025 -0.120531 -0.527978 -0.005956 -0.074878 0.304313 -0.256203 0.241613 -0.203656 -0.163885 -0.149459 -0.188518 0.036360 -0.328778 -0.068825 0.233707 0.113627 -0.170696
wife -0.696957 0.371013 0.274443 0.227974 -0.161520 -0.112602 -0.346649 0.233871 -0.259808 -0.372907 0.385694 0.557967 -0.166884 -0.572549 0.085852 0.096586 -0.652318 0.076484 -0.025054 -0.208738 0.118349 -0.339320 0.238425 -0.315808 0.325238 -0.122916 0.250481 -0.336564 -0.013979 0.195037 -0.472958 0.419438 -0.459149 -0.657738 0.166268 0.251739 -0.025898 0.718131 -0.553764 0.477415 0.279052 -0.083566 -0.276136 -0.702978 0.126699 -0.216709 0.238780 0.153619 0.194311 0.190120
wild -0.390413 0.075164 0.643299 -0.023811 0.127551 -0.072447 0.220613 -0.059736 -0.279637 -0.149250 0.324414 -0.019705 -0.490589 -0.092771 0.134176 0.442079 -0.138557 0.146551 0.266761 0.203601 0.058607 -0.191033 -0.029628 -0.201423 0.292222 -0.451949 0.304781 0.030762 0.151098 0.166643 -0.016757 0.250517 -0.236265 -0.083065 -0.156346 -0.398718 -0.071473 0.393012 -0.485566 -0.085069 -0.147175 -0.068868 -0.526168 -0.152272 0.186147 -0.200535 0.149710 0.242379 -0.094632 -0.333620
will -0.665288 0.220106 0.828113 -0.387723 0.220849 -0.697798 -0.435969 0.056726 -0.833100 0.101529 0.299470 -0.491025 0.294547 0.198890 0.428975 -0.195949 -0.418338 -0.014183 -0.617997 -0.250746 -0.271414 0.306711 0.275959 -0.259665 0.036497 0.110304 -0.456850 0.704381 -1.335511 0.359958 -0.057180 -0.374148 0.465167 0.191296 0.037327 -0.746395 0.148740 0.552902 -1.083969 -0.348119 0.590335 -0.329786 -0.204651 -0.741456 0.381832 -0.728614 0.056775 -0.360413 0.244626 -0.512799
wind -0.310226 -0.022676 0.646637 -0.172044 -0.002293 -0.029099 -0.139322 -0.064498 -0.408282 0.363980 0.273578 -0.001635 -0.538266 -0.494222 0.150088 0.384878 -0.152207 0.716901 0.298961 0.073757 -0.302032 -0.017053 -0.243759 -0.337766 0.524318 -0.283484 0.378336 0.096585 0.131841 0.321364 0.048299 -0.017836 -0.786740 -0.389356 -0.068599 -0.480621 0.646899 0.754349 -0.329589 -0.118228 -0.041494 -0.380604 -0.320467 -0.392537 -0.398928 -0.529496 -0.311960 0.590476 -0.088567 -0.378217
winter -0.236560 0.024762 0.441766 -0.192514 0.220088 -0.202191 0.059022 -0.190059 -0.280810 0.104073 0.013645 0.157923 -0.237094 -0.151369 0.336722 0.184598 -0.292383 0.143403 0.075273 0.142489 -0.263286 -0.075871 -0.087829 -0.198322 0.083004 -0.043832 0.011680 0.228264 0.029002 0.254554 -0.045428 -0.009719 -0.263462 -0.187068 -0.029610 -0.215036 0.105720 0.371605 -0.291157 -0.116714 -0.155600 -0.146627 -0.158952 -0.377553 0.056029 -0.055247 -0.056608 0.139044 -0.122016 -0.093353
wise -0.212411 0.026963 0.483054 0.063373 0.108632 -0.006832 -0.129427 -0.146924 -0.245216 -0.044202 -0.100904 -0.255239 -0.032224 0.030545 0.051293 0.197036 -0.085631 0.106409 0.053138 0.138959 0.196858 -0.223825 0.175812 0.131964 0.282799 -0.062671 0.023954 0.037545 -0.188685 0.116892 -0.042369 0.053921 -0.087259 -0.133669 -0.026873 -0.245805 0.109625 0.098686 -0.245118 -0.089100 0.248876 0.000957 -0.296780 -0.270705 -0.006972 -0.122193 0.101148 -0.038785 0.046704 -0.261787
wish -0.346955 0.232423 0.203596 0.122017 0.240804 -0.196051 0.385572 -0.190330 -0.435089 0.023332 0.053922 -0.139716 -0.073692 -0.070110 0.423306 -0.142496 -0.329054 0.008382 -0.170411 0.162787 -0.015572 -0.077803 -0.030217 0.020539 -0.009847 -0.023327 -0.222619 0.186913 -0.122243 0.419877 -0.316935 -0.211676 -0.021371 -0.033347 0.170859 -0.414265 0.281633 -0.187512 -0.452384 -0.253512 0.164597 -0.322338 0.050674 -0.126815 0.000897 0.054397 -0.252970 -0.112967 -0.027445 -0.068208
witchcraft -0.124777 0.056334 0.434505 0.168070 0.105106 0.031257 0.144222 -0.412643 -0.342909 0.106368 0.260550 -0.404802 -0.050561 0.070354 0.206765 0.145630 -0.285209 0.040402 -0.014160 -0.249238 0.180172 0.040195 0.066676 -0.108055 0.121727 -0.260891 -0.170215 0.312472 0.105931 0.190470 0.072346 -0.284624 -0.046663 -0.036142 -0.162108 -0.550800 0.275692 -0.105959 -0.467971 0.017768 0.020025 -0.173559 -0.291980 0.060909 0.117557 -0.047703 -0.110089 0.166099 0.040924 -0.527657
with -0.084615 -0.148028 0.770907 -0.281373 -0.826473 -0.920142 -0.568736 -0.494272 -0.070299 0.670463 0.371537 0.396103 0.357011 -1.484983 0.891390 0.179851 -0.919829 -0.214622 -0.178671 0.294789 0.027446 0.134882 -0.630827 -0.286698 -0.299406 -0.776524 -0.220790 0.363701 -0.589450 -0.233155 -0.956005 0.253419 0.767255 -0.461398 0.176628 1.162285 0.215687 -0.014752 -0.098549 -1.022969 -0.571633 -1.022210 -0.110945 -0.862042 0.724015 -0.476141 0.222330 0.217311 0.308634 -0.505571
within -0.243735 0.225722 0.280801 0.119965 -0.133422 -0.207875 0.029440 -0.116137 -0.470482 -0.009255 0.354203 0.150854 0.019884 -0.272461 0.118983 0.224695 -0.046181 0.028695 0.043898 0.094949 0.104745 -0.031912 0.144354 -0.006271 0.264239 -0.470136 0.084675 -0.431302 -0.336262 -0.158136 -0.125967 0.187368 -0.018625 -0.278177 0.138045 0.415084 0.009928 0.256411 -0.297681 -0.123716 0.031432 -0.200004 -0.121216 -0.526529 0.335746 -0.191468 0.255825 0.014826 0.238974 -0.060064
without -0.561748 0.062900 0.438751 -0.265998 -0.046374 -0.359745 0.101256 -0.074843 -0.376581 0.169411 0.151427 0.280634 0.208263 -0.185463 0.370957 0.605569 -0.225995 -0.270815 0.077877 0.490987 0.065583 0.066832 -0.196405 -0.172576 -0.048246 -0.550099 -0.251806 -0.140018 0.044851 -0.033059 -0.240692 0.221508 0.272796 0.017039 -0.408137 -0.144399 -0.137674 0.607612 0.096135 -0.150879 -0.248018 -0.079687 -0.150381 -0.426077 0.432494 -0.213848 0.414356 -0.080156 0.109867 -0.254918
woke 0.034927 0.012441 0.208893 0.085439 0.242920 0.049646 0.470249 -0.366061 -0.267054 0.031709 0.308603 -0.224602 0.194867 -0.094522 0.302448 0.044960 -0.087891 -0.065443 0.020105 -0.263623 0.129454 -0.003039 -0.048606 -0.218040 0.056106 -0.246823 -0.163644 0.059612 0.097780 0.261747 0.125945 -0.399904 -0.035430 0.160439 -0.206391 -0.136875 0.239086 -0.241021 -0.341734 0.055015 0.012354 -0.273326 -0.153577 0.358594 -0.052854 -0.087892 -0.061936 0.180168 -0.020506 -0.293011
wolf -0.344828 -0.056611 0.283564 0.377255 0.176043 0.176841 -0.174326 -0.035912 -0.306327 -0.460568 0.230606 0.303246 -0.133439 -0.365818 0.055122 0.062977 -0.117662 0.211341 0.296292 -0.375656 0.306383 -0.341533 0.280262 0.075512 0.419552 -0.128344 0.242587 -0.366335 0.158199 0.285182 -0.045219 0.118023 -0.453129 -0.498784 0.173682 0.118832 0.219042 0.126521 -0.696118 0.435313 0.320194 -0.267251 -0.137567 -0.159292 -0.285299 0.053524 -0.059902 0.287139 0.221819 -0.128642
woman -0.865133 -0.125084 0.398953 -0.069270 0.020939 -0.176402 -0.277577 0.057729 -0.137484 0.043342 0.104337 0.403354 -0.539901 -0.202520 0.117712 0.579582 -0.410511 0.008920 0.265527 0.333015 -0.304608 -0.286570 -0.277122 -0.173179 -0.027280 -0.295292 0.231095 0.231057 0.304872 0.388575 -0.184325 0.246688 -0.177976 -0.464179 -0.307370 -0.598951 -0.044060 0.787038 -0.431455 -0.000772 -0.578778 -0.169861 -0.307849 -0.451539 0.298158 -0.029174 -0.171657 0.322892 -0.174938 0.013155
women -0.229560 0.215859 1.067876 -0.062286 0.504646 -0.088817 -0.063215 -0.018035 -0.375754 -0.130908 0.603774 0.394784 -0.500044 -0.577648 0.723329 0.183207 -0.620323 0.330670 0.010632 -0.139969 -0.217869 -0.254749 0.131122 -0.543323 0.559245 0.185289 0.102249 0.444341 -0.214900 0.580147 -0.122672 -0.031791 -0.147558 -0.102787 0.084698 -0.141000 0.016908 1.027521 -0.541532 0.096828 -0.035256 -0.454388 -0.935894 -0.798272 -0.064411 -0.334111 0.324413 0.496323 0.129607 -0.118393
won -0.455428 0.271801 0.421476 0.031894 0.177125 -0.113947 -0.082869 -0.078169 -0.321191 -0.081859 -0.113956 0.001198 0.102786 -0.273054 0.309571 -0.084519 -0.355404 0.062032 -0.296765 0.084088 -0.067741 -0.265227 -0.069337 0.007693 0.004580 0.238171 -0.155506 0.335014 -0.400263 0.491597 -0.176812 -0.243420 -0.086048 -0.176026 0.304263 -0.362394 0.258140 -0.014630 -0.526172 -0.073206 0.417748 -0.175029 -0.065878 -0.318858 -0.180988 -0.058605 -0.126939 -0.040413 0.081372 -0.219179
wonder -0.417498 -0.055756 0.473646 0.089212 0.092790 -0.114596 0.167866 -0.087016 -0.232166 -0.139326 0.303096 0.080211 -0.300431 -0.091390 0.240625 0.097183 -0.274755 -0.026903 0.127812 0.033829 0.103823 -0.213301 0.081320 -0.211604 0.216267 -0.219575 0.105025 0.080761 0.181929 0.232755 -0.017521 0.304812 -0.156765 -0.207364 -0.149476 -0.275436 0.107431 0.256761 -0.564940 0.039044 0.082714 -0.126141 -0.188669 -0.194507 0.098124 -0.212124 -0.011623 0.073503 0.017988 -0.241509
wondered -0.329645 0.011214 0.246775 -0.115610 0.193219 -0.298887 0.125975 -0.085575 -0.231281 -0.061623 0.131213 -0.112947 -0.077598 0.014289 0.316096 0.019509 -0.513186 0.003493 -0.016870 -0.054837 -0.193490 0.017331 -0.040516 -0.157001 -0.103960 0.025798 -0.200884 0.395480 0.058702 0.203182 -0.165411 -0.039610 -0.012697 -0.027469 -0.083630 -0.460441 0.135967 -0.023106 -0.455257 -0.028296 -0.029942 -0.278670 -0.124463 -0.061991 0.103791 -0.037222 -0.255203 -0.007767 -0.094905 -0.076158
wonderful -0.143294 0.023754 0.373555 -0.001030 0.077265 -0.005128 0.097068 -0.098325 -0.167595 -0.052390 0.117879 -0.038852 -0.170156 -0.095080 0.110936 0.306214 -0.024564 0.156313 0.169820 0.175303 0.026554 -0.157499 -0.003564 -0.039232 0.185599 -0.218557 0.152484 -0.033558 -0.002629 0.113003 -0.025657 0.117910 -0.105818 -0.108778 -0.031243 -0.145100 0.044142 0.206534 -0.151065 -0.054041 -0.080147 -0.066134 -0.284265 -0.146874 0.041589 -0.108546 0.105544 0.135871 -0.013475 -0.116108
woolly 0.003181 0.005173 0.594472 -0.289293 0.251490 -0.131809 0.086648 -0.134339 -0.284876 -0.048865 0.128765 0.172428 -0.227874 -0.308596 0.389508 0.408333 -0.026377 0.373852 0.395685 0.138462 -0.005791 -0.174781 -0.189262 -0.116654 0.194691 -0.168592 0.167063 0.023108 0.058725 0.214897 -0.026472 -0.000838 -0.196506 -0.087291 0.136732 -0.046665 0.182305 0.355561 -0.168356 -0.073126 -0.300845 -0.255441 -0.275419 -0.271736 -0.113899 -0.158500 0.157663 0.298026 -0.044215 -0.107196
word -0.299661 0.088218 0.400339 -0.116294 -0.025998 -0.306161 0.002097 -0.152427 -0.317671 -0.041978 0.084624 0.025913 -0.171295 -0.013708 0.167065 0.197124 -0.110780 0.086546 0.123367 0.164839 -0.060621 -0.062748 -0.002878 0.091569 0.077049 -0.130768 -0.035139 0.013305 -0.221981 0.020231 -0.145989 0.178974 -0.001708 -0.210863 0.175475 -0.058103 0.100067 0.279049 -0.206979 -0.200521 -0.024499 -0.142298 -0.023001 -0.332432 0.200650 -0.095591 0.080168 -0.083129 -0.139490 -0.023860
words -0.320625 -0.138258 0.620025 -0.170463 0.250041 -0.183741 -0.119893 -0.004049 -0.317562 -0.417203 -0.040083 0.207027 -0.270260 -0.282494 0.347777 0.166474 -0.420502 0.359322 0.395328 -0.195066 0.143980 -0.359856 0.148945 -0.356252 0.275647 -0.049149 0.240807 0.081536 0.112037 0.273905 0.013098 0.168469 -0.375479 -0.328117 0.206503 -0.167009 0.322243 0.284539 -0.641642 0.320088 0.176056 -0.207454 -0.145819 -0.393821 -0.146726 -0.253781 0.213889 0.156847 0.133005 -0.282899
work -0.588421 0.904643 0.770530 0.303477 0.077084 0.348398 0.694277 -0.298215 -0.393308 -0.162623 0.227317 0.071220 -0.553038 -0.940938 0.696719 0.259594 -0.365459 0.222675 -0.766492 0.781882 -0.722546 -0.302512 -0.452319 -0.519335 -0.040342 -0.459070 0.107012 1.067944 -0.797439 0.965826 0.119885 -0.344906 0.123621 -0.379507 0.598428 -1.125718 0.319517 0.616942 -0.505760 -0.632160 0.453807 -0.342010 -0.778019 -0.602621 -0.084024 0.106631 0.123392 0.619561 0.508412 -0.410011
worked -0.297297 -0.263138 0.636830 -0.153346 0.317162 -0.099483 0.237865 -0.138873 -0.196509 0.035832 0.255934 0.245339 -0.297156 -0.198676 0.416929 0.253813 -0.190465 0.113298 0.142363 0.080099 -0.171986 -0.044436 -0.265195 -0.392892 -0.038224 -0.261285 0.081109 0.254426 0.249586 0.503605 0.108343 -0.060887 -0.157532 -0.119278 -0.183340 -0.627199 0.285701 0.449528 -0.459098 -0.088133 -0.174956 -0.221078 -0.272860 -0.048787 -0.041443 -0.203158 -0.124734 0.273502 -0.059895 -0.389191
works -0.058006 0.157254 1.038734 0.312795 0.554104 0.539531 0.467305 -0.588119 -0.304414 -0.029714 0.302253 0.047688 -0.251782 -0.452802 0.480020 0.142481 0.019730 0.101873 -0.397779 0.108451 -0.152111 -0.459104 -0.112117 -0.284554 0.252216 -0.273529 0.117899 0.520774 -0.458280 0.959623 0.322723 -0.631074 0.059707 0.138138 -0.350437 -0.728182 -0.053916 0.574093 -0.492859 -0.185801 0.006552 0.044076 -0.733963 -0.102691 -0.011293 0.007028 0.198738 0.488215 0.290789 -0.708595
world -0.011570 0.131262 0.932352 -0.056130 0.119864 -0.262073 0.221596 -0.282000 -0.225477 -0.369090 0.164807 -0.304060 -0.717376 -0.136539 0.452271 0.347934 -0.236947 0.608542 0.226651 0.369972 -0.190786 -0.350310 -0.192936 -0.116447 0.075670 -0.060643 0.586012 0.494316 -0.191823 0.585562 -0.109270 -0.046506 -0.488593 -0.265950 0.729249 -0.824520 0.415718 0.267487 -0.502940 -0.295214 -0.218567 -0.001927 -0.361852 -0.241133 0.191980 -0.072024 -0.160778 0.238033 -0.365785 -0.296971
worst -0.080161 -0.112905 0.460256 0.003988 0.085065 -0.006747 -0.096703 0.021853 -0.079455 -0.038973 0.206827 0.119662 -0.160532 -0.236555 0.113038 0.171134 -0.011341 0.345511 0.155995 0.113956 0.047483 -0.235178 0.070701 -0.079930 0.298261 -0.127121 0.369746 -0.173823 -0.043652 0.219911 -0.028781 0.169782 -0.255212 -0.276517 0.063524 -0.076460 0.211268 0.349526 -0.194313 -0.003652 0.028311 -0.075528 -0.278133 -0.277313 -0.127273 -0.268911 0.065299 0.223139 0.030165 -0.093535
worth -0.350660 0.304747 0.548436 0.437105 -0.005829 -0.069966 -0.058629 -0.160482 -0.338886 -0.267515 0.150765 -0.276207 0.077985 -0.172704 0.053509 0.063502 -0.315738 0.078336 -0.483277 0.127674 0.149006 -0.526958 0.181894 0.062433 0.285013 -0.080997 0.069919 0.101568 -0.620017 0.314549 -0.421499 -0.015959 -0.049878 -0.175604 0.057535 -0.293752 -0.098330 0.149460 -0.697292 -0.023718 0.210304 0.065473 -0.401889 -0.438789 0.313621 -0.243533 -0.113505 -0.115503 -0.081760 -0.246679
would -0.611113 0.099151 0.751993 -0.818687 0.210917 -0.764786 -0.756875 -0.414894 -1.047054 0.164662 -0.151441 -0.863872 0.278728 0.601311 -0.125067 0.279131 -0.381455 -0.029694 -0.124851 -0.897550 -0.249473 0.896929 0.337571 -0.194682 -0.143728 -0.323023 -0.677815 0.852444 -1.038724 -0.294613 0.799601 -0.662452 -0.004919 -0.129059 0.019571 -0.547631 0.254123 0.240800 -1.378298 -0.269579 0.421874 -0.322505 0.001424 -0.570700 0.835596 -0.445595 0.381721 -0.368594 0.327761 -1.225131
wouldn -0.399061 -0.045880 0.337955 0.221017 0.190994 0.008578 -0.020082 -0.043169 -0.251373 -0.094614 -0.041545 -0.005772 0.299868 -0.132304 0.102619 -0.090985 -0.202585 -0.157661 -0.334356 0.127847 0.137094 -0.182662 0.179525 0.025589 0.076373 -0.115436 -0.193151 0.048707 -0.335071 0.328646 -0.132456 -0.130782 0.060631 -0.071365 -0.186084 -0.373647 0.173880 0.052549 -0.540947 -0.066514 0.457022 -0.090410 -0.128207 -0.200626 -0.049376 -0.167735 -0.122839 -0.160434 0.232330 -0.383249
wrapped -0.227114 0.001113 0.381172 0.054279 0.180873 0.043409 0.019576 -0.053526 -0.214863 0.142925 0.210418 0.034792 -0.050532 -0.160965 0.244589 0.316176 -0.196325 -0.054149 0.100515 -0.039787 0.139541 -0.115113 -0.031118 -0.254315 0.191126 -0.203762 0.058468 0.039159 0.256872 0.236187 -0.050752 -0.072295 -0.140754 -0.053318 -0.360005 -0.230690 0.023784 0.272086 -0.261782 0.097898 -0.161519 -0.169973 -0.335251 -0.086664 0.058891 -0.152669 0.014714 0.294614 0.065761 -0.227211
wrote -0.250668 -0.002892 0.300779 -0.207951 0.133762 -0.323519 0.118354 -0.109658 -0.389861 -0.051599 0.059470 -0.085487 0.120255 -0.098070 0.380818 0.039812 -0.253823 -0.019160 0.066252 -0.080156 0.051875 0.033571 -0.154217 -0.143458 -0.049988 -0.073172 -0.183470 0.269627 -0.043537 0.247942 -0.100558 -0.209883 0.065008 0.066007 -0.021006 -0.398101 0.309338 -0.067984 -0.421408 -0.099222 0.037080 -0.357875 0.025444 0.037379 -0.010889 -0.146122 -0.228449 0.045205 -0.046302 -0.224717
www 0.086609 0.014034 0.361896 0.056130 0.317518 0.188730 0.547527 -0.395849 -0.297516 -0.128826 -0.080470 0.141121 0.244150 -0.423128 0.255323 0.186140 0.185748 0.008762 -0.089409 0.385716 0.067888 -0.197381 -0.026051 0.017731 0.059826 -0.611430 -0.178417 -0.302249 -0.235793 0.160127 -0.108092 -0.222180 -0.006605 0.200011 -0.283359 0.142187 0.011105 0.313266 0.013081 -0.272646 0.111466 -0.197680 -0.383679 0.062403 -0.114617 0.058148 0.221360 0.172852 0.215919 -0.392591
yard -0.251449 0.191898 0.293849 0.084684 0.067580 0.078026 0.336592 -0.092090 -0.157988 -0.035675 0.291954 -0.052518 -0.312561 -0.247691 0.143559 0.257348 -0.027537 0.213140 0.112933 0.147441 0.021636 -0.220652 -0.193619 -0.128032 0.193848 -0.244014 0.246488 0.039568 0.101526 0.306185 -0.037363 0.055732 -0.130487 -0.100398 -0.038889 -0.323395 0.051072 0.079773 -0.275669 -0.062698 -0.105367 -0.174775 -0.388527 0.063533 -0.097498 -0.114839 -0.036570 0.341739 -0.096039 -0.057050
yards -0.313643 0.336185 0.515049 -0.041470 0.143670 -0.105826 0.317437 -0.117715 -0.549903 0.036547 0.354431 0.163214 -0.120007 -0.393918 0.415202 0.234704 -0.088958 -0.075451 0.264740 0.079338 0.249285 -0.129263 -0.180150 -0.183456 0.445029 -0.264008 -0.015571 -0.081818 0.046924 0.313536 -0.252835 0.045856 -0.005505 0.037817 -0.142862 -0.052418 -0.032677 0.354674 -0.373595 -0.104394 -0.150319 -0.369407 -0.213080 -0.136784 -0.009987 -0.167047 0.041055 0.306523 -0.007382 -0.117491
ye -0.348867 0.261615 0.221503 0.158042 0.051185 0.134371 -0.159843 -0.245563 -0.506814 -0.144387 -0.351531 -0.404231 0.051433 0.132941 0.182115 0.211861 -0.262201 -0.125799 -0.061384 0.179696 0.105378 -0.258438 0.229937 0.264941 0.172172 -0.058335 -0.229481 0.254980 -0.436225 0.060712 -0.072137 -0.267215 -0.010777 -0.033131 0.062470 -0.323413 0.182265 -0.127967 -0.221594 -0.044242 0.276266 -0.077275 -0.314983 -0.385077 -0.001547 0.112442 0.017356 0.007975 0.138256 -0.066561
year -0.417762 0.315060 0.529072 -0.082011 0.322269 -0.145157 0.445586 -0.126829 -0.604680 -0.390618 0.379635 0.106813 -0.496277 -0.265561 0.472369 0.102241 -0.176214 0.283266 0.282091 0.256712 -0.235897 -0.366129 -0.183673 -0.173016 0.398721 -0.177203 0.225394 0.219431 -0.323271 0.546506 -0.239213 0.076680 0.004239 -0.172835 0.235454 -0.490202 0.132277 0.397380 -0.493509 -0.131754 -0.251970 -0.398043 -0.239543 -0.330609 0.033764 -0.079199 -0.095224 0.290359 -0.052686 0.155526
years 0.271503 -0.104591 0.690950 0.291883 0.558802 0.262921 0.929186 -0.172874 -0.199664 -0.690634 0.533927 0.113266 -0.334225 -0.410333 0.238016 -0.215548 -0.040801 0.403762 0.024515 -0.298392 0.166175 -0.428538 0.080375 -0.650275 0.260819 -0.581556 0.508019 -0.038090 0.010326 0.332429 0.523377 0.034051 -0.253409 -0.002978 0.221833 -0.094365 0.154191 -0.137594 -1.250029 0.115347 0.290722 -0.123089 -0.430345 0.121773 -0.095759 -0.296215 0.362157 0.137005 0.311228 -0.757815
yellow -0.099311 -0.276338 0.444076 0.285602 -0.260579 -0.194271 -0.057544 -0.198931 -0.004660 0.652484 0.535313 0.096308 -0.042394 -0.105251 0.077476 0.273932 0.032981 0.237017 0.176093 -0.022555 0.193453 0.355866 -0.008948 -0.018870 0.363187 -0.482795 0.366466 -0.333551 0.489602 0.237129 -0.181741 0.045188 -0.356598 -0.744693 -0.199846 -0.373849 0.480044 0.390052 -0.566228 -0.205204 -0.355928 -0.390437 -0.140331 0.093081 0.147473 -0.179511 -0.647742 0.430887 -0.450182 -0.232254
yer -0.034632 0.129367 0.197535 0.086324 0.085952 0.143029 0.033122 -0.274945 -0.257557 0.185235 -0.052089 -0.336123 0.093384 0.027299 0.103506 0.169677 0.013234 -0.036317 0.001430 -0.082790 0.229758 -0.139990 0.018051 0.057623 0.205146 -0.044646 -0.188838 0.141209 -0.026758 0.072473 0.032345 -0.147565 0.057051 0.072451 -0.221865 -0.107538 0.000245 -0.144595 -0.081357 -0.033058 0.008483 -0.106289 -0.282727 0.025183 -0.036724 0.024221 -0.016959 0.141761 0.053708 -0.143202
yes -0.529273 0.287705 0.286933 0.302997 0.141892 0.119485 -0.158401 -0.358441 -0.711645 -0.071965 -0.176710 -0.326497 0.001448 0.138256 0.316368 0.225549 -0.125022 -0.208307 -0.059737 0.090263 0.149417 -0.514326 0.164715 0.334237 0.328347 0.002288 -0.199130 0.094260 -0.440791 0.334545 -0.136931 -0.270863 -0.031417 -0.121571 -0.138907 -0.239718 0.135474 -0.088888 -0.236131 0.084274 0.150721 -0.179237 -0.253676 -0.398211 0.103193 0.160356 -0.112720 0.095107 0.068881 0.117234
yet -0.260194 0.395497 0.548695 0.306416 0.187071 0.033240 -0.036123 0.045312 -0.371046 -0.471511 0.210742 0.045390 0.079665 -0.547210 0.288971 0.017850 -0.212180 0.162229 -0.009870 -0.158028 0.529564 -0.435372 0.021742 -0.158042 0.366083 -0.078859 0.101209 0.043995 -0.202616 0.595675 -0.302653 -0.261589 0.028112 -0.045903 0.453002 -0.305943 0.291190 -0.087878 -0.645869 0.126024 0.328911 -0.356466 -0.162454 -0.196314 -0.050208 -0.109151 0.053364 0.163884 0.341264 -0.298124
yi -1.192025 0.835046 0.278101 0.376644 -0.057923 0.231969 -1.214541 -0.459078 -1.297583 0.397947 -0.976036 -0.647090 0.813808 -0.220551 0.583820 1.010371 -0.437155 -0.673491 0.572717 -0.663346 1.016485 -1.351273 0.194428 0.238893 1.001949 0.262040 -1.030899 0.288014 0.380801 -0.100062 -0.809639 0.100741 -0.367001 -0.769352 -0.840765 0.754157 0.075371 -0.748201 -0.787130 0.714589 0.195520 -0.910180 -0.686993 -0.744753 -0.537127 0.311603 -0.347195 0.821317 -0.186915 0.241311
yo -0.240877 0.268047 0.060216 0.690063 -0.054881 0.617487 -0.069672 -0.235632 -0.281578 0.134766 -0.005562 -0.219682 -0.094988 -0.016689 -0.048158 0.084238 0.012161 -0.235118 -0.293150 0.173796 0.205109 -0.496587 0.261080 0.307648 0.431212 -0.023591 0.036138 -0.003132 -0.310999 0.160963 0.088028 -0.120949 0.027844 -0.189427 -0.354586 -0.066123 -0.097318 -0.156406 -0.189224 -0.022278 0.162951 0.082720 -0.569661 -0.302937 -0.099456 0.162038 -0.093198 0.316587 0.243689 0.153223
you -1.236830 0.920884 -0.454864 0.110852 -0.317406 1.235767 -0.799503 0.013849 -0.539774 -1.240352 -0.647525 -0.901798 -1.239961 -0.104283 0.179697 0.720445 -0.978405 -0.534213 -0.713150 0.928986 -0.154045 -0.808305 0.908386 0.642261 0.225448 -0.584581 -0.705651 1.671798 -1.100657 0.186467 -0.507254 -1.683660 -0.959299 0.499182 -0.204592 -1.368858 0.584294 1.062096 -0.152365 -0.488302 0.397824 -0.198288 -2.023979 -1.446726 -0.627760 0.318299 -0.294767 1.731794 0.170428 0.529094
young -0.276278 -0.121921 0.502029 0.145034 0.289761 -0.003038 0.035082 0.003098 -0.169792 -0.160682 0.248987 0.387821 -0.020562 -0.376711 0.162656 0.264510 -0.245869 -0.044110 -0.076187 0.059166 0.175650 -0.306923 -0.025415 -0.231348 0.205472 -0.338096 0.002867 -0.061804 0.102821 0.257698 -0.264678 0.064446 0.057554 -0.034512 -0.346632 -0.125446 -0.114424 0.517710 -0.505469 0.083965 -0.178409 -0.139801 -0.392462 -0.349443 0.185457 -0.164522 0.074781 0.141578 0.107779 -0.327246
your -0.765981 0.018275 0.779098 0.726719 0.052582 0.650277 0.012390 -0.163938 0.090441 0.434022 -0.359420 -0.662723 0.165494 -0.398651 -0.013646 0.282748 -0.417344 -0.225114 -0.718380 0.174422 0.567518 -0.877011 -0.244481 0.223148 0.302337 0.341627 -0.027228 0.255118 -0.285650 0.829995 -0.383283 -0.308852 0.383330 0.290854 -0.746644 -0.911745 -0.437893 -0.270590 -0.344124 0.128197 0.278010 0.158320 -1.405488 0.402120 -0.654248 -0.233468 -0.217525 0.435678 -0.215011 -0.396693
yukon -0.172033 0.139612 0.685922 -0.229117 0.230747 -0.206033 0.186451 -0.341184 -0.381831 0.208029 0.325419 0.050332 -0.347138 -0.257002 0.656343 0.247039 -0.377263 0.190226 0.346708 -0.030727 -0.142982 0.073646 -0.276891 -0.246412 0.137457 -0.029939 -0.015563 0.408455 0.116557 0.508551 -0.041808 -0.337995 -0.259565 -0.182121 0.154697 -0.449026 0.488045 0.486864 -0.247011 -0.105839 -0.338673 -0.395285 -0.226562 -0.114083 0.019379 -0.079118 -0.073200 0.394191 -0.228355 -0.192328
